{"task_id": "TaskEvaluateGradientBoostingClassifier_True_0_2_100000_61af10d939", "test_split_percentage": 0.2, "oversampling_enabled": false, "ratio_after_oversampling": 0.5, "undersampling_enabled": false, "ratio_after_undersampling": 0.5, "train_dir": "final_dataset", "test_dir": "final_test", "problem_type": "RETURN_NULL", "window_size": 20, "step_size": 3, "encode_type": true, "max_vocab_size": 100000, "n_estimators": 200, "learning_rate": 0.2, "subsample": 0.7, "test_recall": 0.7276295133437991, "test_precision": 0.9676409185803758, "test_roc": 0.9994838983513508, "test_f1": 0.8306451612903226, "train_recall": 0.7695346372482899, "train_precision": 0.9628691983122363, "train_roc": 0.9997387720072362, "train_f1": 0.855413944521795, "cm": [[477363, 31], [347, 927]], "cm_normalized": [[0.9972736844744166, 6.47630507993014e-05], [0.0007249283428179866, 0.0019366241319662063]]}