{"task_id": "TaskEvaluateRandomForest_None_True_sqrt_7cd721ced6", "test_split_percentage": 0.2, "oversampling_enabled": false, "ratio_after_oversampling": 0.5, "undersampling_enabled": false, "ratio_after_undersampling": 0.5, "train_dir": "final_dataset", "test_dir": "final_test", "problem_type": "RETURN_NULL", "window_size": 20, "step_size": 3, "encode_type": true, "max_vocab_size": 100000, "n_trees_in_forest": 100, "max_features": "sqrt", "class_weight": null, "test_recall": 0.6263736263736264, "test_precision": 0.9987484355444305, "test_roc": 0.9980199801264042, "test_f1": 0.7698986975397974, "train_recall": 0.9998073032084016, "train_precision": 1.0, "train_roc": 0.9999999999512402, "train_f1": 0.9999036423202929, "cm": [[477393, 1], [476, 798]], "cm_normalized": [[0.9973363583945448, 2.0891306709452063e-06], [0.0009944261993699182, 0.0016671262754142746]]}