{"task_id": "TaskEvaluateRandomForest_None_True_sqrt_5401f09fef", "test_split_percentage": 0.2, "oversampling_enabled": false, "ratio_after_oversampling": 0.5, "undersampling_enabled": true, "ratio_after_undersampling": 0.1, "train_dir": "final_dataset", "test_dir": "final_test", "problem_type": "RETURN_NULL", "window_size": 20, "step_size": 3, "encode_type": true, "max_vocab_size": 100000, "n_trees_in_forest": 100, "max_features": "sqrt", "class_weight": null, "test_recall": 0.902668759811617, "test_precision": 0.5528846153846154, "test_roc": 0.9983217624566879, "test_f1": 0.6857483601669648, "train_recall": 1.0, "train_precision": 1.0, "train_roc": 1.0, "train_f1": 1.0, "cm": [[476464, 930], [124, 1150]], "cm_normalized": [[0.9953955560012367, 0.0019428915239790418], [0.0002590522031972056, 0.0024025002715869874]]}