{"task_id": "TaskEvaluateRandomForest_None_True_sqrt_cdb3ef058c", "test_split_percentage": 0.2, "oversampling_enabled": false, "ratio_after_oversampling": 0.5, "undersampling_enabled": true, "ratio_after_undersampling": 0.5, "train_dir": "final_dataset", "test_dir": "final_test", "problem_type": "RETURN_NULL", "window_size": 20, "step_size": 3, "encode_type": true, "max_vocab_size": 100000, "n_trees_in_forest": 100, "max_features": "sqrt", "class_weight": null, "test_recall": 0.956828885400314, "test_precision": 0.14933235330148228, "test_roc": 0.9967806344267476, "test_f1": 0.25834481297022355, "train_recall": 1.0, "train_precision": 1.0, "train_roc": 1.0, "train_f1": 1.0, "cm": [[470450, 6944], [55, 1219]], "cm_normalized": [[0.9828315241461723, 0.014506923379043512], [0.00011490218690198635, 0.0025466502878822065]]}