{"task_id": "TaskEvaluateGradientBoostingClassifier_True_0_2_100000_d54351223e", "test_split_percentage": 0.2, "oversampling_enabled": true, "ratio_after_oversampling": 0.5, "undersampling_enabled": false, "ratio_after_undersampling": 0.5, "train_dir": "final_dataset", "test_dir": "final_test", "problem_type": "RETURN_NULL", "window_size": 20, "step_size": 3, "encode_type": true, "max_vocab_size": 100000, "n_estimators": 200, "learning_rate": 0.2, "subsample": 1.0, "test_recall": 0.9882260596546311, "test_precision": 0.32109155827595004, "test_roc": 0.9995707530107089, "test_f1": 0.48469682386910495, "train_recall": 0.9983716434376866, "train_precision": 0.9889013161139849, "train_roc": 0.999782801032563, "train_f1": 0.9936139144057423, "cm": [[474732, 2662], [15, 1259]], "cm_normalized": [[0.9917771816791596, 0.005561265846056139], [3.133696006417809e-05, 0.002630215514720015]]}