{"task_id": "TaskEvaluateRandomForest_balanced_True_sqrt_f4147ba4bf", "test_split_percentage": 0.2, "oversampling_enabled": false, "ratio_after_oversampling": 0.5, "undersampling_enabled": false, "ratio_after_undersampling": 0.5, "train_dir": "final_dataset", "test_dir": "final_test", "problem_type": "RETURN_NULL", "window_size": 20, "step_size": 3, "encode_type": true, "max_vocab_size": 100000, "n_trees_in_forest": 100, "max_features": "sqrt", "class_weight": "balanced", "test_recall": 0.6012558869701727, "test_precision": 0.9986962190352021, "test_roc": 0.9968216316345805, "test_f1": 0.7506124448799609, "train_recall": 1.0, "train_precision": 0.9997110383355808, "train_roc": 0.9999999820661444, "train_f1": 0.999855498290063, "cm": [[477393, 1], [508, 766]], "cm_normalized": [[0.9973363583945448, 2.0891306709452063e-06], [0.0010612783808401649, 0.001600274093944028]]}