{"task_id": "TaskEvaluateRandomForest_False_second_large_dat_sqrt_d631d31f52", "input_src_path": "second_large_dataset", "max_vocab_size": 100000, "problem_type": "CONDITION_COMPARISON_SIMPLE", "window_size": 20, "step_size": 3, "encode_type": false, "test_split_percentage": 0.25, "oversampling_enabled": false, "ratio_after_oversampling": 0.5, "undersampling_enabled": true, "ratio_after_undersampling": 0.5, "n_trees_in_forest": 100, "max_features": "sqrt", "recall": 0.9672821331278721, "precision": 0.6901344851281045, "roc": 0.9980751481231054, "f1": 0.8055364590494524, "cm": [[1311734, 15783], [1189, 35152]], "cm_normalized": [[0.988110886715575, 0.011889113284424983], [0.0327178668721279, 0.9672821331278721]]}