{"task_id": "TaskEvaluateSVM_True_second_large_dat_100000_371321a1a0", "input_src_path": "second_large_dataset", "max_vocab_size": 100000, "problem_type": "RETURN_NULL", "window_size": 20, "step_size": 3, "encode_type": true, "test_split_percentage": 0.25, "oversampling_enabled": false, "ratio_after_oversampling": 0.5, "undersampling_enabled": true, "ratio_after_undersampling": 0.5, "svm_kernel": "rbf", "svm_predict_probability": true, "svm_class_weight": "balanced", "recall": 0.4890165596485299, "precision": 0.002988675254718988, "roc": 0.6164939516934498, "f1": 0.005941041221875514, "cm": [[878185, 482714], [1512, 1447]], "cm_normalized": [[0.645297703944231, 0.35470229605576903], [0.5109834403514701, 0.4890165596485299]]}