{"task_id": "TaskEvaluateGradientBoostingClassifier_True_second_large_dat_0_1_5df98c086b", "input_src_path": "second_large_dataset", "max_vocab_size": 100000, "problem_type": "CONDITION_COMPARISON_SIMPLE", "window_size": 20, "step_size": 3, "encode_type": true, "test_split_percentage": 0.25, "oversampling_enabled": true, "ratio_after_oversampling": 0.5, "undersampling_enabled": false, "ratio_after_undersampling": 0.5, "n_estimators": 300, "learning_rate": 0.1, "subsample": 1.0, "recall": 0.9740788640928978, "precision": 0.4880601130566662, "roc": 0.9932202048391098, "f1": 0.6502925480614672, "cm": [[1290386, 37131], [942, 35399]], "cm_normalized": [[0.9720297367190025, 0.027970263280997533], [0.025921135907102173, 0.9740788640928978]]}