{"task_id": "TaskEvaluateGradientBoostingClassifier_True_second_large_dat_0_2_13145d3c59", "input_src_path": "second_large_dataset", "max_vocab_size": 1000, "problem_type": "RETURN_NULL", "window_size": 20, "step_size": 3, "encode_type": true, "test_split_percentage": 0.25, "oversampling_enabled": false, "ratio_after_oversampling": 0.5, "undersampling_enabled": true, "ratio_after_undersampling": 0.5, "n_estimators": 100, "learning_rate": 0.2, "subsample": 1.0, "recall": 0.9918891517404529, "precision": 0.14061227422986633, "roc": 0.9989290599843559, "f1": 0.2463074857334676, "cm": [[1342961, 17938], [24, 2935]], "cm_normalized": [[0.9868190071416028, 0.01318099285839728], [0.008110848259547145, 0.9918891517404529]]}