{"task_id": "TaskEvaluateLstm_256_0_2_0_2_362ef35d62", "input_src_path": "second_large_dataset", "max_vocab_size": 100000, "problem_type": "CONDITION_COMPARISON", "window_size": 20, "step_size": 3, "encode_type": false, "test_split_percentage": 0.25, "oversampling_enabled": false, "ratio_after_oversampling": 0.5, "undersampling_enabled": true, "ratio_after_undersampling": 0.5, "embedding_vecor_length": 32, "epochs": 3, "batch_size": 256, "num_lstm_cells": 100, "dropout_emb_lstm": 0.2, "dropout_lstm_dense": 0.2, "recall": 0.9981705749837468, "precision": 0.9462248466433526, "roc": 0.9999167835710807, "f1": 0.9715038296557356, "cm": [[1293965, 3752], [121, 66020]], "cm_normalized": [[0.9971087687068907, 0.0028912312931093603], [0.0018294250162531561, 0.9981705749837468]]}