{"task_id": "TaskEvaluateRandomForest_False_second_large_dat_sqrt_bdebd7c1f5", "input_src_path": "second_large_dataset", "max_vocab_size": 100000, "problem_type": "RETURN_NULL", "window_size": 20, "step_size": 3, "encode_type": false, "test_split_percentage": 0.25, "oversampling_enabled": true, "ratio_after_oversampling": 0.5, "undersampling_enabled": false, "ratio_after_undersampling": 0.5, "n_trees_in_forest": 100, "max_features": "sqrt", "recall": 0.7042919905373437, "precision": 0.9966523194643712, "roc": 0.9992788671438773, "f1": 0.8253465346534655, "cm": [[1360892, 7], [875, 2084]], "cm_normalized": [[0.9999948563412862, 5.143658713835487e-06], [0.2957080094626563, 0.7042919905373437]]}