{"task_id": "TaskEvaluateGradientBoostingClassifier_True_second_large_dat_0_2_93465482a3", "input_src_path": "second_large_dataset", "max_vocab_size": 100000, "problem_type": "CONDITION_COMPARISON_SIMPLE", "window_size": 20, "step_size": 3, "encode_type": true, "test_split_percentage": 0.25, "oversampling_enabled": true, "ratio_after_oversampling": 0.5, "undersampling_enabled": false, "ratio_after_undersampling": 0.5, "n_estimators": 300, "learning_rate": 0.2, "subsample": 1.0, "recall": 0.9887730111994717, "precision": 0.6245632941094676, "roc": 0.9969578913174051, "f1": 0.7655580885016087, "cm": [[1305917, 21600], [408, 35933]], "cm_normalized": [[0.9837290219258963, 0.01627097807410376], [0.01122698880052833, 0.9887730111994717]]}