{"task_id": "TaskEvaluateGradientBoostingClassifier_True_second_large_dat_0_2_26396a63b0", "input_src_path": "second_large_dataset", "max_vocab_size": 100000, "problem_type": "RETURN_NULL", "window_size": 20, "step_size": 3, "encode_type": true, "test_split_percentage": 0.25, "oversampling_enabled": true, "ratio_after_oversampling": 0.5, "undersampling_enabled": false, "ratio_after_undersampling": 0.5, "n_estimators": 400, "learning_rate": 0.2, "subsample": 1.0, "recall": 0.9979722879351132, "precision": 0.5315931593159315, "roc": 0.9999518336702653, "f1": 0.6936809960065773, "cm": [[1358297, 2602], [6, 2953]], "cm_normalized": [[0.9980880285752286, 0.0019119714247714196], [0.002027712064886786, 0.9979722879351132]]}