{"task_id": "TaskEvaluateRandomForest_True_second_large_dat_sqrt_3c95be386e", "input_src_path": "second_large_dataset", "max_vocab_size": 1000, "problem_type": "RETURN_NULL", "window_size": 20, "step_size": 3, "encode_type": true, "test_split_percentage": 0.25, "oversampling_enabled": false, "ratio_after_oversampling": 0.5, "undersampling_enabled": true, "ratio_after_undersampling": 0.1, "n_trees_in_forest": 100, "max_features": "sqrt", "recall": 0.9101047651233525, "precision": 0.4555912705126036, "roc": 0.9988298689227416, "f1": 0.6072153325817362, "cm": [[1357681, 3218], [266, 2693]], "cm_normalized": [[0.9976353866084111, 0.0023646133915889425], [0.08989523487664752, 0.9101047651233525]]}