{"task_id": "TaskEvaluateGradientBoostingClassifier_True_second_large_dat_0_2_c92eb3463e", "input_src_path": "second_large_dataset", "max_vocab_size": 100000, "problem_type": "RETURN_NULL", "window_size": 20, "step_size": 3, "encode_type": true, "test_split_percentage": 0.25, "oversampling_enabled": true, "ratio_after_oversampling": 0.5, "undersampling_enabled": false, "ratio_after_undersampling": 0.5, "n_estimators": 300, "learning_rate": 0.2, "subsample": 1.0, "recall": 0.9976343359242987, "precision": 0.40460526315789475, "roc": 0.9999016366221831, "f1": 0.5757191613846904, "cm": [[1356555, 4344], [7, 2952]], "cm_normalized": [[0.9968079923638712, 0.003192007636128765], [0.0023656640757012504, 0.9976343359242987]]}