{"task_id": "TaskEvaluateRandomForest_True_second_large_dat_sqrt_94121c901f", "input_src_path": "second_large_dataset", "max_vocab_size": 100000, "problem_type": "CONDITION_COMPARISON", "window_size": 20, "step_size": 3, "encode_type": true, "test_split_percentage": 0.25, "oversampling_enabled": false, "ratio_after_oversampling": 0.5, "undersampling_enabled": true, "ratio_after_undersampling": 0.5, "n_trees_in_forest": 100, "max_features": "sqrt", "recall": 0.9594805037722441, "precision": 0.7801942463732481, "roc": 0.9974234754020331, "f1": 0.860598992412582, "cm": [[1279838, 17879], [2680, 63461]], "cm_normalized": [[0.9862227280678298, 0.01377727193217011], [0.04051949622775586, 0.9594805037722441]]}