{"task_id": "TaskEvaluateRandomForest_False_second_large_dat_sqrt_9e5f32afb0", "input_src_path": "second_large_dataset", "max_vocab_size": 100000, "problem_type": "CONDITION_COMPARISON", "window_size": 20, "step_size": 3, "encode_type": false, "test_split_percentage": 0.25, "oversampling_enabled": true, "ratio_after_oversampling": 0.5, "undersampling_enabled": false, "ratio_after_undersampling": 0.5, "n_trees_in_forest": 100, "max_features": "sqrt", "recall": 0.8874979211079361, "precision": 0.974888726499701, "roc": 0.998598397137627, "f1": 0.9291429566373574, "cm": [[1296205, 1512], [7441, 58700]], "cm_normalized": [[0.9988348769415828, 0.001165123058417205], [0.11250207889206393, 0.8874979211079361]]}