{"task_id": "TaskEvaluateLstm_256_0_2_0_2_f1ffaee6ac", "input_src_path": "second_large_dataset", "max_vocab_size": 100000, "problem_type": "RETURN_NULL", "window_size": 20, "step_size": 3, "encode_type": false, "test_split_percentage": 0.25, "oversampling_enabled": false, "ratio_after_oversampling": 0.5, "undersampling_enabled": false, "ratio_after_undersampling": 0.5, "embedding_vecor_length": 32, "epochs": 2, "batch_size": 256, "num_lstm_cells": 10, "dropout_emb_lstm": 0.2, "dropout_lstm_dense": 0.2, "recall": 0.9962825278810409, "precision": 0.9758358159549818, "roc": 0.9999991035288004, "f1": 0.9859531772575251, "cm": [[1360826, 73], [11, 2948]], "cm_normalized": [[0.9999463589876986, 5.364101230142722e-05], [0.0037174721189591076, 0.9962825278810409]]}