{"task_id": "TaskEvaluateGradientBoostingClassifier_True_second_large_dat_0_1_0f5aaafece", "input_src_path": "second_large_dataset", "max_vocab_size": 100000, "problem_type": "RETURN_NULL", "window_size": 20, "step_size": 3, "encode_type": true, "test_split_percentage": 0.25, "oversampling_enabled": false, "ratio_after_oversampling": 0.5, "undersampling_enabled": true, "ratio_after_undersampling": 0.5, "n_estimators": 10000, "learning_rate": 0.1, "subsample": 1.0, "recall": 0.999324095978371, "precision": 0.6230509903076275, "roc": 0.9999610448497585, "f1": 0.7675535366645035, "cm": [[1359110, 1789], [2, 2957]], "cm_normalized": [[0.9986854277944212, 0.0013145722055788122], [0.0006759040216289286, 0.999324095978371]]}