{"task_id": "TaskEvaluateRandomForest_False_second_large_dat_sqrt_16add1480b", "input_src_path": "second_large_dataset", "max_vocab_size": 100000, "problem_type": "CONDITION_COMPARISON", "window_size": 20, "step_size": 3, "encode_type": false, "test_split_percentage": 0.25, "oversampling_enabled": true, "ratio_after_oversampling": 1.0, "undersampling_enabled": false, "ratio_after_undersampling": 0.5, "n_trees_in_forest": 100, "max_features": "sqrt", "recall": 0.8823422687894045, "precision": 0.9747457032620134, "roc": 0.9984879162290499, "f1": 0.9262451195124274, "cm": [[1296205, 1512], [7782, 58359]], "cm_normalized": [[0.9988348769415828, 0.001165123058417205], [0.11765773121059554, 0.8823422687894045]]}