{"task_id": "TaskEvaluateLstm_256_0_2_0_2_bde8bd6e01", "input_src_path": "second_large_dataset", "max_vocab_size": 100000, "problem_type": "CONDITION_COMPARISON", "window_size": 20, "step_size": 3, "encode_type": false, "test_split_percentage": 0.25, "oversampling_enabled": false, "ratio_after_oversampling": 0.5, "undersampling_enabled": false, "ratio_after_undersampling": 0.5, "embedding_vecor_length": 32, "epochs": 2, "batch_size": 256, "num_lstm_cells": 10, "dropout_emb_lstm": 0.2, "dropout_lstm_dense": 0.2, "recall": 0.9890083306874707, "precision": 0.973292267404663, "roc": 0.9999110505894474, "f1": 0.98108736407949, "cm": [[1295922, 1795], [727, 65414]], "cm_normalized": [[0.9986168016601462, 0.0013831983398537586], [0.010991669312529293, 0.9890083306874707]]}