{"task_id": "TaskEvaluateLstm_64_0_2_0_2_aee4eaf776", "input_src_path": "second_large_dataset", "max_vocab_size": 100000, "problem_type": "CONDITION_COMPARISON_SIMPLE", "window_size": 20, "step_size": 3, "encode_type": false, "test_split_percentage": 0.25, "oversampling_enabled": false, "ratio_after_oversampling": 0.5, "undersampling_enabled": true, "ratio_after_undersampling": 0.5, "embedding_vecor_length": 32, "epochs": 3, "batch_size": 64, "num_lstm_cells": 10, "dropout_emb_lstm": 0.2, "dropout_lstm_dense": 0.2, "recall": 0.9986516606587601, "precision": 0.9345178318527102, "roc": 0.9998458002618974, "f1": 0.9655209109290199, "cm": [[1324974, 2543], [49, 36292]], "cm_normalized": [[0.9980843936461831, 0.001915606353816938], [0.0013483393412399218, 0.9986516606587601]]}