{"task_id": "TaskEvaluateGradientBoostingClassifier_True_second_large_dat_0_2_2206b708a5", "input_src_path": "second_large_dataset", "max_vocab_size": 100000, "problem_type": "RETURN_NULL", "window_size": 20, "step_size": 3, "encode_type": true, "test_split_percentage": 0.25, "oversampling_enabled": false, "ratio_after_oversampling": 0.5, "undersampling_enabled": true, "ratio_after_undersampling": 0.5, "n_estimators": 100, "learning_rate": 0.2, "subsample": 1.0, "recall": 0.9915511997296383, "precision": 0.13962784942654546, "roc": 0.9989639121026319, "f1": 0.2447855831803771, "cm": [[1342820, 18079], [25, 2934]], "cm_normalized": [[0.9867153991589384, 0.013284600841061681], [0.00844880027036161, 0.9915511997296383]]}