{"task_id": "TaskEvaluateGradientBoostingClassifier_True_second_large_dat_0_1_1a4f501f6b", "input_src_path": "second_large_dataset", "max_vocab_size": 100000, "problem_type": "CONDITION_COMPARISON", "window_size": 20, "step_size": 3, "encode_type": true, "test_split_percentage": 0.25, "oversampling_enabled": false, "ratio_after_oversampling": 0.5, "undersampling_enabled": true, "ratio_after_undersampling": 0.5, "n_estimators": 100, "learning_rate": 0.1, "subsample": 1.0, "recall": 0.8695362936756323, "precision": 0.4715605808414165, "roc": 0.9743000297730914, "f1": 0.6114980170333116, "cm": [[1233268, 64449], [8629, 57512]], "cm_normalized": [[0.9503366296349667, 0.04966337036503336], [0.13046370632436763, 0.8695362936756323]]}