{"task_id": "TaskEvaluateRandomForest_True_second_large_dat_sqrt_ee75721c70", "input_src_path": "second_large_dataset", "max_vocab_size": 100000, "problem_type": "CONDITION_COMPARISON", "window_size": 20, "step_size": 3, "encode_type": true, "test_split_percentage": 0.2, "train_dev_split_percentage": 0.1, "oversampling_enabled": true, "ratio_after_oversampling": 0.5, "undersampling_enabled": false, "ratio_after_undersampling": 0.5, "n_trees_in_forest": 100, "max_features": "sqrt", "recall": 0.898953323903819, "precision": 0.9760027846598006, "roc": 0.9986765929069158, "f1": 0.9358949187151497, "train_recall": 1.0, "train_precision": 0.9999653062685515, "train_roc": 0.9999999957957862, "train_f1": 0.9999826528333569, "train_dev_recall": 0.9016517082736255, "train_dev_precision": 0.9743276283618582, "train_dev_roc": 0.9985504241054528, "train_dev_f1": 0.9365819264366015, "cm": [[1036890, 1172], [5358, 47667]], "cm_normalized": [[0.9988709730247326, 0.0011290269752673731], [0.10104667609618105, 0.898953323903819]]}