{"task_id": "TaskEvaluateRandomForest_True_second_large_dat_sqrt_d91e6b1057", "input_src_path": "second_large_dataset", "max_vocab_size": 100000, "problem_type": "CONDITION_COMPARISON_SIMPLE", "window_size": 20, "step_size": 3, "encode_type": true, "test_split_percentage": 0.2, "train_dev_split_percentage": 0.1, "oversampling_enabled": true, "ratio_after_oversampling": 0.5, "undersampling_enabled": false, "ratio_after_undersampling": 0.5, "n_trees_in_forest": 100, "max_features": "sqrt", "recall": 0.8992003294779833, "precision": 0.9792196142921213, "roc": 0.9991948348332972, "f1": 0.9375055910400228, "train_recall": 1.0, "train_precision": 0.9999800875501982, "train_roc": 0.9999999988417172, "train_f1": 0.9999900436759718, "train_dev_recall": 0.9024103874576973, "train_dev_precision": 0.9761673515128876, "train_dev_roc": 0.9989920711850209, "train_dev_f1": 0.9378409417169108, "cm": [[1061394, 556], [2937, 26200]], "cm_normalized": [[0.9994764348603983, 0.0005235651396016762], [0.10079967052201667, 0.8992003294779833]]}