{"task_id": "TaskEvaluateRandomForest_False_second_large_dat_sqrt_f3121955d5", "input_src_path": "second_large_dataset", "max_vocab_size": 100000, "problem_type": "CONDITION_COMPARISON_SIMPLE", "window_size": 20, "step_size": 3, "encode_type": false, "test_split_percentage": 0.2, "train_dev_split_percentage": 0.1, "oversampling_enabled": true, "ratio_after_oversampling": 1.0, "undersampling_enabled": false, "ratio_after_undersampling": 0.5, "n_trees_in_forest": 100, "max_features": "sqrt", "recall": 0.8788481998833099, "precision": 0.9728733710725277, "roc": 0.9989931769408402, "f1": 0.9234736196761514, "train_recall": 1.0, "train_precision": 0.9999900436759717, "train_roc": 0.9999999988645989, "train_f1": 0.9999950218132037, "train_dev_recall": 0.8821051177567512, "train_dev_precision": 0.9727341964965728, "train_dev_roc": 0.9987818492379461, "train_dev_f1": 0.9252055489152089, "cm": [[1061236, 714], [3530, 25607]], "cm_normalized": [[0.9993276519610151, 0.0006723480389848863], [0.12115180011669012, 0.8788481998833099]]}