{"task_id": "TaskEvaluateGradientBoostingClassifier_True_second_large_dat_0_01_8fe1f9673e", "input_src_path": "second_large_dataset", "max_vocab_size": 1000, "problem_type": "RETURN_NULL", "window_size": 20, "step_size": 3, "encode_type": true, "test_split_percentage": 0.2, "train_dev_split_percentage": 0.1, "oversampling_enabled": false, "ratio_after_oversampling": 0.5, "undersampling_enabled": true, "ratio_after_undersampling": 0.5, "n_estimators": 1000, "learning_rate": 0.01, "subsample": 1.0, "recall": 0.972568578553616, "precision": 0.08976522940003069, "roc": 0.9964907148163, "f1": 0.1643604691999719, "train_recall": 0.9715686274509804, "train_precision": 0.9647116086639085, "train_roc": 0.9970609561226452, "train_f1": 0.9681279765539137, "train_dev_recall": 0.9641921397379912, "train_dev_precision": 0.08560794044665013, "train_dev_roc": 0.9964766826851618, "train_dev_f1": 0.15725375685492485, "cm": [[1064953, 23728], [66, 2340]], "cm_normalized": [[0.9782048184913671, 0.021795181508632924], [0.02743142144638404, 0.972568578553616]]}