{"task_id": "TaskEvaluateLstm_256_0_2_0_2_13c1cfa9fc", "input_src_path": "second_large_dataset", "max_vocab_size": 1000, "problem_type": "RETURN_NULL", "window_size": 20, "step_size": 3, "encode_type": false, "test_split_percentage": 0.2, "train_dev_split_percentage": 0.1, "oversampling_enabled": false, "ratio_after_oversampling": 0.5, "undersampling_enabled": true, "ratio_after_undersampling": 0.5, "embedding_vecor_length": 32, "epochs": 3, "batch_size": 256, "num_lstm_cells": 100, "dropout_emb_lstm": 0.2, "dropout_lstm_dense": 0.2, "recall": 1.0, "precision": 0.714795008912656, "roc": 0.9999227103190478, "f1": 0.8336798336798337, "train_recall": 1.0, "train_precision": 0.9991428921268519, "train_roc": 0.9999292527213091, "train_f1": 0.9995712623262081, "train_dev_recall": 1.0, "train_dev_precision": 0.7033169533169533, "train_dev_roc": 0.9999251438683017, "train_dev_f1": 0.8258204111071041, "cm": [[1087721, 960], [0, 2406]], "cm_normalized": [[0.9991181989949306, 0.0008818010050694373], [0.0, 1.0]]}