{"task_id": "TaskEvaluateRandomForest_True_second_large_dat_sqrt_ed6500bb9a", "input_src_path": "second_large_dataset", "max_vocab_size": 1000, "problem_type": "RETURN_NULL", "window_size": 20, "step_size": 3, "encode_type": true, "test_split_percentage": 0.2, "train_dev_split_percentage": 0.1, "oversampling_enabled": true, "ratio_after_oversampling": 1.0, "undersampling_enabled": false, "ratio_after_undersampling": 0.5, "n_trees_in_forest": 100, "max_features": "sqrt", "recall": 0.7194513715710723, "precision": 0.9914089347079038, "roc": 0.9983430399971911, "f1": 0.8338150289017341, "train_recall": 1.0, "train_precision": 0.999995801248971, "train_roc": 0.9999999983456012, "train_f1": 0.9999979006200782, "train_dev_recall": 0.7502183406113537, "train_dev_precision": 0.9873563218390805, "train_dev_roc": 0.9967404530698234, "train_dev_f1": 0.852605459057072, "cm": [[1088666, 15], [675, 1731]], "cm_normalized": [[0.9999862218592958, 1.3778140704209957e-05], [0.2805486284289277, 0.7194513715710723]]}