{"task_id": "TaskEvaluateSVM_True_second_large_dat_100000_cb1c593375", "input_src_path": "second_large_dataset", "max_vocab_size": 100000, "problem_type": "RETURN_NULL", "window_size": 20, "step_size": 3, "encode_type": true, "test_split_percentage": 0.2, "train_dev_split_percentage": 0.1, "oversampling_enabled": false, "ratio_after_oversampling": 0.5, "undersampling_enabled": true, "ratio_after_undersampling": 0.3, "svm_kernel": "rbf", "svm_predict_probability": true, "svm_class_weight": "balanced", "recall": 0.5170407315045719, "precision": 0.003142152071067195, "roc": 0.6273052594137835, "f1": 0.006246343955632882, "train_recall": 0.5806372549019608, "train_precision": 0.33302874815491673, "train_roc": 0.680950232482699, "train_f1": 0.42328136865144955, "train_dev_recall": 0.5266375545851528, "train_dev_precision": 0.0030554387316128967, "train_dev_roc": 0.6262342390106288, "train_dev_f1": 0.006075627966024847, "cm": [[694018, 394663], [1162, 1244]], "cm_normalized": [[0.6374851770169591, 0.36251482298304094], [0.4829592684954281, 0.5170407315045719]]}