{"task_id": "TaskEvaluateRandomForest_True_second_large_dat_sqrt_af152e77a1", "input_src_path": "second_large_dataset", "max_vocab_size": 100000, "problem_type": "CONDITION_COMPARISON_SIMPLE", "window_size": 20, "step_size": 3, "encode_type": true, "test_split_percentage": 0.2, "train_dev_split_percentage": 0.1, "oversampling_enabled": false, "ratio_after_oversampling": 0.5, "undersampling_enabled": true, "ratio_after_undersampling": 0.1, "n_trees_in_forest": 100, "max_features": "sqrt", "recall": 0.9220921851940831, "precision": 0.9330115293790804, "roc": 0.9988197768840181, "f1": 0.9275197210570831, "train_recall": 0.9999415244573957, "train_precision": 0.9999122892505604, "train_roc": 0.9999994761685891, "train_f1": 0.9999269066402882, "train_dev_recall": 0.925132951170661, "train_dev_precision": 0.9302083333333333, "train_dev_roc": 0.9987722102936141, "train_dev_f1": 0.9276637002666297, "cm": [[1060021, 1929], [2270, 26867]], "cm_normalized": [[0.9981835302980366, 0.0018164697019633692], [0.07790781480591688, 0.9220921851940831]]}