{"task_id": "TaskEvaluateRandomForest_True_second_large_dat_sqrt_8caafbe80a", "input_src_path": "second_large_dataset", "max_vocab_size": 100000, "problem_type": "RETURN_NULL", "window_size": 20, "step_size": 3, "encode_type": true, "test_split_percentage": 0.2, "train_dev_split_percentage": 0.1, "oversampling_enabled": true, "ratio_after_oversampling": 1.0, "undersampling_enabled": false, "ratio_after_undersampling": 0.5, "n_trees_in_forest": 100, "max_features": "sqrt", "recall": 0.6928512053200333, "precision": 0.9958183990442055, "roc": 0.9974772923012806, "f1": 0.817156862745098, "train_recall": 1.0, "train_precision": 0.9999994751541932, "train_roc": 0.9999999999362301, "train_f1": 0.9999997375770278, "train_dev_recall": 0.725764192139738, "train_dev_precision": 0.9916467780429594, "train_dev_roc": 0.9980624678152965, "train_dev_f1": 0.838124054462935, "cm": [[1088674, 7], [739, 1667]], "cm_normalized": [[0.9999935702010047, 6.42979899529798e-06], [0.30714879467996675, 0.6928512053200333]]}