{"task_id": "TaskEvaluateLstm_64_0_2_0_2_f55c33f03d", "input_src_path": "second_large_dataset", "max_vocab_size": 100000, "problem_type": "CONDITION_COMPARISON_SIMPLE", "window_size": 20, "step_size": 3, "encode_type": false, "test_split_percentage": 0.2, "train_dev_split_percentage": 0.1, "oversampling_enabled": false, "ratio_after_oversampling": 0.5, "undersampling_enabled": true, "ratio_after_undersampling": 0.5, "embedding_vecor_length": 32, "epochs": 3, "batch_size": 64, "num_lstm_cells": 10, "dropout_emb_lstm": 0.2, "dropout_lstm_dense": 0.2, "recall": 0.9982496482136115, "precision": 0.9370791584780438, "roc": 0.9998748740756392, "f1": 0.9666976867854293, "train_recall": 0.9992105801748419, "train_precision": 0.9981308047275064, "train_roc": 0.9999766657327122, "train_f1": 0.9986704005844393, "train_dev_recall": 0.9979970992471856, "train_dev_precision": 0.9338244797725217, "train_dev_roc": 0.9998183709282278, "train_dev_f1": 0.9648449237138182, "cm": [[1059997, 1953], [51, 29086]], "cm_normalized": [[0.9981609303639531, 0.0018390696360468949], [0.0017503517863884407, 0.9982496482136115]]}