{"task_id": "TaskEvaluateGradientBoostingClassifier_True_second_large_dat_0_1_06353936db", "input_src_path": "second_large_dataset", "max_vocab_size": 1000, "problem_type": "RETURN_NULL", "window_size": 20, "step_size": 3, "encode_type": true, "test_split_percentage": 0.2, "train_dev_split_percentage": 0.1, "oversampling_enabled": false, "ratio_after_oversampling": 0.5, "undersampling_enabled": true, "ratio_after_undersampling": 0.5, "n_estimators": 100, "learning_rate": 0.1, "subsample": 1.0, "recall": 0.9775561097256857, "precision": 0.08705307572729291, "roc": 0.996357939199807, "f1": 0.1598694942903752, "train_recall": 0.9697303921568627, "train_precision": 0.964411943936624, "train_roc": 0.9971488279748173, "train_f1": 0.9670638557897951, "train_dev_recall": 0.9676855895196507, "train_dev_precision": 0.0830584707646177, "train_dev_roc": 0.9963353479299301, "train_dev_f1": 0.1529858474283742, "cm": [[1064015, 24666], [54, 2352]], "cm_normalized": [[0.9773432254259972, 0.022656774574002853], [0.022443890274314215, 0.9775561097256857]]}