{"task_id": "TaskEvaluateRandomForest_True_second_large_dat_sqrt_5d2ed142d8", "input_src_path": "second_large_dataset", "max_vocab_size": 100000, "problem_type": "CONDITION_COMPARISON_SIMPLE", "window_size": 20, "step_size": 3, "encode_type": true, "test_split_percentage": 0.2, "train_dev_split_percentage": 0.1, "oversampling_enabled": false, "ratio_after_oversampling": 0.5, "undersampling_enabled": true, "ratio_after_undersampling": 0.5, "n_trees_in_forest": 100, "max_features": "sqrt", "recall": 0.9684250265984831, "precision": 0.6869294252257955, "roc": 0.9981656790655105, "f1": 0.8037428433076026, "train_recall": 1.0, "train_precision": 1.0, "train_roc": 1.0, "train_f1": 1.0, "train_dev_recall": 0.9677463913253678, "train_dev_precision": 0.6867280925308763, "train_dev_roc": 0.9980247710344278, "train_dev_f1": 0.8033712696729066, "cm": [[1049090, 12860], [920, 28217]], "cm_normalized": [[0.9878902019869109, 0.012109798013089128], [0.03157497340151697, 0.9684250265984831]]}