{"task_id": "TaskEvaluateLstm_256_0_2_0_2_2c9dc9be0d", "input_src_path": "second_large_dataset", "max_vocab_size": 1000, "problem_type": "RETURN_NULL", "window_size": 20, "step_size": 3, "encode_type": false, "test_split_percentage": 0.2, "train_dev_split_percentage": 0.1, "oversampling_enabled": false, "ratio_after_oversampling": 0.5, "undersampling_enabled": false, "ratio_after_undersampling": 0.5, "embedding_vecor_length": 32, "epochs": 2, "batch_size": 256, "num_lstm_cells": 10, "dropout_emb_lstm": 0.2, "dropout_lstm_dense": 0.2, "recall": 0.9875311720698254, "precision": 0.9904126719466444, "roc": 0.9999992521092369, "f1": 0.9889698231009365, "train_recall": 0.9912990196078432, "train_precision": 0.9904493694134934, "train_roc": 0.9999994595725497, "train_f1": 0.9908740123721443, "train_dev_recall": 0.988646288209607, "train_dev_precision": 0.9947275922671354, "train_dev_roc": 0.9999994818201575, "train_dev_f1": 0.9916776171703898, "cm": [[1088658, 23], [30, 2376]], "cm_normalized": [[0.9999788735175869, 2.1126482413121935e-05], [0.012468827930174564, 0.9875311720698254]]}