{"task_id": "TaskEvaluateRandomForest_False_second_large_dat_sqrt_c1ff493783", "input_src_path": "second_large_dataset", "max_vocab_size": 100000, "problem_type": "CONDITION_COMPARISON", "window_size": 20, "step_size": 3, "encode_type": false, "test_split_percentage": 0.2, "train_dev_split_percentage": 0.1, "oversampling_enabled": true, "ratio_after_oversampling": 0.5, "undersampling_enabled": false, "ratio_after_undersampling": 0.5, "n_trees_in_forest": 100, "max_features": "sqrt", "recall": 0.883092880716643, "precision": 0.9743237619642114, "roc": 0.9985245410678063, "f1": 0.9264678241084235, "train_recall": 1.0, "train_precision": 0.9999658569438991, "train_roc": 0.9999999954506478, "train_f1": 0.9999829281805075, "train_dev_recall": 0.8863413530432159, "train_dev_precision": 0.9724049480782756, "train_dev_roc": 0.9984550669268295, "train_dev_f1": 0.9273806940361814, "cm": [[1036828, 1234], [6199, 46826]], "cm_normalized": [[0.9988112463417407, 0.0011887536582593332], [0.11690711928335691, 0.883092880716643]]}