{"task_id": "TaskEvaluateGradientBoostingClassifier_True_second_large_dat_0_2_dd704c0652", "input_src_path": "second_large_dataset", "max_vocab_size": 100000, "problem_type": "CONDITION_COMPARISON_SIMPLE", "window_size": 20, "step_size": 3, "encode_type": true, "test_split_percentage": 0.2, "train_dev_split_percentage": 0.1, "oversampling_enabled": false, "ratio_after_oversampling": 0.5, "undersampling_enabled": true, "ratio_after_undersampling": 0.5, "n_estimators": 100, "learning_rate": 0.2, "subsample": 1.0, "recall": 0.9588838933315029, "precision": 0.4230938138865753, "roc": 0.9895304882018733, "f1": 0.5871264657672424, "train_recall": 0.9620298810022708, "train_precision": 0.9302617070803215, "train_roc": 0.9897115652453191, "train_f1": 0.9458791287766268, "train_dev_recall": 0.9597347883141101, "train_dev_precision": 0.4231682806504659, "train_dev_roc": 0.989473720526999, "train_dev_f1": 0.5873576093158906, "cm": [[1023854, 38096], [1198, 27939]], "cm_normalized": [[0.9641263712980838, 0.03587362870191629], [0.0411161066684971, 0.9588838933315029]]}