{"task_id": "TaskEvaluateRandomForest_True_second_large_dat_sqrt_bee99e0fc1", "input_src_path": "second_large_dataset", "max_vocab_size": 1000, "problem_type": "RETURN_NULL", "window_size": 20, "step_size": 3, "encode_type": true, "test_split_percentage": 0.2, "train_dev_split_percentage": 0.1, "oversampling_enabled": false, "ratio_after_oversampling": 0.5, "undersampling_enabled": true, "ratio_after_undersampling": 0.1, "n_trees_in_forest": 100, "max_features": "sqrt", "recall": 0.8994181213632585, "precision": 0.4645770717045942, "roc": 0.9987211707418936, "f1": 0.6126840317100792, "train_recall": 1.0, "train_precision": 1.0, "train_roc": 1.0, "train_f1": 1.0, "train_dev_recall": 0.9205240174672489, "train_dev_precision": 0.44341607067732436, "train_dev_roc": 0.9985908756936129, "train_dev_f1": 0.5985235661555933, "cm": [[1086187, 2494], [242, 2164]], "cm_normalized": [[0.9977091544722467, 0.0022908455277533086], [0.10058187863674148, 0.8994181213632585]]}