{"task_id": "TaskEvaluateSVM_True_second_large_dat_100000_9accee24ab", "input_src_path": "second_large_dataset", "max_vocab_size": 100000, "problem_type": "RETURN_NULL", "window_size": 20, "step_size": 3, "encode_type": true, "test_split_percentage": 0.2, "train_dev_split_percentage": 0.1, "oversampling_enabled": false, "ratio_after_oversampling": 0.5, "undersampling_enabled": true, "ratio_after_undersampling": 0.5, "svm_kernel": "rbf", "svm_predict_probability": true, "svm_class_weight": "balanced", "recall": 0.4979218620116376, "precision": 0.0030733630750049384, "roc": 0.6184403109141712, "f1": 0.006109018961925718, "train_recall": 0.557843137254902, "train_precision": 0.4539742694724245, "train_roc": 0.6760353514874087, "train_f1": 0.5005773354593941, "train_dev_recall": 0.5126637554585153, "train_dev_precision": 0.0030181810702973964, "train_dev_roc": 0.6216526171747805, "train_dev_f1": 0.006001032545633917, "cm": [[700078, 388603], [1208, 1198]], "cm_normalized": [[0.6430515458614599, 0.35694845413854015], [0.5020781379883624, 0.4979218620116376]]}