{"task_id": "TaskEvaluateRandomForest_True_second_large_dat_sqrt_f5027ab7c7", "input_src_path": "second_large_dataset", "max_vocab_size": 100000, "problem_type": "RETURN_NULL", "window_size": 20, "step_size": 3, "encode_type": true, "test_split_percentage": 0.2, "train_dev_split_percentage": 0.1, "oversampling_enabled": false, "ratio_after_oversampling": 0.5, "undersampling_enabled": true, "ratio_after_undersampling": 0.5, "n_trees_in_forest": 100, "max_features": "sqrt", "recall": 0.9663341645885287, "precision": 0.12184257415365266, "roc": 0.9976581902407374, "f1": 0.21639985107967236, "train_recall": 1.0, "train_precision": 1.0, "train_roc": 1.0, "train_f1": 1.0, "train_dev_recall": 0.9737991266375546, "train_dev_precision": 0.11826474331777684, "train_dev_roc": 0.9978850377431449, "train_dev_f1": 0.21091459377660077, "cm": [[1071924, 16757], [81, 2325]], "cm_normalized": [[0.9846079797479702, 0.01539202025202975], [0.03366583541147132, 0.9663341645885287]]}