{"task_id": "TaskEvaluateGradientBoostingClassifier_True_second_large_dat_0_2_aa07cdf707", "input_src_path": "second_large_dataset", "max_vocab_size": 100000, "problem_type": "CONDITION_COMPARISON", "window_size": 20, "step_size": 3, "encode_type": true, "test_split_percentage": 0.2, "train_dev_split_percentage": 0.1, "oversampling_enabled": false, "ratio_after_oversampling": 0.5, "undersampling_enabled": true, "ratio_after_undersampling": 0.5, "n_estimators": 100, "learning_rate": 0.2, "subsample": 1.0, "recall": 0.9384629891560584, "precision": 0.5854008587730134, "roc": 0.9890562717817458, "f1": 0.7210316597841049, "train_recall": 0.9375197037622831, "train_precision": 0.9332609932925888, "train_roc": 0.9894563124465343, "train_f1": 0.9353855011888641, "train_dev_recall": 0.9364582547703447, "train_dev_precision": 0.5875547143026144, "train_dev_roc": 0.9891401290918997, "train_dev_f1": 0.7220679528371836, "cm": [[1002819, 35243], [3263, 49762]], "cm_normalized": [[0.9660492340534573, 0.03395076594654269], [0.06153701084394154, 0.9384629891560584]]}