{"task_id": "TaskEvaluateGradientBoostingClassifier_True_second_large_dat_0_1_aaa2ba1f31", "input_src_path": "second_large_dataset", "max_vocab_size": 100000, "problem_type": "CONDITION_COMPARISON", "window_size": 20, "step_size": 3, "encode_type": true, "test_split_percentage": 0.2, "train_dev_split_percentage": 0.1, "oversampling_enabled": true, "ratio_after_oversampling": 0.5, "undersampling_enabled": false, "ratio_after_undersampling": 0.5, "n_estimators": 400, "learning_rate": 0.1, "subsample": 1.0, "recall": 0.9725978312116926, "precision": 0.6685333540743045, "roc": 0.9953180133296865, "f1": 0.7923974586492736, "train_recall": 0.9728360686342917, "train_precision": 0.9520124815081283, "train_roc": 0.9954630763487932, "train_f1": 0.9623116371754211, "train_dev_recall": 0.9714910626744099, "train_dev_precision": 0.6691428571428572, "train_dev_roc": 0.9953187261359615, "train_dev_f1": 0.7924574733150821, "cm": [[1012492, 25570], [1453, 51572]], "cm_normalized": [[0.9753675599337998, 0.024632440066200283], [0.027402168788307403, 0.9725978312116926]]}