{"task_id": "TaskEvaluateLstm_256_0_2_0_2_dfe5a6e132", "input_src_path": "second_large_dataset", "max_vocab_size": 100000, "problem_type": "RETURN_NULL", "window_size": 20, "step_size": 3, "encode_type": false, "test_split_percentage": 0.2, "train_dev_split_percentage": 0.1, "oversampling_enabled": false, "ratio_after_oversampling": 0.5, "undersampling_enabled": true, "ratio_after_undersampling": 0.5, "embedding_vecor_length": 32, "epochs": 3, "batch_size": 256, "num_lstm_cells": 100, "dropout_emb_lstm": 0.2, "dropout_lstm_dense": 0.2, "recall": 1.0, "precision": 0.708898055391868, "roc": 0.9998861142564073, "f1": 0.8296551724137932, "train_recall": 0.9997549019607843, "train_precision": 0.9992650661440471, "train_roc": 0.9999256596020761, "train_f1": 0.9995099240382259, "train_dev_recall": 1.0, "train_dev_precision": 0.6864508393285371, "train_dev_roc": 0.9998903423967159, "train_dev_f1": 0.8140774973338073, "cm": [[1087693, 988], [0, 2406]], "cm_normalized": [[0.9990924797989493, 0.0009075202010506291], [0.0, 1.0]]}