{"task_id": "TaskEvaluateLstm_64_0_2_0_2_d87178fef7", "input_src_path": "second_large_dataset", "max_vocab_size": 100000, "problem_type": "RETURN_NULL", "window_size": 20, "step_size": 3, "encode_type": false, "test_split_percentage": 0.2, "train_dev_split_percentage": 0.1, "oversampling_enabled": false, "ratio_after_oversampling": 0.5, "undersampling_enabled": true, "ratio_after_undersampling": 0.5, "embedding_vecor_length": 32, "epochs": 3, "batch_size": 64, "num_lstm_cells": 10, "dropout_emb_lstm": 0.2, "dropout_lstm_dense": 0.2, "recall": 1.0, "precision": 0.5732666190135811, "roc": 0.9997588029382766, "f1": 0.728759654702408, "train_recall": 1.0, "train_precision": 0.9985315712187959, "train_roc": 0.9999030871539792, "train_f1": 0.9992652461425422, "train_dev_recall": 1.0, "train_dev_precision": 0.5640394088669951, "train_dev_roc": 0.9997512231410582, "train_dev_f1": 0.7212598425196851, "cm": [[1086890, 1791], [0, 2406]], "cm_normalized": [[0.9983548899999173, 0.0016451100000826689], [0.0, 1.0]]}