{"task_id": "TaskEvaluateLstm_64_0_2_0_2_4b095117a9", "input_src_path": "second_large_dataset", "max_vocab_size": 1000, "problem_type": "RETURN_NULL", "window_size": 20, "step_size": 3, "encode_type": false, "test_split_percentage": 0.2, "train_dev_split_percentage": 0.1, "oversampling_enabled": false, "ratio_after_oversampling": 0.5, "undersampling_enabled": true, "ratio_after_undersampling": 0.5, "embedding_vecor_length": 32, "epochs": 3, "batch_size": 64, "num_lstm_cells": 10, "dropout_emb_lstm": 0.2, "dropout_lstm_dense": 0.2, "recall": 1.0, "precision": 0.6545157780195865, "roc": 0.999626324531053, "f1": 0.7911871095034528, "train_recall": 1.0, "train_precision": 0.998165137614679, "train_roc": 0.9996941793721165, "train_f1": 0.9990817263544537, "train_dev_recall": 1.0, "train_dev_precision": 0.6450704225352113, "train_dev_roc": 0.9996477387762688, "train_dev_f1": 0.7842465753424658, "cm": [[1087411, 1270], [0, 2406]], "cm_normalized": [[0.9988334507537102, 0.0011665492462897763], [0.0, 1.0]]}