{"task_id": "TaskEvaluateRandomForest_False_second_large_dat_sqrt_51733dffc9", "input_src_path": "second_large_dataset", "max_vocab_size": 100000, "problem_type": "CONDITION_COMPARISON", "window_size": 20, "step_size": 3, "encode_type": false, "test_split_percentage": 0.2, "train_dev_split_percentage": 0.1, "oversampling_enabled": true, "ratio_after_oversampling": 1.0, "undersampling_enabled": false, "ratio_after_undersampling": 0.5, "n_trees_in_forest": 100, "max_features": "sqrt", "recall": 0.8795285242809995, "precision": 0.9745888450044929, "roc": 0.9984511325587895, "f1": 0.924621820416741, "train_recall": 1.0, "train_precision": 0.9999829281805075, "train_roc": 0.999999997788483, "train_f1": 0.9999914640173914, "train_dev_recall": 0.8829474319330266, "train_dev_precision": 0.973069570276785, "train_dev_roc": 0.9983972926169506, "train_dev_f1": 0.9258204824041124, "cm": [[1036846, 1216], [6388, 46637]], "cm_normalized": [[0.9988285863464803, 0.0011714136535197319], [0.12047147571900046, 0.8795285242809995]]}