{"task_id": "TaskEvaluateGradientBoostingClassifier_True_second_large_dat_0_1_628b923da6", "input_src_path": "second_large_dataset", "max_vocab_size": 100000, "problem_type": "CONDITION_COMPARISON_SIMPLE", "window_size": 20, "step_size": 3, "encode_type": true, "test_split_percentage": 0.2, "train_dev_split_percentage": 0.1, "oversampling_enabled": true, "ratio_after_oversampling": 0.5, "undersampling_enabled": false, "ratio_after_undersampling": 0.5, "n_estimators": 300, "learning_rate": 0.1, "subsample": 1.0, "recall": 0.9742938531763737, "precision": 0.4876825287751245, "roc": 0.9932427148223495, "f1": 0.6500051518655477, "train_recall": 0.9752973068682637, "train_precision": 0.945271496068578, "train_roc": 0.9932515562394475, "train_f1": 0.9600496925340676, "train_dev_recall": 0.972788175979004, "train_dev_precision": 0.48584043323790144, "train_dev_roc": 0.9930959845406796, "train_dev_f1": 0.6480331262939959, "cm": [[1032128, 29822], [749, 28388]], "cm_normalized": [[0.9719176985733792, 0.02808230142662084], [0.025706146823626316, 0.9742938531763737]]}