{"task_id": "TaskEvaluateRandomForest_False_second_large_dat_sqrt_4d22a91bea", "input_src_path": "second_large_dataset", "max_vocab_size": 100000, "problem_type": "RETURN_NULL", "window_size": 20, "step_size": 3, "encode_type": false, "test_split_percentage": 0.2, "train_dev_split_percentage": 0.1, "oversampling_enabled": false, "ratio_after_oversampling": 0.5, "undersampling_enabled": true, "ratio_after_undersampling": 0.5, "n_trees_in_forest": 100, "max_features": "sqrt", "recall": 0.9484621778886118, "precision": 0.15953579418344518, "roc": 0.9974615785780502, "f1": 0.2731298623578695, "train_recall": 1.0, "train_precision": 1.0, "train_roc": 1.0, "train_f1": 1.0, "train_dev_recall": 0.959825327510917, "train_dev_precision": 0.15666429080541697, "train_dev_roc": 0.9979754865961393, "train_dev_f1": 0.2693627450980392, "cm": [[1076659, 12022], [124, 2282]], "cm_normalized": [[0.9889572794969326, 0.011042720503067474], [0.051537822111388194, 0.9484621778886118]]}