{"task_id": "TaskEvaluateRandomForest_True_second_large_dat_sqrt_61fc694a95", "input_src_path": "second_large_dataset", "max_vocab_size": 100000, "problem_type": "CONDITION_COMPARISON", "window_size": 20, "step_size": 3, "encode_type": true, "test_split_percentage": 0.2, "train_dev_split_percentage": 0.1, "oversampling_enabled": false, "ratio_after_oversampling": 0.5, "undersampling_enabled": true, "ratio_after_undersampling": 0.5, "n_trees_in_forest": 100, "max_features": "sqrt", "recall": 0.9583592644978783, "precision": 0.7756899499328367, "roc": 0.997220059451245, "f1": 0.8574031736926022, "train_recall": 1.0, "train_precision": 0.9999946566353902, "train_roc": 0.9999999810272955, "train_f1": 0.9999973283105572, "train_dev_recall": 0.9580285089373256, "train_dev_precision": 0.7746607714590639, "train_dev_roc": 0.9970878396421834, "train_dev_f1": 0.8566418828924519, "cm": [[1023367, 14695], [2208, 50817]], "cm_normalized": [[0.9858438127973088, 0.014156187202691168], [0.04164073550212164, 0.9583592644978783]]}