{"task_id": "TaskEvaluateRandomForest_True_second_large_dat_sqrt_5470348dc0", "input_src_path": "second_large_dataset", "max_vocab_size": 100000, "problem_type": "CONDITION_COMPARISON_SIMPLE", "window_size": 20, "step_size": 3, "encode_type": true, "test_split_percentage": 0.2, "train_dev_split_percentage": 0.1, "oversampling_enabled": true, "ratio_after_oversampling": 1.0, "undersampling_enabled": false, "ratio_after_undersampling": 0.5, "n_trees_in_forest": 100, "max_features": "sqrt", "recall": 0.895802587774994, "precision": 0.9787018635869361, "roc": 0.9989954561378969, "f1": 0.935419130559438, "train_recall": 1.0, "train_precision": 0.9999900436759717, "train_roc": 0.999999998864599, "train_f1": 0.9999950218132037, "train_dev_recall": 0.8986808481248705, "train_dev_precision": 0.9773171098092234, "train_dev_roc": 0.9987174310765794, "train_dev_f1": 0.9363508797179146, "cm": [[1061382, 568], [3036, 26101]], "cm_normalized": [[0.9994651348933565, 0.0005348651066434389], [0.104197412225006, 0.895802587774994]]}