{"task_id": "TaskEvaluateGradientBoostingClassifier_True_second_large_dat_0_2_fd8369a0a7", "input_src_path": "second_large_dataset", "max_vocab_size": 100000, "problem_type": "RETURN_NULL", "window_size": 20, "step_size": 3, "encode_type": true, "test_split_percentage": 0.2, "train_dev_split_percentage": 0.1, "oversampling_enabled": true, "ratio_after_oversampling": 0.5, "undersampling_enabled": false, "ratio_after_undersampling": 0.5, "n_estimators": 300, "learning_rate": 0.2, "subsample": 1.0, "recall": 0.9979218620116376, "precision": 0.40063407308526616, "roc": 0.9999042237879499, "f1": 0.5717347303250387, "train_recall": 0.9996179119517982, "train_precision": 0.9936398642934542, "train_roc": 0.9999370274292952, "train_f1": 0.9966199236388973, "train_dev_recall": 0.9965065502183406, "train_dev_precision": 0.39358399448085546, "train_dev_roc": 0.999917751383119, "train_dev_f1": 0.5642927794263105, "cm": [[1085089, 3592], [5, 2401]], "cm_normalized": [[0.9967005945726986, 0.0032994054273014777], [0.0020781379883624274, 0.9979218620116376]]}