{"task_id": "TaskEvaluateGradientBoostingClassifier_True_second_large_dat_0_01_e4a3d53cd6", "input_src_path": "second_large_dataset", "max_vocab_size": 100000, "problem_type": "CONDITION_COMPARISON_SIMPLE", "window_size": 20, "step_size": 3, "encode_type": true, "test_split_percentage": 0.2, "train_dev_split_percentage": 0.1, "oversampling_enabled": false, "ratio_after_oversampling": 0.5, "undersampling_enabled": true, "ratio_after_undersampling": 0.5, "n_estimators": 1000, "learning_rate": 0.01, "subsample": 1.0, "recall": 0.9194838178261318, "precision": 0.34033282520325203, "roc": 0.9807128677046397, "f1": 0.49678741296346085, "train_recall": 0.9230169481614314, "train_precision": 0.9034350526084841, "train_roc": 0.9809836057182407, "train_f1": 0.9131210289339465, "train_dev_recall": 0.9225775260722425, "train_dev_precision": 0.3416805218058575, "train_dev_roc": 0.9806523925457252, "train_dev_f1": 0.4986747302796132, "cm": [[1010021, 51929], [2346, 26791]], "cm_normalized": [[0.9511003342906916, 0.04889966570930835], [0.08051618217386827, 0.9194838178261318]]}