{"task_id": "TaskEvaluateGradientBoostingClassifier_True_second_large_dat_0_1_aab443c1ac", "input_src_path": "second_large_dataset", "max_vocab_size": 100000, "problem_type": "CONDITION_COMPARISON_SIMPLE", "window_size": 20, "step_size": 3, "encode_type": true, "test_split_percentage": 0.2, "train_dev_split_percentage": 0.1, "oversampling_enabled": true, "ratio_after_oversampling": 0.5, "undersampling_enabled": false, "ratio_after_undersampling": 0.5, "n_estimators": 200, "learning_rate": 0.1, "subsample": 1.0, "recall": 0.9599821532759035, "precision": 0.4217899419437533, "roc": 0.9895838682683504, "f1": 0.5860746762770817, "train_recall": 0.9615870430876321, "train_precision": 0.9299310016035608, "train_roc": 0.98965365588549, "train_f1": 0.9454941279753699, "train_dev_recall": 0.9609089025485186, "train_dev_precision": 0.4211083870577197, "train_dev_roc": 0.989481357332158, "train_dev_f1": 0.5855886190496232, "cm": [[1023606, 38344], [1166, 27971]], "cm_normalized": [[0.9638928386458873, 0.03610716135411272], [0.04001784672409651, 0.9599821532759035]]}