{"task_id": "TaskEvaluateRandomForest_True_second_large_dat_sqrt_21701f84ed", "input_src_path": "second_large_dataset", "max_vocab_size": 1000, "problem_type": "RETURN_NULL", "window_size": 20, "step_size": 3, "encode_type": true, "test_split_percentage": 0.2, "train_dev_split_percentage": 0.1, "oversampling_enabled": true, "ratio_after_oversampling": 0.5, "undersampling_enabled": false, "ratio_after_undersampling": 0.5, "n_trees_in_forest": 100, "max_features": "sqrt", "recall": 0.7211138819617623, "precision": 0.9891676168757126, "roc": 0.9983010300300529, "f1": 0.8341346153846154, "train_recall": 1.0, "train_precision": 0.9999916025309972, "train_roc": 0.9999999983985931, "train_f1": 0.9999958012478691, "train_dev_recall": 0.7615720524017467, "train_dev_precision": 0.9875424688561721, "train_dev_roc": 0.9976278159966161, "train_dev_f1": 0.8599605522682446, "cm": [[1088662, 19], [671, 1735]], "cm_normalized": [[0.9999825476884413, 1.7452311558665946e-05], [0.27888611803823776, 0.7211138819617623]]}