{"task_id": "TaskEvaluateGradientBoostingClassifier_True_second_large_dat_0_2_9d4813e406", "input_src_path": "second_large_dataset", "max_vocab_size": 100000, "problem_type": "RETURN_NULL", "window_size": 20, "step_size": 3, "encode_type": true, "test_split_percentage": 0.2, "train_dev_split_percentage": 0.1, "oversampling_enabled": true, "ratio_after_oversampling": 0.5, "undersampling_enabled": false, "ratio_after_undersampling": 0.5, "n_estimators": 200, "learning_rate": 0.2, "subsample": 1.0, "recall": 0.9962593516209476, "precision": 0.28407205498933397, "roc": 0.9997487419177432, "f1": 0.44208779048321656, "train_recall": 0.9980438981378457, "train_precision": 0.9893818993850679, "train_roc": 0.9998087876311436, "train_f1": 0.9936940225290747, "train_dev_recall": 0.9973799126637555, "train_dev_precision": 0.2755126658624849, "train_dev_roc": 0.9997835347825652, "train_dev_f1": 0.43175803402646495, "cm": [[1082640, 6041], [9, 2397]], "cm_normalized": [[0.9944510834670578, 0.005548916532942157], [0.003740648379052369, 0.9962593516209476]]}