{"task_id": "TaskEvaluateRandomForest_True_second_large_dat_sqrt_181d3a47ed", "input_src_path": "second_large_dataset", "max_vocab_size": 100000, "problem_type": "CONDITION_COMPARISON", "window_size": 20, "step_size": 3, "encode_type": true, "test_split_percentage": 0.2, "train_dev_split_percentage": 0.1, "oversampling_enabled": false, "ratio_after_oversampling": 0.5, "undersampling_enabled": true, "ratio_after_undersampling": 0.1, "n_trees_in_forest": 100, "max_features": "sqrt", "recall": 0.9012729844413013, "precision": 0.962615316440398, "roc": 0.9983925961491703, "f1": 0.930934733274245, "train_recall": 0.9999358792820617, "train_precision": 0.9999198503873898, "train_roc": 0.9999997707200752, "train_f1": 0.9999278647704897, "train_dev_recall": 0.9025190436684516, "train_dev_precision": 0.9606631076144985, "train_dev_roc": 0.9982488659983372, "train_dev_f1": 0.9306838288191946, "cm": [[1036206, 1856], [5235, 47790]], "cm_normalized": [[0.9982120528446278, 0.0017879471553722225], [0.09872701555869873, 0.9012729844413013]]}