{"task_id": "TaskEvaluateRandomForest_False_second_large_dat_sqrt_2bf2d51e9f", "input_src_path": "second_large_dataset", "max_vocab_size": 100000, "problem_type": "CONDITION_COMPARISON_SIMPLE", "window_size": 20, "step_size": 3, "encode_type": false, "test_split_percentage": 0.2, "train_dev_split_percentage": 0.1, "oversampling_enabled": false, "ratio_after_oversampling": 0.5, "undersampling_enabled": true, "ratio_after_undersampling": 0.5, "n_trees_in_forest": 100, "max_features": "sqrt", "recall": 0.9668462779284072, "precision": 0.687936507936508, "roc": 0.9979910989797257, "f1": 0.8038865980852369, "train_recall": 1.0, "train_precision": 1.0, "train_roc": 1.0, "train_f1": 1.0, "train_dev_recall": 0.9651909662269493, "train_dev_precision": 0.6884914769928072, "train_dev_roc": 0.997889229918902, "train_dev_f1": 0.8036920953503753, "cm": [[1049171, 12779], [966, 28171]], "cm_normalized": [[0.9879664767644428, 0.012033523235557229], [0.03315372207159282, 0.9668462779284072]]}