{"task_id": "TaskEvaluateRandomForest_True_final_dataset_sqrt_8ce81ded01", "input_src_path": "final_dataset", "max_vocab_size": 1000, "problem_type": "RETURN_NULL", "window_size": 20, "step_size": 3, "encode_type": true, "test_split_percentage": 0.2, "train_dev_split_percentage": 0.1, "oversampling_enabled": false, "ratio_after_oversampling": 0.5, "undersampling_enabled": true, "ratio_after_undersampling": 0.1, "n_trees_in_forest": 100, "max_features": "sqrt", "recall": 0.9047221061429168, "precision": 0.48520842671447784, "roc": 0.9989589902653407, "f1": 0.6316557257476294, "train_recall": 1.0, "train_precision": 1.0, "train_roc": 1.0, "train_f1": 1.0, "train_dev_recall": 0.9, "train_dev_precision": 0.47002724795640327, "train_dev_roc": 0.9989933444353043, "train_dev_f1": 0.6175417661097852, "cm": [[1081110, 2297], [228, 2165]], "cm_normalized": [[0.9978798364788117, 0.0021201635211882514], [0.09527789385708316, 0.9047221061429168]]}