{"task_id": "TaskEvaluateLstm_64_0_2_0_2_4b1eca4660", "input_src_path": "final_dataset", "max_vocab_size": 1000, "problem_type": "RETURN_NULL", "window_size": 20, "step_size": 3, "encode_type": false, "test_split_percentage": 0.2, "train_dev_split_percentage": 0.1, "oversampling_enabled": false, "ratio_after_oversampling": 0.5, "undersampling_enabled": true, "ratio_after_undersampling": 0.5, "embedding_vecor_length": 32, "epochs": 3, "batch_size": 64, "num_lstm_cells": 10, "dropout_emb_lstm": 0.2, "dropout_lstm_dense": 0.2, "recall": 1.0, "precision": 0.6619640387275242, "roc": 0.9998214389961133, "f1": 0.7966045272969374, "train_recall": 1.0, "train_precision": 0.9983996060568755, "train_roc": 0.9998534446976757, "train_f1": 0.9991991622004559, "train_dev_recall": 1.0, "train_dev_precision": 0.6522972206466251, "train_dev_roc": 0.9998313155835558, "train_dev_f1": 0.789564023343632, "cm": [[1082185, 1222], [0, 2393]], "cm_normalized": [[0.9988720766987845, 0.0011279233012155174], [0.0, 1.0]]}