{"task_id": "TaskEvaluateRandomForest_True_final_dataset_sqrt_8b2ea79403", "input_src_path": "final_dataset", "max_vocab_size": 1000, "problem_type": "RETURN_NULL", "window_size": 20, "step_size": 3, "encode_type": true, "test_split_percentage": 0.2, "train_dev_split_percentage": 0.1, "oversampling_enabled": true, "ratio_after_oversampling": 1.0, "undersampling_enabled": false, "ratio_after_undersampling": 0.5, "n_trees_in_forest": 100, "max_features": "sqrt", "recall": 0.7204346009193481, "precision": 0.9857061177815895, "roc": 0.9979365898923945, "f1": 0.8324480927088364, "train_recall": 1.0, "train_precision": 0.9999963082125657, "train_roc": 0.99999999912, "train_f1": 0.9999981541028756, "train_dev_recall": 0.72, "train_dev_precision": 0.9928057553956835, "train_dev_roc": 0.9989399715094, "train_dev_f1": 0.8346774193548387, "cm": [[1083382, 25], [669, 1724]], "cm_normalized": [[0.9999769246460471, 2.3075353952854282e-05], [0.2795653990806519, 0.7204346009193481]]}