{"task_id": "TaskEvaluateRandomForest_True_final_dataset_sqrt_0404d9dfdf", "input_src_path": "final_dataset", "max_vocab_size": 100000, "problem_type": "RETURN_NULL", "window_size": 20, "step_size": 3, "encode_type": true, "test_split_percentage": 0.2, "train_dev_split_percentage": 0.1, "oversampling_enabled": true, "ratio_after_oversampling": 0.5, "undersampling_enabled": false, "ratio_after_undersampling": 0.5, "n_trees_in_forest": 100, "max_features": "sqrt", "recall": 0.7179272879231091, "precision": 0.9913444893248702, "roc": 0.9989948641960956, "f1": 0.832767813863306, "train_recall": 1.0, "train_precision": 0.9999994725999871, "train_roc": 0.9999999999832414, "train_f1": 0.9999997362999241, "train_dev_recall": 0.7286956521739131, "train_dev_precision": 0.995249406175772, "train_dev_roc": 0.9993979470716878, "train_dev_f1": 0.8413654618473895, "cm": [[1083392, 15], [675, 1718]], "cm_normalized": [[0.9999861547876283, 1.3845212371712569e-05], [0.28207271207689094, 0.7179272879231091]]}