{"task_id": "TaskEvaluateSVM_True_final_dataset_100000_79a0197fb6", "input_src_path": "final_dataset", "max_vocab_size": 100000, "problem_type": "CONDITION_COMPARISON", "window_size": 20, "step_size": 3, "encode_type": true, "test_split_percentage": 0.2, "train_dev_split_percentage": 0.1, "oversampling_enabled": false, "ratio_after_oversampling": 0.5, "undersampling_enabled": true, "ratio_after_undersampling": 0.5, "svm_kernel": "rbf", "svm_predict_probability": true, "svm_class_weight": null, "svm_subsample": 0.3, "recall": 0.01063688842623261, "precision": 0.08292754906300723, "roc": 0.6665059450814756, "f1": 0.018855264040797154, "train_recall": 0.013674787314221887, "train_precision": 0.574095151377191, "train_roc": 0.6868048945207637, "train_f1": 0.02671327189916322, "train_dev_recall": 0.01084997747409521, "train_dev_precision": 0.08816351433801098, "train_dev_roc": 0.6680155954756481, "train_dev_f1": 0.019322056562144814, "cm": [[1026750, 6215], [52273, 562]], "cm_normalized": [[0.9939833392225293, 0.006016660777470679], [0.9893631115737674, 0.01063688842623261]]}