{"task_id": "TaskEvaluateGradientBoostingClassifier_True_final_dataset_0_2_c4b7f1d3b1", "input_src_path": "final_dataset", "max_vocab_size": 100000, "problem_type": "RETURN_NULL", "window_size": 20, "step_size": 3, "encode_type": true, "test_split_percentage": 0.2, "train_dev_split_percentage": 0.1, "oversampling_enabled": false, "ratio_after_oversampling": 0.5, "undersampling_enabled": true, "ratio_after_undersampling": 0.5, "n_estimators": 200, "learning_rate": 0.2, "subsample": 1.0, "recall": 0.9933138320100292, "precision": 0.23846308186195828, "roc": 0.9996010202837275, "f1": 0.3845967154760942, "train_recall": 0.9980271270036991, "train_precision": 0.9922765722692166, "train_roc": 0.9999467099271575, "train_f1": 0.9951435421405299, "train_dev_recall": 0.9956521739130435, "train_dev_precision": 0.2291374824894937, "train_dev_roc": 0.9996197829096527, "train_dev_f1": 0.3725394501382789, "cm": [[1075816, 7591], [16, 2377]], "cm_normalized": [[0.9929933995257553, 0.007006600474244675], [0.006686167989970748, 0.9933138320100292]]}