{"task_id": "TaskEvaluateSVM_True_final_dataset_100000_13bcdd5f9b", "input_src_path": "final_dataset", "max_vocab_size": 100000, "problem_type": "CONDITION_COMPARISON_SIMPLE", "window_size": 20, "step_size": 3, "encode_type": true, "test_split_percentage": 0.2, "train_dev_split_percentage": 0.1, "oversampling_enabled": false, "ratio_after_oversampling": 0.5, "undersampling_enabled": true, "ratio_after_undersampling": 0.5, "svm_kernel": "rbf", "svm_predict_probability": true, "svm_class_weight": null, "svm_subsample": 0.3, "recall": 0.01342328557518431, "precision": 0.04611157567793573, "roc": 0.6463660560658425, "f1": 0.02079349260645891, "train_recall": 0.016372016920743873, "train_precision": 0.5553299492385787, "train_roc": 0.6748147892049675, "train_f1": 0.03180633219300881, "train_dev_recall": 0.013223706748886606, "train_dev_precision": 0.048468106479156205, "train_dev_roc": 0.6491767584489789, "train_dev_f1": 0.020778381870054367, "cm": [[1049059, 7985], [28370, 386]], "cm_normalized": [[0.9924459152126118, 0.007554084787388226], [0.9865767144248156, 0.01342328557518431]]}