{"task_id": "TaskEvaluateGradientBoostingClassifier_True_final_dataset_0_2_48dab2cf4a", "input_src_path": "final_dataset", "max_vocab_size": 100000, "problem_type": "RETURN_NULL", "window_size": 20, "step_size": 3, "encode_type": true, "test_split_percentage": 0.2, "train_dev_split_percentage": 0.1, "oversampling_enabled": false, "ratio_after_oversampling": 0.5, "undersampling_enabled": false, "ratio_after_undersampling": 0.5, "n_estimators": 100, "learning_rate": 0.2, "subsample": 1.0, "recall": 0.5729210196406185, "precision": 0.940974605353466, "roc": 0.9995621190748196, "f1": 0.7122077922077923, "train_recall": 0.57422934648582, "train_precision": 0.9349528207187312, "train_roc": 0.999551290600733, "train_f1": 0.711481170269651, "train_dev_recall": 0.5660869565217391, "train_dev_precision": 0.9313304721030042, "train_dev_roc": 0.999775943500331, "train_dev_f1": 0.7041644131963223, "cm": [[1083321, 86], [1022, 1371]], "cm_normalized": [[0.9999206207824022, 7.937921759781874e-05], [0.4270789803593815, 0.5729210196406185]]}