{"task_id": "TaskEvaluateGradientBoostingClassifier_True_final_dataset_0_2_87367521a6", "input_src_path": "final_dataset", "max_vocab_size": 100000, "problem_type": "CONDITION_COMPARISON", "window_size": 20, "step_size": 3, "encode_type": true, "test_split_percentage": 0.2, "train_dev_split_percentage": 0.1, "oversampling_enabled": false, "ratio_after_oversampling": 0.5, "undersampling_enabled": false, "ratio_after_undersampling": 0.5, "n_estimators": 100, "learning_rate": 0.2, "subsample": 1.0, "recall": 0.6330462761427085, "precision": 0.9169339583847356, "roc": 0.9920085616508613, "f1": 0.7489922966678609, "train_recall": 0.6354113009483427, "train_precision": 0.915344659246241, "train_roc": 0.9919471787701899, "train_f1": 0.7501120172058429, "train_dev_recall": 0.6342168493767834, "train_dev_precision": 0.9154112929446191, "train_dev_roc": 0.9918048982106351, "train_dev_f1": 0.7493013972055887, "cm": [[1029935, 3030], [19388, 33447]], "cm_normalized": [[0.9970666963546684, 0.0029333036453316422], [0.3669537238572916, 0.6330462761427085]]}