{"task_id": "TaskEvaluateGradientBoostingClassifier_True_final_dataset_0_2_7901c37c1b", "input_src_path": "final_dataset", "max_vocab_size": 100000, "problem_type": "CONDITION_COMPARISON", "window_size": 20, "step_size": 3, "encode_type": true, "test_split_percentage": 0.2, "train_dev_split_percentage": 0.1, "oversampling_enabled": false, "ratio_after_oversampling": 0.5, "undersampling_enabled": true, "ratio_after_undersampling": 0.5, "n_estimators": 200, "learning_rate": 0.2, "subsample": 1.0, "recall": 0.9737673890413552, "precision": 0.6690899159882435, "roc": 0.9953697147086559, "f1": 0.7931765449513988, "train_recall": 0.9726612697706952, "train_precision": 0.9522912110080054, "train_roc": 0.995385139433274, "train_f1": 0.9623684612887909, "train_dev_recall": 0.9707538669469891, "train_dev_precision": 0.6700440528634362, "train_dev_roc": 0.9951034565857728, "train_dev_f1": 0.7928433446785025, "cm": [[1007520, 25445], [1386, 51449]], "cm_normalized": [[0.9753670259882958, 0.02463297401170417], [0.026232610958644837, 0.9737673890413552]]}