{"task_id": "TaskEvaluateGradientBoostingClassifier_True_second_large_dat_0_1_83bbe3bd65", "input_src_path": "second_large_dataset", "max_vocab_size": 100000, "problem_type": "RETURN_NULL", "window_size": 20, "step_size": 3, "encode_type": true, "test_split_percentage": 0.25, "oversampling_enabled": false, "ratio_after_oversampling": 0.5, "undersampling_enabled": true, "ratio_after_undersampling": 0.5, "n_estimators": 1000, "learning_rate": 0.1, "subsample": 1.0, "recall": 0.9986481919567421, "precision": 0.4051830522418758, "roc": 0.9999116312827385, "f1": 0.576472883339836, "train_recall": 1.0, "train_precision": 1.0, "train_roc": 1.0, "train_f1": 1.0, "cm": [[1356561, 4338], [4, 2955]], "cm_normalized": [[0.9968124012141973, 0.0031875987858026203], [0.0013518080432578573, 0.9986481919567421]]}