{"task_id": "TaskEvaluateRandomForest_True_second_large_dat_sqrt_4eff46411c", "input_src_path": "second_large_dataset", "max_vocab_size": 1000, "problem_type": "RETURN_NULL", "window_size": 20, "step_size": 3, "encode_type": true, "test_split_percentage": 0.25, "oversampling_enabled": true, "ratio_after_oversampling": 1.0, "undersampling_enabled": false, "ratio_after_undersampling": 0.5, "n_trees_in_forest": 100, "max_features": "sqrt", "recall": 0.7093612706995607, "precision": 0.9910292728989613, "roc": 0.9984480301767681, "f1": 0.8268662596021273, "train_recall": 1.0, "train_precision": 0.9999965710100946, "train_roc": 0.9999999985755359, "train_f1": 0.9999982855021078, "cm": [[1360880, 19], [860, 2099]], "cm_normalized": [[0.9999860386406338, 1.3961359366124892e-05], [0.2906387293004393, 0.7093612706995607]]}