{"task_id": "TaskEvaluateGradientBoostingClassifier_True_second_large_dat_0_1_3b96e2c045", "input_src_path": "second_large_dataset", "max_vocab_size": 100000, "problem_type": "CONDITION_COMPARISON_SIMPLE", "window_size": 20, "step_size": 3, "encode_type": true, "test_split_percentage": 0.25, "oversampling_enabled": false, "ratio_after_oversampling": 0.5, "undersampling_enabled": true, "ratio_after_undersampling": 0.5, "n_estimators": 100, "learning_rate": 0.1, "subsample": 1.0, "recall": 0.9134586279959275, "precision": 0.3269221299770536, "roc": 0.9787701416187526, "f1": 0.48151317793475584, "train_recall": 0.9164467337689521, "train_precision": 0.8992525651214917, "train_roc": 0.9790989237054528, "train_f1": 0.9077682374416874, "cm": [[1259172, 68345], [3145, 33196]], "cm_normalized": [[0.9485166668298787, 0.05148333317012136], [0.08654137200407254, 0.9134586279959275]]}