{"task_id": "TaskEvaluateGradientBoostingClassifier_True_second_large_dat_0_2_a1c3c43e98", "input_src_path": "second_large_dataset", "max_vocab_size": 100000, "problem_type": "CONDITION_COMPARISON_SIMPLE", "window_size": 20, "step_size": 3, "encode_type": true, "test_split_percentage": 0.25, "oversampling_enabled": false, "ratio_after_oversampling": 0.5, "undersampling_enabled": true, "ratio_after_undersampling": 0.5, "n_estimators": 100, "learning_rate": 0.2, "subsample": 1.0, "recall": 0.9608706419746292, "precision": 0.41618297319523734, "roc": 0.9891056125361181, "f1": 0.580802368517348, "train_recall": 0.9621594073642635, "train_precision": 0.9287803849566463, "train_roc": 0.9891473368162174, "train_f1": 0.9451752915565926, "cm": [[1278533, 48984], [1422, 34919]], "cm_normalized": [[0.963101037500838, 0.03689896249916197], [0.03912935802537079, 0.9608706419746292]]}