{"task_id": "TaskEvaluateRandomForest_True_second_large_dat_sqrt_cae408b13f", "input_src_path": "second_large_dataset", "max_vocab_size": 100000, "problem_type": "RETURN_NULL", "window_size": 20, "step_size": 3, "encode_type": true, "test_split_percentage": 0.25, "oversampling_enabled": true, "ratio_after_oversampling": 1.0, "undersampling_enabled": false, "ratio_after_undersampling": 0.5, "n_trees_in_forest": 100, "max_features": "sqrt", "recall": 0.6985468063534978, "precision": 0.9951853635050554, "roc": 0.9980873194689929, "f1": 0.8208895949166004, "train_recall": 1.0, "train_precision": 0.9999990202861989, "train_roc": 0.9999999998579135, "train_f1": 0.9999995101428596, "cm": [[1360889, 10], [892, 2067]], "cm_normalized": [[0.9999926519161231, 7.3480838769078384e-06], [0.3014531936465022, 0.6985468063534978]]}