{"task_id": "TaskEvaluateGradientBoostingClassifier_True_second_large_dat_0_01_b8eb0fdced", "input_src_path": "second_large_dataset", "max_vocab_size": 100000, "problem_type": "CONDITION_COMPARISON", "window_size": 20, "step_size": 3, "encode_type": true, "test_split_percentage": 0.25, "oversampling_enabled": false, "ratio_after_oversampling": 0.5, "undersampling_enabled": true, "ratio_after_undersampling": 0.5, "n_estimators": 1000, "learning_rate": 0.01, "subsample": 1.0, "recall": 0.8634130115964379, "precision": 0.4700164609053498, "roc": 0.9736764107865382, "f1": 0.6086836032636791, "train_recall": 0.8642576128527193, "train_precision": 0.8980761358984855, "train_roc": 0.9740995992540126, "train_f1": 0.8808423919948367, "cm": [[1233324, 64393], [9034, 57107]], "cm_normalized": [[0.950379782340834, 0.049620217659166056], [0.1365869884035621, 0.8634130115964379]]}