{"task_id": "TaskEvaluateRandomForest_True_second_large_dat_sqrt_e8ee5b5867", "input_src_path": "second_large_dataset", "max_vocab_size": 100000, "problem_type": "CONDITION_COMPARISON", "window_size": 20, "step_size": 3, "encode_type": true, "test_split_percentage": 0.25, "oversampling_enabled": true, "ratio_after_oversampling": 1.0, "undersampling_enabled": false, "ratio_after_undersampling": 0.5, "n_trees_in_forest": 100, "max_features": "sqrt", "recall": 0.8992606703859936, "precision": 0.9759451299553689, "roc": 0.9987716743885361, "f1": 0.9360349372467247, "train_recall": 1.0, "train_precision": 0.9999809822317505, "train_roc": 0.9999999977598185, "train_f1": 0.9999904910254555, "cm": [[1296251, 1466], [6663, 59478]], "cm_normalized": [[0.9988703238071166, 0.0011296761928833482], [0.10073932961400645, 0.8992606703859936]]}