{"task_id": "TaskEvaluateRandomForest_True_second_large_dat_sqrt_3d2c1c6f4f", "input_src_path": "second_large_dataset", "max_vocab_size": 100000, "problem_type": "CONDITION_COMPARISON_SIMPLE", "window_size": 20, "step_size": 3, "encode_type": true, "test_split_percentage": 0.25, "oversampling_enabled": false, "ratio_after_oversampling": 0.5, "undersampling_enabled": true, "ratio_after_undersampling": 0.5, "n_trees_in_forest": 100, "max_features": "sqrt", "recall": 0.9701439145868302, "precision": 0.6873854552544356, "roc": 0.9982660272482422, "f1": 0.8046467574260251, "train_recall": 0.9999908993283705, "train_precision": 0.9999635983073213, "train_roc": 0.9999999586924155, "train_f1": 0.9999772486315053, "cm": [[1311483, 16034], [1085, 35256]], "cm_normalized": [[0.9879218119240658, 0.012078188075934243], [0.029856085413169697, 0.9701439145868302]]}