{"task_id": "TaskEvaluateGradientBoostingClassifier_True_second_large_dat_0_2_d6e38030ba", "input_src_path": "second_large_dataset", "max_vocab_size": 100000, "problem_type": "CONDITION_COMPARISON_SIMPLE", "window_size": 20, "step_size": 3, "encode_type": true, "test_split_percentage": 0.25, "oversampling_enabled": true, "ratio_after_oversampling": 0.5, "undersampling_enabled": false, "ratio_after_undersampling": 0.5, "n_estimators": 400, "learning_rate": 0.2, "subsample": 1.0, "recall": 0.9922401695055172, "precision": 0.6717649688885577, "roc": 0.9978072769210985, "f1": 0.8011419811373155, "train_recall": 0.9929421928879446, "train_precision": 0.9738534722454859, "train_roc": 0.9977989009945404, "train_f1": 0.9833051998488826, "cm": [[1309898, 17619], [282, 36059]], "cm_normalized": [[0.9867278535792762, 0.013272146420723802], [0.0077598304944828155, 0.9922401695055172]]}