{"task_id": "TaskEvaluateGradientBoostingClassifier_True_second_large_dat_0_2_057e2ef457", "input_src_path": "second_large_dataset", "max_vocab_size": 100000, "problem_type": "CONDITION_COMPARISON", "window_size": 20, "step_size": 3, "encode_type": true, "test_split_percentage": 0.25, "oversampling_enabled": false, "ratio_after_oversampling": 0.5, "undersampling_enabled": true, "ratio_after_undersampling": 0.5, "n_estimators": 100, "learning_rate": 0.2, "subsample": 1.0, "recall": 0.9400825509139565, "precision": 0.5847809117157449, "roc": 0.9890542805163294, "f1": 0.7210381056195931, "train_recall": 0.9404235373898648, "train_precision": 0.9335712623935135, "train_roc": 0.9893868533081638, "train_f1": 0.9369848721961398, "cm": [[1253568, 44149], [3963, 62178]], "cm_normalized": [[0.9659794855118643, 0.0340205144881357], [0.059917449086043455, 0.9400825509139565]]}