{"task_id": "TaskEvaluateRandomForest_True_second_large_dat_sqrt_1ba8c36a7e", "input_src_path": "second_large_dataset", "max_vocab_size": 100000, "problem_type": "RETURN_NULL", "window_size": 20, "step_size": 3, "encode_type": true, "test_split_percentage": 0.25, "oversampling_enabled": false, "ratio_after_oversampling": 0.5, "undersampling_enabled": true, "ratio_after_undersampling": 0.1, "n_trees_in_forest": 100, "max_features": "sqrt", "recall": 0.9040216289286921, "precision": 0.45431385869565216, "roc": 0.9988788589629941, "f1": 0.6047247654572171, "train_recall": 1.0, "train_precision": 1.0, "train_roc": 1.0, "train_f1": 1.0, "cm": [[1357686, 3213], [284, 2675]], "cm_normalized": [[0.9976390606503495, 0.0023609393496504885], [0.09597837107130787, 0.9040216289286921]]}