{"task_id": "TaskEvaluateGradientBoostingClassifier_True_second_large_dat_0_1_01eca887a9", "input_src_path": "second_large_dataset", "max_vocab_size": 100000, "problem_type": "CONDITION_COMPARISON_SIMPLE", "window_size": 20, "step_size": 3, "encode_type": true, "test_split_percentage": 0.25, "oversampling_enabled": true, "ratio_after_oversampling": 0.5, "undersampling_enabled": false, "ratio_after_undersampling": 0.5, "n_estimators": 200, "learning_rate": 0.1, "subsample": 1.0, "recall": 0.9587243058804106, "precision": 0.4251339182214196, "roc": 0.9897253024498343, "f1": 0.5890577713155358, "train_recall": 0.9615258847373854, "train_precision": 0.9309150521638528, "train_roc": 0.9897804774663445, "train_f1": 0.9459728984861955, "cm": [[1280405, 47112], [1500, 34841]], "cm_normalized": [[0.9645111889339271, 0.035488811066072976], [0.041275694119589444, 0.9587243058804106]]}