{"task_id": "TaskEvaluateRandomForest_True_second_large_dat_sqrt_38aad73297", "input_src_path": "second_large_dataset", "max_vocab_size": 1000, "problem_type": "RETURN_NULL", "window_size": 20, "step_size": 3, "encode_type": true, "test_split_percentage": 0.25, "oversampling_enabled": false, "ratio_after_oversampling": 0.5, "undersampling_enabled": true, "ratio_after_undersampling": 0.5, "n_trees_in_forest": 100, "max_features": "sqrt", "recall": 0.9705981750591416, "precision": 0.12484785254738306, "roc": 0.9980327768947276, "f1": 0.22123791549512772, "train_recall": 1.0, "train_precision": 1.0, "train_roc": 1.0, "train_f1": 1.0, "cm": [[1340767, 20132], [87, 2872]], "cm_normalized": [[0.9852068375390092, 0.01479316246099086], [0.029401824940858398, 0.9705981750591416]]}