{"task_id": "TaskEvaluateRandomForest_True_second_large_dat_sqrt_815bb4b680", "input_src_path": "second_large_dataset", "max_vocab_size": 1000, "problem_type": "RETURN_NULL", "window_size": 20, "step_size": 3, "encode_type": true, "test_split_percentage": 0.25, "oversampling_enabled": true, "ratio_after_oversampling": 0.5, "undersampling_enabled": false, "ratio_after_undersampling": 0.5, "n_trees_in_forest": 100, "max_features": "sqrt", "recall": 0.7181480229807368, "precision": 0.9929906542056075, "roc": 0.9982718873683637, "f1": 0.8334967640713865, "train_recall": 1.0, "train_precision": 0.9999931420420256, "train_roc": 0.9999999985719962, "train_f1": 0.9999965710092549, "cm": [[1360884, 15], [834, 2125]], "cm_normalized": [[0.9999889778741846, 1.1022125815361758e-05], [0.2818519770192633, 0.7181480229807368]]}