{"task_id": "TaskEvaluateRandomForest_True_second_large_dat_sqrt_4fe63a3566", "input_src_path": "second_large_dataset", "max_vocab_size": 100000, "problem_type": "CONDITION_COMPARISON_SIMPLE", "window_size": 20, "step_size": 3, "encode_type": true, "test_split_percentage": 0.25, "oversampling_enabled": true, "ratio_after_oversampling": 1.0, "undersampling_enabled": false, "ratio_after_undersampling": 0.5, "n_trees_in_forest": 100, "max_features": "sqrt", "recall": 0.8984342753363969, "precision": 0.9784823783265404, "roc": 0.9990847794138402, "f1": 0.9367513520492333, "train_recall": 1.0, "train_precision": 0.9999889495408408, "train_roc": 0.9999999985769714, "train_f1": 0.9999944747398921, "cm": [[1326799, 718], [3691, 32650]], "cm_normalized": [[0.9994591406362404, 0.0005408593637595601], [0.1015657246636031, 0.8984342753363969]]}