{"task_id": "TaskEvaluateGradientBoostingClassifier_True_second_large_dat_0_1_1050447b4d", "input_src_path": "second_large_dataset", "max_vocab_size": 100000, "problem_type": "RETURN_NULL", "window_size": 20, "step_size": 3, "encode_type": true, "test_split_percentage": 0.25, "oversampling_enabled": true, "ratio_after_oversampling": 0.5, "undersampling_enabled": false, "ratio_after_undersampling": 0.5, "n_estimators": 400, "learning_rate": 0.1, "subsample": 1.0, "recall": 0.9969584319026699, "precision": 0.28552071234998067, "roc": 0.9997739916640263, "f1": 0.4439094123843202, "train_recall": 0.997863731440524, "train_precision": 0.9894360690072557, "train_roc": 0.9998186004627555, "train_f1": 0.9936320303750443, "cm": [[1353517, 7382], [9, 2950]], "cm_normalized": [[0.9945756444820666, 0.005424355517933366], [0.003041568097330179, 0.9969584319026699]]}