{"task_id": "TaskEvaluateRandomForest_True_second_large_dat_sqrt_90258d76c4", "input_src_path": "second_large_dataset", "max_vocab_size": 100000, "problem_type": "CONDITION_COMPARISON", "window_size": 20, "step_size": 3, "encode_type": true, "test_split_percentage": 0.25, "oversampling_enabled": false, "ratio_after_oversampling": 0.5, "undersampling_enabled": true, "ratio_after_undersampling": 0.1, "n_trees_in_forest": 100, "max_features": "sqrt", "recall": 0.9041139384043181, "precision": 0.9638781431334623, "roc": 0.9984856664641036, "f1": 0.9330399981276477, "train_recall": 0.9999351779365642, "train_precision": 0.9999002772293025, "train_roc": 0.9999995632672037, "train_f1": 0.9999177272783935, "cm": [[1295476, 2241], [6342, 59799]], "cm_normalized": [[0.9982731211812745, 0.0017268788187255002], [0.09588606159568196, 0.9041139384043181]]}