{"task_id": "TaskEvaluateRandomForest_False_second_large_dat_sqrt_24ea32a867", "input_src_path": "second_large_dataset", "max_vocab_size": 100000, "problem_type": "CONDITION_COMPARISON", "window_size": 20, "step_size": 3, "encode_type": false, "test_split_percentage": 0.25, "oversampling_enabled": false, "ratio_after_oversampling": 0.5, "undersampling_enabled": true, "ratio_after_undersampling": 0.5, "n_trees_in_forest": 100, "max_features": "sqrt", "recall": 0.9576813171860117, "precision": 0.7769164724641237, "roc": 0.997136132106186, "f1": 0.857880017064962, "train_recall": 0.999995013687428, "train_precision": 0.9999750689343964, "train_roc": 0.999999403728026, "train_f1": 0.9999850412114625, "cm": [[1279529, 18188], [2799, 63342]], "cm_normalized": [[0.9859846176015263, 0.014015382398473627], [0.0423186828139883, 0.9576813171860117]]}