{"task_id": "TaskEvaluateRandomForest_True_second_large_dat_sqrt_2ae1aa16de", "input_src_path": "second_large_dataset", "max_vocab_size": 100000, "problem_type": "CONDITION_COMPARISON", "window_size": 20, "step_size": 3, "encode_type": true, "test_split_percentage": 0.25, "oversampling_enabled": true, "ratio_after_oversampling": 0.5, "undersampling_enabled": false, "ratio_after_undersampling": 0.5, "n_trees_in_forest": 100, "max_features": "sqrt", "recall": 0.9009086648221224, "precision": 0.9760040621109873, "roc": 0.9987883853178526, "f1": 0.9369540776615066, "train_recall": 1.0, "train_precision": 0.9999619651868383, "train_roc": 0.9999999949646857, "train_f1": 0.9999809822317506, "cm": [[1296252, 1465], [6554, 59587]], "cm_normalized": [[0.99887109439115, 0.0011289056088500035], [0.09909133517787756, 0.9009086648221224]]}