{"task_id": "TaskEvaluateRandomForest_balanced_True_sqrt_db2c8df8c0", "test_split_percentage": 0.2, "oversampling_enabled": true, "ratio_after_oversampling": 0.5, "undersampling_enabled": false, "ratio_after_undersampling": 0.5, "train_dir": "final_dataset", "test_dir": "final_test", "problem_type": "CONDITION_COMPARISON", "window_size": 20, "step_size": 3, "encode_type": true, "max_vocab_size": 100000, "n_trees_in_forest": 100, "max_features": "sqrt", "class_weight": "balanced", "test_recall": 0.8098480880041907, "test_precision": 0.9715123586091328, "test_roc": 0.9973536389569236, "test_f1": 0.8833444433863441, "train_recall": 1.0, "train_precision": 0.9999600809083546, "train_roc": 0.9999999859061753, "train_f1": 0.9999800400557859, "cm": [[455216, 544], [4356, 18552]], "cm_normalized": [[0.951005707504993, 0.0011364870849941923], [0.00910025320263732, 0.038757552207375465]]}