{"task_id": "TaskEvaluateGradientBoostingClassifier_True_0_2_100000_ac24fb7c65", "test_split_percentage": 0.2, "oversampling_enabled": false, "ratio_after_oversampling": 0.5, "undersampling_enabled": false, "ratio_after_undersampling": 0.5, "train_dir": "final_dataset", "test_dir": "final_test", "problem_type": "RETURN_NULL", "window_size": 20, "step_size": 3, "encode_type": true, "max_vocab_size": 100000, "n_estimators": 300, "learning_rate": 0.2, "subsample": 1.0, "test_recall": 0.6444270015698587, "test_precision": 0.9101995565410199, "test_roc": 0.9994088769713755, "test_f1": 0.754595588235294, "train_recall": 0.9015319394932074, "train_precision": 0.9741801145236856, "train_roc": 0.9999084868895826, "train_f1": 0.9364491593274619, "cm": [[477313, 81], [453, 821]], "cm_normalized": [[0.9971692279408693, 0.00016921958434656172], [0.0009463761939381784, 0.0017151762808460143]]}