{"task_id": "TaskEvaluateGradientBoostingClassifier_True_0_2_100000_7ca1001feb", "test_split_percentage": 0.2, "oversampling_enabled": false, "ratio_after_oversampling": 0.5, "undersampling_enabled": true, "ratio_after_undersampling": 0.5, "train_dir": "final_dataset", "test_dir": "final_test", "problem_type": "CONDITION_COMPARISON_SIMPLE", "window_size": 20, "step_size": 3, "encode_type": true, "max_vocab_size": 100000, "n_estimators": 200, "learning_rate": 0.2, "subsample": 1.0, "test_recall": 0.659592176446109, "test_precision": 0.5670435031482541, "test_roc": 0.9811308148895058, "test_f1": 0.6098264783963679, "train_recall": 0.9816140702906482, "train_precision": 0.9555833431987688, "train_roc": 0.9950497560931607, "train_f1": 0.9684238152369526, "cm": [[460602, 6051], [4090, 7925]], "cm_normalized": [[0.9622577652987039, 0.012641329689889444], [0.008544544444165894, 0.01655636056724076]]}