{"task_id": "TaskEvaluateRandomForest_balanced_True_sqrt_aa3bcf5f7c", "test_split_percentage": 0.2, "oversampling_enabled": true, "ratio_after_oversampling": 0.5, "undersampling_enabled": false, "ratio_after_undersampling": 0.5, "train_dir": "final_dataset", "test_dir": "final_test", "problem_type": "RETURN_NULL", "window_size": 20, "step_size": 3, "encode_type": true, "max_vocab_size": 100000, "n_trees_in_forest": 100, "max_features": "sqrt", "class_weight": "balanced", "test_recall": 0.5384615384615384, "test_precision": 1.0, "test_roc": 0.9968327718853042, "test_f1": 0.7000000000000001, "train_recall": 1.0, "train_precision": 0.999998785414283, "train_roc": 0.9999999999491459, "train_f1": 0.9999993927067726, "cm": [[477394, 0], [588, 686]], "cm_normalized": [[0.9973384475252158, 0.0], [0.0012284088345157812, 0.0014331436402684114]]}