{"task_id": "TaskEvaluateGradientBoostingClassifier_True_0_1_100000_31a7f60479", "test_split_percentage": 0.2, "oversampling_enabled": true, "ratio_after_oversampling": 0.5, "undersampling_enabled": false, "ratio_after_undersampling": 0.5, "train_dir": "final_dataset", "test_dir": "final_test", "problem_type": "CONDITION_COMPARISON_SIMPLE", "window_size": 20, "step_size": 3, "encode_type": true, "max_vocab_size": 100000, "n_estimators": 100, "learning_rate": 0.1, "subsample": 1.0, "test_recall": 0.7274240532667499, "test_precision": 0.30528485102518427, "test_roc": 0.9606845089530575, "test_f1": 0.430075779942919, "train_recall": 0.9216852468269845, "train_precision": 0.9007331393167507, "train_roc": 0.9800606844748456, "train_f1": 0.9110887512423574, "cm": [[446764, 19889], [3275, 8740]], "cm_normalized": [[0.9333483750741641, 0.041550719914429206], [0.0068419029473455505, 0.018259002064061104]]}