{"task_id": "TaskEvaluateRandomForest_None_True_sqrt_ac94cddafd", "test_split_percentage": 0.2, "oversampling_enabled": false, "ratio_after_oversampling": 0.5, "undersampling_enabled": true, "ratio_after_undersampling": 0.1, "train_dir": "final_dataset", "test_dir": "final_test", "problem_type": "CONDITION_COMPARISON_SIMPLE", "window_size": 20, "step_size": 3, "encode_type": true, "max_vocab_size": 100000, "n_trees_in_forest": 100, "max_features": "sqrt", "class_weight": null, "test_recall": 0.8539325842696629, "test_precision": 0.9465817879878218, "test_roc": 0.9982265763857634, "test_f1": 0.8978734576004201, "train_recall": 0.9999619968381369, "train_precision": 0.9999087972639179, "train_roc": 0.9999997932281146, "train_f1": 0.9999353963434331, "cm": [[466074, 579], [1755, 10260]], "cm_normalized": [[0.973689488330116, 0.0012096066584772744], [0.003666424327508837, 0.021434480683897816]]}