{"task_id": "TaskEvaluateRandomForest_None_False_sqrt_b5a4af1141", "test_split_percentage": 0.2, "oversampling_enabled": true, "ratio_after_oversampling": 0.5, "undersampling_enabled": false, "ratio_after_undersampling": 0.5, "train_dir": "final_dataset", "test_dir": "final_test", "problem_type": "RETURN_NULL", "window_size": 20, "step_size": 3, "encode_type": false, "max_vocab_size": 100000, "n_trees_in_forest": 100, "max_features": "sqrt", "class_weight": null, "test_recall": 0.37990580847723704, "test_precision": 1.0, "test_roc": 0.9961212336884812, "test_f1": 0.5506257110352674, "train_recall": 1.0, "train_precision": 0.999998785414283, "train_roc": 0.9999999999491458, "train_f1": 0.9999993927067726, "cm": [[477394, 0], [790, 484]], "cm_normalized": [[0.9973384475252158, 0.0], [0.001650413230046713, 0.00101113924473748]]}