{"task_id": "TaskEvaluateRandomForest_None_True_sqrt_38db4c1ddb", "test_split_percentage": 0.2, "oversampling_enabled": false, "ratio_after_oversampling": 0.5, "undersampling_enabled": true, "ratio_after_undersampling": 0.5, "train_dir": "final_dataset", "test_dir": "final_test", "problem_type": "CONDITION_COMPARISON_SIMPLE", "window_size": 20, "step_size": 3, "encode_type": true, "max_vocab_size": 100000, "n_trees_in_forest": 100, "max_features": "sqrt", "class_weight": null, "test_recall": 0.9485642946317103, "test_precision": 0.6859464339452302, "test_roc": 0.9970320028785505, "test_f1": 0.7961578763534752, "train_recall": 1.0, "train_precision": 0.9999771986227968, "train_roc": 0.9999998976033618, "train_f1": 0.9999885991814212, "cm": [[461435, 5218], [618, 11397]], "cm_normalized": [[0.9639980111476013, 0.010901083840992086], [0.0012910827546441376, 0.023809822256762515]]}