{"task_id": "TaskEvaluateRandomForest_balanced_True_sqrt_871c5e020a", "test_split_percentage": 0.2, "oversampling_enabled": false, "ratio_after_oversampling": 0.5, "undersampling_enabled": false, "ratio_after_undersampling": 0.5, "train_dir": "final_dataset", "test_dir": "final_test", "problem_type": "CONDITION_COMPARISON", "window_size": 20, "step_size": 3, "encode_type": true, "max_vocab_size": 100000, "n_trees_in_forest": 100, "max_features": "sqrt", "class_weight": "balanced", "test_recall": 0.7433647634014318, "test_precision": 0.9846767665086157, "test_roc": 0.9969988142138196, "test_f1": 0.847171782498383, "train_recall": 0.999970953151583, "train_precision": 0.9996515491543845, "train_roc": 0.9999970257469591, "train_f1": 0.9998112256434405, "cm": [[455495, 265], [5879, 17029]], "cm_normalized": [[0.9515885749621867, 0.0005536196278004797], [0.012281999214486868, 0.035575806195525916]]}