{"task_id": "TaskEvaluateLstm_256_0_2_0_2_1bb7576096", "test_split_percentage": 0.2, "oversampling_enabled": false, "ratio_after_oversampling": 0.5, "undersampling_enabled": false, "ratio_after_undersampling": 0.5, "train_dir": "final_dataset", "test_dir": "final_test", "problem_type": "CONDITION_COMPARISON_SIMPLE", "window_size": 20, "step_size": 3, "encode_type": false, "max_vocab_size": 100000, "embedding_vecor_length": 32, "epochs": 2, "batch_size": 256, "num_lstm_cells": 10, "dropout_emb_lstm": 0.2, "dropout_lstm_dense": 0.2, "test_recall": 0.23745318352059924, "test_precision": 0.4566992156234993, "test_roc": 0.728232102702412, "test_f1": 0.31245208629941956, "train_recall": 0.9952344035023714, "train_precision": 0.9857565514593513, "train_roc": 0.9999760746006714, "train_f1": 0.9904728045657921, "cm": [[463259, 3394], [9162, 2853]], "cm_normalized": [[0.9678085854914054, 0.00709050949718803], [0.01914061520719998, 0.005960289804206673]]}