{"task_id": "TaskEvaluateGradientBoostingClassifier_True_0_2_100000_cfc5140dad", "test_split_percentage": 0.2, "oversampling_enabled": false, "ratio_after_oversampling": 0.5, "undersampling_enabled": true, "ratio_after_undersampling": 0.5, "train_dir": "final_dataset", "test_dir": "final_test", "problem_type": "CONDITION_COMPARISON", "window_size": 20, "step_size": 3, "encode_type": true, "max_vocab_size": 100000, "n_estimators": 100, "learning_rate": 0.2, "subsample": 1.0, "test_recall": 0.5788807403527152, "test_precision": 0.5137931034482759, "test_roc": 0.9497181907583934, "test_f1": 0.5443983743175007, "train_recall": 0.9415577409851031, "train_precision": 0.9346387998714855, "train_roc": 0.9898628793941632, "train_f1": 0.9380855127706899, "cm": [[443211, 12549], [9647, 13261]], "cm_normalized": [[0.9259256938002958, 0.026216500789691392], [0.020153843582608404, 0.02770396182740438]]}