{"task_id": "TaskEvaluateLstm_256_0_2_0_2_aad45ea2aa", "test_split_percentage": 0.2, "oversampling_enabled": false, "ratio_after_oversampling": 0.5, "undersampling_enabled": false, "ratio_after_undersampling": 0.5, "train_dir": "final_dataset", "test_dir": "final_test", "problem_type": "CONDITION_COMPARISON_SIMPLE", "window_size": 20, "step_size": 3, "encode_type": false, "max_vocab_size": 100000, "embedding_vecor_length": 32, "epochs": 3, "batch_size": 256, "num_lstm_cells": 10, "dropout_emb_lstm": 0.2, "dropout_lstm_dense": 0.2, "test_recall": 0.09779442363712026, "test_precision": 0.6438356164383562, "test_roc": 0.6194594884689325, "test_f1": 0.16979768786127167, "train_recall": 0.9920269366411285, "train_precision": 0.9935674918546938, "train_roc": 0.9999884506085708, "train_f1": 0.992796616615703, "cm": [[466003, 650], [10840, 1175]], "cm_normalized": [[0.9735411600524789, 0.001357934936114384], [0.022646176473046037, 0.0024547285383606176]]}