{"task_id": "TaskEvaluateLstm_256_0_2_0_2_70afad1130", "test_split_percentage": 0.2, "oversampling_enabled": false, "ratio_after_oversampling": 0.5, "undersampling_enabled": false, "ratio_after_undersampling": 0.5, "train_dir": "final_dataset", "test_dir": "final_test", "problem_type": "RETURN_NULL", "window_size": 20, "step_size": 3, "encode_type": false, "max_vocab_size": 100000, "embedding_vecor_length": 32, "epochs": 2, "batch_size": 256, "num_lstm_cells": 10, "dropout_emb_lstm": 0.2, "dropout_lstm_dense": 0.2, "test_recall": 0.030612244897959183, "test_precision": 0.06372549019607843, "test_roc": 0.6953285935456398, "test_f1": 0.04135737009544008, "train_recall": 0.9912322959822719, "train_precision": 0.9960305934746829, "train_roc": 0.9999996399478618, "train_f1": 0.9936256519219625, "cm": [[476821, 573], [1235, 39]], "cm_normalized": [[0.9961413756507642, 0.0011970718744516032], [0.00258007637861733, 8.147609616686305e-05]]}