{"task_id": "TaskEvaluateLstm_64_0_2_0_2_2c1c30d384", "test_split_percentage": 0.2, "oversampling_enabled": false, "ratio_after_oversampling": 0.5, "undersampling_enabled": false, "ratio_after_undersampling": 0.5, "train_dir": "final_dataset", "test_dir": "final_test", "problem_type": "RETURN_NULL", "window_size": 20, "step_size": 3, "encode_type": false, "max_vocab_size": 100000, "embedding_vecor_length": 32, "epochs": 3, "batch_size": 64, "num_lstm_cells": 10, "dropout_emb_lstm": 0.2, "dropout_lstm_dense": 0.2, "test_recall": 0.06436420722135008, "test_precision": 0.5734265734265734, "test_roc": 0.7953062380688498, "test_f1": 0.1157374735356387, "train_recall": 0.9849696502553232, "train_precision": 0.9988275525158768, "train_roc": 0.9999996373538402, "train_f1": 0.9918501988939555, "cm": [[477333, 61], [1192, 82]], "cm_normalized": [[0.9972110105542882, 0.00012743697092765759], [0.002490243759766686, 0.0001713087150175069]]}