{"task_id": "TaskEvaluateRandomForest_balanced_False_sqrt_6e539fc1e8", "test_split_percentage": 0.2, "oversampling_enabled": false, "ratio_after_oversampling": 0.5, "undersampling_enabled": false, "ratio_after_undersampling": 0.5, "train_dir": "final_dataset", "test_dir": "final_test", "problem_type": "CONDITION_COMPARISON", "window_size": 20, "step_size": 3, "encode_type": false, "max_vocab_size": 100000, "n_trees_in_forest": 100, "max_features": "sqrt", "class_weight": "balanced", "test_recall": 0.49764274489261395, "test_precision": 0.9849663037843442, "test_roc": 0.9941919251825475, "test_f1": 0.661214546720028, "train_recall": 0.9999792522511307, "train_precision": 0.999651552045265, "train_roc": 0.9999967484930159, "train_f1": 0.9998153752963849, "cm": [[455586, 174], [11508, 11400]], "cm_normalized": [[0.9517786858532428, 0.0003635087367444659], [0.024041715761237432, 0.02381608964877535]]}