{"task_id": "TaskEvaluateGradientBoostingClassifier_True_0_2_100000_92fb6079da", "test_split_percentage": 0.2, "oversampling_enabled": false, "ratio_after_oversampling": 0.5, "undersampling_enabled": false, "ratio_after_undersampling": 0.5, "train_dir": "final_dataset", "test_dir": "final_test", "problem_type": "CONDITION_COMPARISON", "window_size": 20, "step_size": 3, "encode_type": true, "max_vocab_size": 100000, "n_estimators": 200, "learning_rate": 0.2, "subsample": 0.4, "test_recall": 0.09704033525405972, "test_precision": 0.5704387990762124, "test_roc": 0.945566607061378, "test_f1": 0.16586457750419697, "train_recall": 0.8056931822897215, "train_precision": 0.9323735756097327, "train_roc": 0.9958475848083443, "train_f1": 0.8644167777809931, "cm": [[454086, 1674], [20685, 2223]], "cm_normalized": [[0.948644989846825, 0.0034972047431622755], [0.04321366792850159, 0.004644137481511193]]}