{"task_id": "TaskEvaluateRandomForest_None_True_sqrt_2080923b47", "test_split_percentage": 0.2, "oversampling_enabled": false, "ratio_after_oversampling": 0.5, "undersampling_enabled": false, "ratio_after_undersampling": 0.5, "train_dir": "final_dataset", "test_dir": "final_test", "problem_type": "CONDITION_COMPARISON_SIMPLE", "window_size": 20, "step_size": 3, "encode_type": true, "max_vocab_size": 100000, "n_trees_in_forest": 100, "max_features": "sqrt", "class_weight": null, "test_recall": 0.7445692883895131, "test_precision": 0.9937791601866252, "test_roc": 0.9981493655460264, "test_f1": 0.8513108436027976, "train_recall": 0.999863188617293, "train_precision": 0.9997720018239854, "train_roc": 0.99999979171594, "train_f1": 0.9998175931415021, "cm": [[466597, 56], [3069, 8946]], "cm_normalized": [[0.9747821036710204, 0.00011699131757293155], [0.0064115420291308385, 0.018689362982275814]]}