{"task_id": "TaskEvaluateLstm_256_0_2_0_2_d37a6e1dde", "test_split_percentage": 0.2, "oversampling_enabled": false, "ratio_after_oversampling": 0.5, "undersampling_enabled": false, "ratio_after_undersampling": 0.5, "train_dir": "final_dataset", "test_dir": "final_test", "problem_type": "CONDITION_COMPARISON", "window_size": 20, "step_size": 3, "encode_type": false, "max_vocab_size": 100000, "embedding_vecor_length": 32, "epochs": 2, "batch_size": 256, "num_lstm_cells": 10, "dropout_emb_lstm": 0.2, "dropout_lstm_dense": 0.2, "test_recall": 0.12052558058320237, "test_precision": 0.642093023255814, "test_roc": 0.5430986646826178, "test_f1": 0.2029550132314025, "train_recall": 0.9940785924727167, "train_precision": 0.9812445216308542, "train_roc": 0.9999674575035999, "train_f1": 0.9876198642843597, "cm": [[454221, 1539], [20147, 2761]], "cm_normalized": [[0.9489270224874026, 0.0032151721025846726], [0.042089715627533074, 0.005768089782479714]]}