{"task_id": "TaskEvaluateRandomForest_balanced_True_sqrt_05dfa5ae0a", "test_split_percentage": 0.2, "oversampling_enabled": false, "ratio_after_oversampling": 0.5, "undersampling_enabled": true, "ratio_after_undersampling": 0.5, "train_dir": "final_dataset", "test_dir": "final_test", "problem_type": "CONDITION_COMPARISON_SIMPLE", "window_size": 20, "step_size": 3, "encode_type": true, "max_vocab_size": 100000, "n_trees_in_forest": 100, "max_features": "sqrt", "class_weight": "balanced", "test_recall": 0.9489804411152726, "test_precision": 0.6848048048048048, "test_roc": 0.99709784598748, "test_f1": 0.7955346241060527, "train_recall": 1.0, "train_precision": 0.9999771986227968, "train_roc": 0.9999996390843462, "train_f1": 0.9999885991814212, "cm": [[461405, 5248], [613, 11402]], "cm_normalized": [[0.9639353372274729, 0.010963757761120442], [0.0012806371012894114, 0.02382026791011724]]}