{"task_id": "TaskEvaluateGradientBoostingClassifier_True_0_2_100000_b19d11e716", "test_split_percentage": 0.2, "oversampling_enabled": false, "ratio_after_oversampling": 0.5, "undersampling_enabled": false, "ratio_after_undersampling": 0.5, "train_dir": "final_dataset", "test_dir": "final_test", "problem_type": "CONDITION_COMPARISON_SIMPLE", "window_size": 20, "step_size": 3, "encode_type": true, "max_vocab_size": 100000, "n_estimators": 100, "learning_rate": 0.2, "subsample": 1.0, "test_recall": 0.05409904286308781, "test_precision": 0.6519558676028084, "test_roc": 0.9694057446531658, "test_f1": 0.09990777743621275, "train_recall": 0.4756779764076371, "train_precision": 0.8328985892999734, "train_roc": 0.9912767772201483, "train_f1": 0.6055305068018654, "cm": [[466306, 347], [11365, 650]], "cm_normalized": [[0.9741741666457754, 0.0007249283428179866], [0.02374297007529227, 0.001357934936114384]]}