{"task_id": "TaskEvaluateRandomForest_balanced_False_sqrt_716f21c937", "test_split_percentage": 0.2, "oversampling_enabled": false, "ratio_after_oversampling": 0.5, "undersampling_enabled": false, "ratio_after_undersampling": 0.5, "train_dir": "final_dataset", "test_dir": "final_test", "problem_type": "CONDITION_COMPARISON_SIMPLE", "window_size": 20, "step_size": 3, "encode_type": false, "max_vocab_size": 100000, "n_trees_in_forest": 100, "max_features": "sqrt", "class_weight": "balanced", "test_recall": 0.520682480233042, "test_precision": 0.9914421553090332, "test_roc": 0.9971541973791654, "test_f1": 0.6827830832196453, "train_recall": 0.9999923993676274, "train_precision": 0.9995973256344021, "train_roc": 0.9999976824460985, "train_f1": 0.9997948234721948, "cm": [[466599, 54], [5759, 6256]], "cm_normalized": [[0.9747862819323623, 0.00011281305623104114], [0.012031303533973444, 0.013069601477433211]]}