{"task_id": "TaskEvaluateGradientBoostingClassifier_True_0_1_100000_3fa44f689b", "test_split_percentage": 0.2, "oversampling_enabled": false, "ratio_after_oversampling": 0.5, "undersampling_enabled": true, "ratio_after_undersampling": 0.5, "train_dir": "final_dataset", "test_dir": "final_test", "problem_type": "CONDITION_COMPARISON_SIMPLE", "window_size": 20, "step_size": 3, "encode_type": true, "max_vocab_size": 100000, "n_estimators": 100, "learning_rate": 0.1, "subsample": 1.0, "test_recall": 0.7329171868497711, "test_precision": 0.31371571072319204, "test_roc": 0.9620284056312371, "test_f1": 0.43936634651365847, "train_recall": 0.9193800924236897, "train_precision": 0.9038474471153487, "train_roc": 0.9811054598345891, "train_f1": 0.9115476060392544, "cm": [[447389, 19264], [3209, 8806]], "cm_normalized": [[0.9346540817435048, 0.04024501324508845], [0.006704020323063167, 0.018396884688343485]]}