{"task_id": "TaskEvaluateRandomForest_None_False_sqrt_6260383d38", "test_split_percentage": 0.2, "oversampling_enabled": true, "ratio_after_oversampling": 1.0, "undersampling_enabled": false, "ratio_after_undersampling": 0.5, "train_dir": "final_dataset", "test_dir": "final_test", "problem_type": "RETURN_NULL", "window_size": 20, "step_size": 3, "encode_type": false, "max_vocab_size": 100000, "n_trees_in_forest": 100, "max_features": "sqrt", "class_weight": null, "test_recall": 0.3540031397174254, "test_precision": 1.0, "test_roc": 0.9938844372425439, "test_f1": 0.5228985507246376, "train_recall": 1.0, "train_precision": 0.9999993927067727, "train_roc": 0.9999999999500884, "train_f1": 0.9999996963532942, "cm": [[477394, 0], [823, 451]], "cm_normalized": [[0.9973384475252158, 0.0], [0.0017193545421879048, 0.000942197932596288]]}