{"task_id": "TaskEvaluateGradientBoostingClassifier_True_0_2_100000_41601a6c20", "test_split_percentage": 0.2, "oversampling_enabled": false, "ratio_after_oversampling": 0.5, "undersampling_enabled": false, "ratio_after_undersampling": 0.5, "train_dir": "final_dataset", "test_dir": "final_test", "problem_type": "CONDITION_COMPARISON", "window_size": 20, "step_size": 3, "encode_type": true, "max_vocab_size": 100000, "n_estimators": 100, "learning_rate": 0.2, "subsample": 1.0, "test_recall": 0.08835341365461848, "test_precision": 0.6272079330647661, "test_roc": 0.9384256382495128, "test_f1": 0.1548880811172757, "train_recall": 0.6241130337358397, "train_precision": 0.9138439104414132, "train_roc": 0.9919713626113627, "train_f1": 0.7416877273007458, "cm": [[454557, 1203], [20884, 2024]], "cm_normalized": [[0.9496289703928401, 0.002513224197147083], [0.04362940493201969, 0.004228400477993098]]}