{"task_id": "TaskEvaluateGradientBoostingClassifier_True_0_2_100000_dff36902fd", "test_split_percentage": 0.2, "oversampling_enabled": false, "ratio_after_oversampling": 0.5, "undersampling_enabled": true, "ratio_after_undersampling": 0.5, "train_dir": "final_dataset", "test_dir": "final_test", "problem_type": "CONDITION_COMPARISON", "window_size": 20, "step_size": 3, "encode_type": true, "max_vocab_size": 100000, "n_estimators": 200, "learning_rate": 0.2, "subsample": 1.0, "test_recall": 0.48611838658983764, "test_precision": 0.5336911722419246, "test_roc": 0.950556056477438, "test_f1": 0.5087951752181661, "train_recall": 0.9732686003568612, "train_precision": 0.9533153954331515, "train_roc": 0.9955633202277364, "train_f1": 0.9631886724268208, "cm": [[446030, 9730], [11772, 11136]], "cm_normalized": [[0.9318149531616904, 0.020327241428296856], [0.02459324625836697, 0.023264559151645818]]}