{"task_id": "TaskEvaluateRandomForest_None_False_sqrt_57d6929776", "test_split_percentage": 0.2, "oversampling_enabled": false, "ratio_after_oversampling": 0.5, "undersampling_enabled": false, "ratio_after_undersampling": 0.5, "train_dir": "final_dataset", "test_dir": "final_test", "problem_type": "RETURN_NULL", "window_size": 20, "step_size": 3, "encode_type": false, "max_vocab_size": 100000, "n_trees_in_forest": 100, "max_features": "sqrt", "class_weight": null, "test_recall": 0.076138147566719, "test_precision": 1.0, "test_roc": 0.9958893469568091, "test_f1": 0.14150255288110866, "train_recall": 0.9998073032084016, "train_precision": 1.0, "train_roc": 0.9999999999512402, "train_f1": 0.9999036423202929, "cm": [[477394, 0], [1177, 97]], "cm_normalized": [[0.9973384475252158, 0.0], [0.0024589067997025076, 0.00020264567508168502]]}