{"task_id": "TaskEvaluateRandomForest_None_True_sqrt_bcd49065d5", "test_split_percentage": 0.2, "oversampling_enabled": true, "ratio_after_oversampling": 0.5, "undersampling_enabled": false, "ratio_after_undersampling": 0.5, "train_dir": "final_dataset", "test_dir": "final_test", "problem_type": "CONDITION_COMPARISON", "window_size": 20, "step_size": 3, "encode_type": true, "max_vocab_size": 100000, "n_trees_in_forest": 100, "max_features": "sqrt", "class_weight": null, "test_recall": 0.8083638903439846, "test_precision": 0.9744264365396759, "test_roc": 0.9974009122802848, "test_f1": 0.8836610040083985, "train_recall": 1.0, "train_precision": 0.9999600809083546, "train_roc": 0.9999999937820446, "train_f1": 0.9999800400557859, "cm": [[455274, 486], [4390, 18518]], "cm_normalized": [[0.9511268770839079, 0.0010153175060793702], [0.009171283645449455, 0.03868652176456333]]}