{"task_id": "TaskEvaluateRandomForest_None_True_sqrt_80fcb156ec", "test_split_percentage": 0.2, "oversampling_enabled": false, "ratio_after_oversampling": 0.5, "undersampling_enabled": true, "ratio_after_undersampling": 0.1, "train_dir": "final_dataset", "test_dir": "final_test", "problem_type": "CONDITION_COMPARISON", "window_size": 20, "step_size": 3, "encode_type": true, "max_vocab_size": 100000, "n_trees_in_forest": 100, "max_features": "sqrt", "class_weight": null, "test_recall": 0.8101100052383446, "test_precision": 0.966310856547774, "test_roc": 0.9969468695369738, "test_f1": 0.8813430532139719, "train_recall": 0.9999294576538446, "train_precision": 0.9998879668049793, "train_roc": 0.999999627227549, "train_f1": 0.999908711799, "cm": [[455113, 647], [4350, 18558]], "cm_normalized": [[0.9507905270458856, 0.0013516675441015485], [0.009087718418611647, 0.03877008699140114]]}