{"task_id": "TaskEvaluateGradientBoostingClassifier_True_0_2_100000_c465f1312d", "test_split_percentage": 0.2, "oversampling_enabled": false, "ratio_after_oversampling": 0.5, "undersampling_enabled": true, "ratio_after_undersampling": 0.5, "train_dir": "final_dataset", "test_dir": "final_test", "problem_type": "RETURN_NULL", "window_size": 20, "step_size": 3, "encode_type": true, "max_vocab_size": 100000, "n_estimators": 200, "learning_rate": 0.2, "subsample": 1.0, "test_recall": 0.9795918367346939, "test_precision": 0.31364664488564964, "test_roc": 0.9992765356267141, "test_f1": 0.47515705311250706, "train_recall": 0.997687638500819, "train_precision": 0.9911936441083564, "train_roc": 0.9999386555268773, "train_f1": 0.9944300393738597, "cm": [[474663, 2731], [26, 1248]], "cm_normalized": [[0.9916330316628644, 0.005705415862351358], [5.431739744457536e-05, 0.0026072350773396176]]}