{"task_id": "TaskEvaluateLstm_256_0_2_0_2_09499cb556", "test_split_percentage": 0.2, "oversampling_enabled": false, "ratio_after_oversampling": 0.5, "undersampling_enabled": false, "ratio_after_undersampling": 0.5, "train_dir": "final_dataset", "test_dir": "final_test", "problem_type": "CONDITION_COMPARISON", "window_size": 20, "step_size": 3, "encode_type": false, "max_vocab_size": 100000, "embedding_vecor_length": 16, "epochs": 3, "batch_size": 256, "num_lstm_cells": 10, "dropout_emb_lstm": 0.2, "dropout_lstm_dense": 0.2, "test_recall": 0.10245329142657587, "test_precision": 0.6921262164553229, "test_roc": 0.5949107749502793, "test_f1": 0.17848587398760407, "train_recall": 0.9878833146603594, "train_precision": 0.9874121233487485, "train_roc": 0.9999714751227858, "train_f1": 0.9876476628050489, "cm": [[454716, 1044], [20561, 2347]], "cm_normalized": [[0.9499611421695204, 0.0021810524204667952], [0.04295461572530439, 0.004903189684708399]]}