{"task_id": "TaskEvaluateGradientBoostingClassifier_True_0_2_100000_abbd1aec78", "test_split_percentage": 0.2, "oversampling_enabled": true, "ratio_after_oversampling": 0.5, "undersampling_enabled": false, "ratio_after_undersampling": 0.5, "train_dir": "final_dataset", "test_dir": "final_test", "problem_type": "RETURN_NULL", "window_size": 20, "step_size": 3, "encode_type": true, "max_vocab_size": 100000, "n_estimators": 100, "learning_rate": 0.2, "subsample": 1.0, "test_recall": 0.9615384615384616, "test_precision": 0.17943459792002345, "test_roc": 0.9976988965780195, "test_f1": 0.30243179854338975, "train_recall": 0.9914019372665716, "train_precision": 0.9749868607558648, "train_roc": 0.998982108248292, "train_f1": 0.9831258838892027, "cm": [[471792, 5602], [49, 1225]], "cm_normalized": [[0.9856351375065807, 0.011703310018635046], [0.0001023674028763151, 0.0025591850719078775]]}