{"task_id": "TaskEvaluateLstm_256_0_2_0_2_1d3147ea8a", "test_split_percentage": 0.2, "oversampling_enabled": true, "ratio_after_oversampling": 0.5, "undersampling_enabled": false, "ratio_after_undersampling": 0.5, "train_dir": "final_dataset", "test_dir": "final_test", "problem_type": "RETURN_NULL", "window_size": 20, "step_size": 3, "encode_type": false, "max_vocab_size": 100000, "embedding_vecor_length": 32, "epochs": 3, "batch_size": 256, "num_lstm_cells": 100, "dropout_emb_lstm": 0.2, "dropout_lstm_dense": 0.2, "test_recall": 0.32653061224489793, "test_precision": 0.2595134123518403, "test_roc": 0.9556192034647237, "test_f1": 0.289190128606187, "train_recall": 1.0, "train_precision": 0.9999769233758915, "train_roc": 0.9999999952532682, "train_f1": 0.9999884615548116, "cm": [[476207, 1187], [858, 416]], "cm_normalized": [[0.9948586494188039, 0.00247979810641196], [0.001792474115670987, 0.0008690783591132058]]}