{"task_id": "TaskEvaluateRandomForest_None_False_sqrt_2fb22e7224", "test_split_percentage": 0.2, "oversampling_enabled": true, "ratio_after_oversampling": 0.5, "undersampling_enabled": false, "ratio_after_undersampling": 0.5, "train_dir": "final_dataset", "test_dir": "final_test", "problem_type": "CONDITION_COMPARISON_SIMPLE", "window_size": 20, "step_size": 3, "encode_type": false, "max_vocab_size": 100000, "n_trees_in_forest": 100, "max_features": "sqrt", "class_weight": null, "test_recall": 0.5781106949646275, "test_precision": 0.983295583238958, "test_roc": 0.9974774073974819, "test_f1": 0.728130405157503, "train_recall": 1.0, "train_precision": 0.9999780031235564, "train_roc": 0.9999999979915551, "train_f1": 0.9999890014408112, "cm": [[466535, 118], [5069, 6946]], "cm_normalized": [[0.9746525775694218, 0.00024651741917153437], [0.01058980337102125, 0.014511101640385403]]}