{"task_id": "TaskEvaluateGradientBoostingClassifier_True_0_2_100000_d45aa21b77", "test_split_percentage": 0.2, "oversampling_enabled": false, "ratio_after_oversampling": 0.5, "undersampling_enabled": false, "ratio_after_undersampling": 0.5, "train_dir": "final_dataset", "test_dir": "final_test", "problem_type": "CONDITION_COMPARISON", "window_size": 20, "step_size": 3, "encode_type": true, "max_vocab_size": 100000, "n_estimators": 300, "learning_rate": 0.2, "subsample": 1.0, "test_recall": 0.11681508643268727, "test_precision": 0.5665890323946644, "test_roc": 0.9477268430956082, "test_f1": 0.19369548695305996, "train_recall": 0.8767210257687041, "train_precision": 0.9431092819583441, "train_roc": 0.9972914052662224, "train_f1": 0.9087042166291052, "cm": [[453713, 2047], [20232, 2676]], "cm_normalized": [[0.9478657441065623, 0.004276450483424837], [0.042267291734563416, 0.005590513675449372]]}