{"task_id": "TaskEvaluateRandomForest_None_False_sqrt_ad79cbb97e", "test_split_percentage": 0.2, "oversampling_enabled": false, "ratio_after_oversampling": 0.5, "undersampling_enabled": false, "ratio_after_undersampling": 0.5, "train_dir": "final_dataset", "test_dir": "final_test", "problem_type": "CONDITION_COMPARISON_SIMPLE", "window_size": 20, "step_size": 3, "encode_type": false, "max_vocab_size": 100000, "n_trees_in_forest": 100, "max_features": "sqrt", "class_weight": null, "test_recall": 0.4936329588014981, "test_precision": 0.9951342281879194, "test_roc": 0.9968030824059472, "test_f1": 0.6599165507649513, "train_recall": 0.999863188617293, "train_precision": 0.9997644036753026, "train_roc": 0.9999997656400141, "train_f1": 0.9998137937062272, "cm": [[466624, 29], [6084, 5931]], "cm_normalized": [[0.9748385101991359, 6.0584789457410985e-05], [0.012710271002030635, 0.012390634009376018]]}