{"task_id": "TaskEvaluateGradientBoostingClassifier_True_0_1_100000_91040ccef7", "test_split_percentage": 0.2, "oversampling_enabled": true, "ratio_after_oversampling": 0.5, "undersampling_enabled": false, "ratio_after_undersampling": 0.5, "train_dir": "final_dataset", "test_dir": "final_test", "problem_type": "RETURN_NULL", "window_size": 20, "step_size": 3, "encode_type": true, "max_vocab_size": 100000, "n_estimators": 100, "learning_rate": 0.1, "subsample": 1.0, "test_recall": 0.9481946624803768, "test_precision": 0.11714507370054306, "test_roc": 0.9958097678652249, "test_f1": 0.20852753322976006, "train_recall": 0.9713903986882458, "train_precision": 0.9610879760556181, "train_roc": 0.9968589857295153, "train_f1": 0.966211725250366, "cm": [[468290, 9104], [66, 1208]], "cm_normalized": [[0.9783190018969307, 0.01901944562828516], [0.0001378826242823836, 0.0025236698505018093]]}