{"task_id": "TaskEvaluateGradientBoostingClassifier_True_0_2_100000_d54351223e", "test_split_percentage": 0.2, "oversampling_enabled": true, "ratio_after_oversampling": 0.5, "undersampling_enabled": false, "ratio_after_undersampling": 0.5, "train_dir": "final_dataset", "test_dir": "final_test", "problem_type": "RETURN_NULL", "window_size": 20, "step_size": 3, "encode_type": true, "max_vocab_size": 100000, "n_estimators": 200, "learning_rate": 0.2, "subsample": 1.0, "test_recall": 0.9497645211930926, "test_precision": 0.3400786958965711, "test_roc": 0.9989068923905019, "test_f1": 0.5008278145695364, "train_recall": 0.9983716434376866, "train_precision": 0.9889013161139849, "train_roc": 0.999782801032563, "train_f1": 0.9936139144057423, "cm": [[475046, 2348], [64, 1210]], "cm_normalized": [[0.9924331687098364, 0.004905278815379345], [0.0001337043629404932, 0.0025278481118436997]]}