{"task_id": "TaskEvaluateRandomForest_None_False_sqrt_109890ef6e", "test_split_percentage": 0.2, "oversampling_enabled": true, "ratio_after_oversampling": 1.0, "undersampling_enabled": false, "ratio_after_undersampling": 0.5, "train_dir": "final_dataset", "test_dir": "final_test", "problem_type": "CONDITION_COMPARISON_SIMPLE", "window_size": 20, "step_size": 3, "encode_type": false, "max_vocab_size": 100000, "n_trees_in_forest": 100, "max_features": "sqrt", "class_weight": null, "test_recall": 0.6081564710778193, "test_precision": 0.9818597151303413, "test_roc": 0.9973913330914662, "test_f1": 0.7510921519247571, "train_recall": 1.0, "train_precision": 0.9999890014430937, "train_roc": 0.9999999980248235, "train_f1": 0.9999945006913046, "cm": [[466518, 135], [4708, 7307]], "cm_normalized": [[0.9746170623480157, 0.00028203264057760283], [0.00983562719881003, 0.015265277812596623]]}