{"task_id": "TaskEvaluateRandomForest_None_True_sqrt_7cd721ced6", "test_split_percentage": 0.2, "oversampling_enabled": false, "ratio_after_oversampling": 0.5, "undersampling_enabled": false, "ratio_after_undersampling": 0.5, "train_dir": "final_dataset", "test_dir": "final_test", "problem_type": "RETURN_NULL", "window_size": 20, "step_size": 3, "encode_type": true, "max_vocab_size": 100000, "n_trees_in_forest": 100, "max_features": "sqrt", "class_weight": null, "test_recall": 0.24097331240188383, "test_precision": 1.0, "test_roc": 0.9955547456501296, "test_f1": 0.3883617963314358, "train_recall": 0.9998073032084016, "train_precision": 1.0, "train_roc": 0.9999999999512402, "train_f1": 0.9999036423202929, "cm": [[477394, 0], [967, 307]], "cm_normalized": [[0.9973384475252158, 0.0], [0.0020201893588040146, 0.0006413631159801783]]}