{"task_id": "TaskEvaluateGradientBoostingClassifier_True_0_2_100000_eee1b30ab6", "test_split_percentage": 0.2, "oversampling_enabled": false, "ratio_after_oversampling": 0.5, "undersampling_enabled": true, "ratio_after_undersampling": 0.5, "train_dir": "final_dataset", "test_dir": "final_test", "problem_type": "CONDITION_COMPARISON_SIMPLE", "window_size": 20, "step_size": 3, "encode_type": true, "max_vocab_size": 100000, "n_estimators": 100, "learning_rate": 0.2, "subsample": 1.0, "test_recall": 0.7058676654182272, "test_precision": 0.40381868393486336, "test_roc": 0.9713531440240796, "test_f1": 0.5137353484568555, "train_recall": 0.9570260245652439, "train_precision": 0.9293643529863305, "train_roc": 0.9893803651003042, "train_f1": 0.9429923760166559, "cm": [[454132, 12521], [3534, 8481]], "cm_normalized": [[0.9487410898576885, 0.026158005130904927], [0.007382987791120359, 0.017717917220286296]]}