{"task_id": "TaskEvaluateGradientBoostingClassifier_True_0_2_100000_f05b8611c5", "test_split_percentage": 0.2, "oversampling_enabled": false, "ratio_after_oversampling": 0.5, "undersampling_enabled": false, "ratio_after_undersampling": 0.5, "train_dir": "final_dataset", "test_dir": "final_test", "problem_type": "RETURN_NULL", "window_size": 20, "step_size": 3, "encode_type": true, "max_vocab_size": 100000, "n_estimators": 100, "learning_rate": 0.2, "subsample": 1.0, "test_recall": 0.42700156985871274, "test_precision": 0.8343558282208589, "test_roc": 0.9984489656885144, "test_f1": 0.564901349948079, "train_recall": 0.4907987282011754, "train_precision": 0.9353654058024238, "train_roc": 0.9991615034984266, "train_f1": 0.6437914691943127, "cm": [[477286, 108], [730, 544]], "cm_normalized": [[0.9971128214127537, 0.00022562611246208227], [0.0015250653897900006, 0.0011364870849941923]]}