{"task_id": "TaskEvaluateRandomForest_None_True_sqrt_dd83258a12", "test_split_percentage": 0.2, "oversampling_enabled": true, "ratio_after_oversampling": 1.0, "undersampling_enabled": false, "ratio_after_undersampling": 0.5, "train_dir": "final_dataset", "test_dir": "final_test", "problem_type": "CONDITION_COMPARISON", "window_size": 20, "step_size": 3, "encode_type": true, "max_vocab_size": 100000, "n_trees_in_forest": 100, "max_features": "sqrt", "class_weight": null, "test_recall": 0.8115942028985508, "test_precision": 0.9735050790658708, "test_roc": 0.9973633660785045, "test_f1": 0.8852068752083037, "train_recall": 1.0, "train_precision": 0.9999798277245207, "train_roc": 0.9999999970510249, "train_f1": 0.9999899137605291, "cm": [[455254, 506], [4316, 18592]], "cm_normalized": [[0.951085094470489, 0.0010571001194982744], [0.00901668797579951, 0.03884111743421328]]}