{"task_id": "TaskEvaluateGradientBoostingClassifier_True_0_1_100000_7bcc45beee", "test_split_percentage": 0.2, "oversampling_enabled": false, "ratio_after_oversampling": 0.5, "undersampling_enabled": true, "ratio_after_undersampling": 0.5, "train_dir": "final_dataset", "test_dir": "final_test", "problem_type": "RETURN_NULL", "window_size": 20, "step_size": 3, "encode_type": true, "max_vocab_size": 100000, "n_estimators": 100, "learning_rate": 0.1, "subsample": 1.0, "test_recall": 0.9536891679748822, "test_precision": 0.10700132100396301, "test_roc": 0.9951760486480535, "test_f1": 0.19241428458310236, "train_recall": 0.9736968879468156, "train_precision": 0.9587325680675458, "train_roc": 0.9967367214221806, "train_f1": 0.9661567877629064, "cm": [[467254, 10140], [59, 1215]], "cm_normalized": [[0.9761546625218314, 0.02118378500338439], [0.00012325870958576718, 0.0025382937651984255]]}