{"task_id": "TaskEvaluateLstm_256_0_2_0_2_6fa239f202", "test_split_percentage": 0.2, "oversampling_enabled": false, "ratio_after_oversampling": 0.5, "undersampling_enabled": false, "ratio_after_undersampling": 0.5, "train_dir": "final_dataset", "test_dir": "final_test", "problem_type": "CONDITION_COMPARISON_SIMPLE", "window_size": 20, "step_size": 3, "encode_type": false, "max_vocab_size": 100000, "embedding_vecor_length": 16, "epochs": 2, "batch_size": 256, "num_lstm_cells": 10, "dropout_emb_lstm": 0.2, "dropout_lstm_dense": 0.2, "test_recall": 0.10237203495630462, "test_precision": 0.657051282051282, "test_roc": 0.6451536567605152, "test_f1": 0.1771440915964571, "train_recall": 0.9958804572540435, "train_precision": 0.9771423883780418, "train_roc": 0.999969840235139, "train_f1": 0.9864224438095454, "cm": [[466011, 642], [10785, 1230]], "cm_normalized": [[0.9735578730978465, 0.0013412218907468225], [0.02253127428614405, 0.0025696307252626037]]}