{"task_id": "TaskEvaluateRandomForest_None_False_sqrt_2359db7bb4", "test_split_percentage": 0.2, "oversampling_enabled": false, "ratio_after_oversampling": 0.5, "undersampling_enabled": true, "ratio_after_undersampling": 0.5, "train_dir": "final_dataset", "test_dir": "final_test", "problem_type": "CONDITION_COMPARISON", "window_size": 20, "step_size": 3, "encode_type": false, "max_vocab_size": 100000, "n_trees_in_forest": 100, "max_features": "sqrt", "class_weight": null, "test_recall": 0.8443775100401606, "test_precision": 0.7781711389145914, "test_roc": 0.9909699851753405, "test_f1": 0.8099235842143829, "train_recall": 0.9999917009004523, "train_precision": 0.9999585058797168, "train_roc": 0.9999998172142179, "train_f1": 0.9999751031146004, "cm": [[450246, 5514], [3565, 19343]], "cm_normalized": [[0.9406227280703954, 0.011519466519591867], [0.00744775084191966, 0.04041005456809312]]}