{"task_id": "TaskEvaluateLstm_256_0_2_0_2_bc829d536f", "test_split_percentage": 0.2, "oversampling_enabled": false, "ratio_after_oversampling": 0.5, "undersampling_enabled": true, "ratio_after_undersampling": 0.5, "train_dir": "final_dataset", "test_dir": "final_test", "problem_type": "RETURN_NULL", "window_size": 20, "step_size": 3, "encode_type": false, "max_vocab_size": 100000, "embedding_vecor_length": 32, "epochs": 3, "batch_size": 256, "num_lstm_cells": 100, "dropout_emb_lstm": 0.2, "dropout_lstm_dense": 0.2, "test_recall": 0.9960753532182104, "test_precision": 0.6300893743793445, "test_roc": 0.9999081987766536, "test_f1": 0.7718978102189781, "train_recall": 1.0, "train_precision": 0.9988451544605909, "train_roc": 0.999993190909691, "train_f1": 0.9994222436206067, "cm": [[476649, 745], [5, 1269]], "cm_normalized": [[0.9957820451753616, 0.0015564023498541787], [1.0445653354726032e-05, 0.002651106821429467]]}