{"task_id": "TaskEvaluateRandomForest_None_True_sqrt_ea570942d3", "test_split_percentage": 0.2, "oversampling_enabled": false, "ratio_after_oversampling": 0.5, "undersampling_enabled": false, "ratio_after_undersampling": 0.5, "train_dir": "final_dataset", "test_dir": "final_test", "problem_type": "CONDITION_COMPARISON", "window_size": 20, "step_size": 3, "encode_type": true, "max_vocab_size": 100000, "n_trees_in_forest": 100, "max_features": "sqrt", "class_weight": null, "test_recall": 0.7477300506373319, "test_precision": 0.9852746620649986, "test_roc": 0.9970646925913698, "test_f1": 0.8502221229493957, "train_recall": 0.999834018009046, "train_precision": 0.9998174228404026, "train_roc": 0.9999997239029831, "train_f1": 0.9998257203558625, "cm": [[455504, 256], [5779, 17129]], "cm_normalized": [[0.9516073771382253, 0.0005348174517619728], [0.012073086147392347, 0.03578471926262044]]}