{"task_id": "TaskEvaluateGradientBoostingClassifier_True_0_2_100000_cad9a635ad", "test_split_percentage": 0.2, "oversampling_enabled": true, "ratio_after_oversampling": 0.5, "undersampling_enabled": false, "ratio_after_undersampling": 0.5, "train_dir": "final_dataset", "test_dir": "final_test", "problem_type": "CONDITION_COMPARISON_SIMPLE", "window_size": 20, "step_size": 3, "encode_type": true, "max_vocab_size": 100000, "n_estimators": 200, "learning_rate": 0.2, "subsample": 1.0, "test_recall": 0.6382854764877237, "test_precision": 0.5700587229614212, "test_roc": 0.9813666430015364, "test_f1": 0.6022459557091251, "train_recall": 0.9843420298998082, "train_precision": 0.9567580694872287, "train_roc": 0.9951238386918625, "train_f1": 0.9703540590611234, "cm": [[460869, 5784], [4346, 7669]], "cm_normalized": [[0.9628155631878462, 0.012083531800747073], [0.009079361895927866, 0.016021543115478785]]}