{"task_id": "TaskEvaluateLstm_256_0_2_0_2_661c1ce00d", "test_split_percentage": 0.2, "oversampling_enabled": true, "ratio_after_oversampling": 0.5, "undersampling_enabled": false, "ratio_after_undersampling": 0.5, "train_dir": "final_dataset", "test_dir": "final_test", "problem_type": "CONDITION_COMPARISON_SIMPLE", "window_size": 20, "step_size": 3, "encode_type": false, "max_vocab_size": 100000, "embedding_vecor_length": 32, "epochs": 3, "batch_size": 256, "num_lstm_cells": 100, "dropout_emb_lstm": 0.2, "dropout_lstm_dense": 0.2, "test_recall": 0.08755722014148981, "test_precision": 0.8024408848207475, "test_roc": 0.6571635677802118, "test_f1": 0.15788683776076845, "train_recall": 1.0, "train_precision": 0.9994623914619799, "train_roc": 0.9999990190210226, "train_f1": 0.9997311234558269, "cm": [[466394, 259], [10963, 1052]], "cm_normalized": [[0.9743580101448185, 0.0005410848437748084], [0.022903139545572295, 0.002197765465834357]]}