{"task_id": "TaskEvaluateGradientBoostingClassifier_True_0_2_100000_89264244a9", "test_split_percentage": 0.2, "oversampling_enabled": false, "ratio_after_oversampling": 0.5, "undersampling_enabled": false, "ratio_after_undersampling": 0.5, "train_dir": "final_dataset", "test_dir": "final_test", "problem_type": "CONDITION_COMPARISON_SIMPLE", "window_size": 20, "step_size": 3, "encode_type": true, "max_vocab_size": 100000, "n_estimators": 300, "learning_rate": 0.2, "subsample": 1.0, "test_recall": 0.14207240948813982, "test_precision": 0.7819514429683921, "test_roc": 0.982896891668289, "test_f1": 0.24045640231018453, "train_recall": 0.7925863431837529, "train_precision": 0.9111155768357041, "train_roc": 0.997730734615318, "train_f1": 0.8477278270059345, "cm": [[466177, 476], [10308, 1707]], "cm_normalized": [[0.9739046687892234, 0.0009944261993699182], [0.021534758956103187, 0.003566146055303467]]}