{"task_id": "TaskEvaluateSVM_True_second_large_dat_1000_7ecc734703", "input_src_path": "second_large_dataset", "max_vocab_size": 1000, "problem_type": "RETURN_NULL", "window_size": 20, "step_size": 3, "encode_type": true, "test_split_percentage": 0.25, "oversampling_enabled": false, "ratio_after_oversampling": 0.5, "undersampling_enabled": true, "ratio_after_undersampling": 0.5, "svm_kernel": "rbf", "svm_predict_probability": true, "svm_class_weight": null, "recall": 0.798183652875883, "precision": 0.022869864399919046, "roc": 0.9434218974269827, "f1": 0.04446568103884423, "cm": [[1259497, 101388], [600, 2373]], "cm_normalized": [[0.9254984807680297, 0.07450151923197038], [0.20181634712411706, 0.798183652875883]]}