{"task_id": "TaskEvaluateLstm_256_0_2_0_2_cdcdd28755", "input_src_path": "second_large_dataset", "max_vocab_size": 1000, "problem_type": "RETURN_NULL", "window_size": 20, "step_size": 3, "encode_type": false, "test_split_percentage": 0.25, "oversampling_enabled": false, "ratio_after_oversampling": 0.5, "undersampling_enabled": false, "ratio_after_undersampling": 0.5, "embedding_vecor_length": 32, "epochs": 2, "batch_size": 256, "num_lstm_cells": 10, "dropout_emb_lstm": 0.2, "dropout_lstm_dense": 0.2, "recall": 0.9875546585940128, "precision": 0.994916977295832, "roc": 0.999998979092745, "f1": 0.9912221471978394, "cm": [[1360870, 15], [37, 2936]], "cm_normalized": [[0.9999889777607953, 1.102223920463522e-05], [0.012445341405987218, 0.9875546585940128]]}