{"task_id": "TaskEvaluateRandomForest_True_second_large_dat_sqrt_38aad73297", "input_src_path": "second_large_dataset", "max_vocab_size": 1000, "problem_type": "RETURN_NULL", "window_size": 20, "step_size": 3, "encode_type": true, "test_split_percentage": 0.25, "oversampling_enabled": false, "ratio_after_oversampling": 0.5, "undersampling_enabled": true, "ratio_after_undersampling": 0.5, "n_trees_in_forest": 100, "max_features": "sqrt", "recall": 0.9747729566094854, "precision": 0.12985616346283102, "roc": 0.9981342474404167, "f1": 0.2291814946619217, "cm": [[1341466, 19419], [75, 2898]], "cm_normalized": [[0.9857306091256792, 0.014269390874320755], [0.025227043390514632, 0.9747729566094854]]}