{"task_id": "TaskEvaluateRandomForest_True_second_large_dat_sqrt_cae408b13f", "input_src_path": "second_large_dataset", "max_vocab_size": 100000, "problem_type": "RETURN_NULL", "window_size": 20, "step_size": 3, "encode_type": true, "test_split_percentage": 0.25, "oversampling_enabled": true, "ratio_after_oversampling": 1.0, "undersampling_enabled": false, "ratio_after_undersampling": 0.5, "n_trees_in_forest": 100, "max_features": "sqrt", "recall": 0.7073662966700303, "precision": 0.9905793688177108, "roc": 0.9979281880440624, "f1": 0.825353218210361, "cm": [[1360865, 20], [870, 2103]], "cm_normalized": [[0.9999853036810605, 1.4696318939513625e-05], [0.29263370332996974, 0.7073662966700303]]}