{"task_id": "TaskEvaluateLstm_256_0_2_0_2_f1ffaee6ac", "input_src_path": "second_large_dataset", "max_vocab_size": 100000, "problem_type": "RETURN_NULL", "window_size": 20, "step_size": 3, "encode_type": false, "test_split_percentage": 0.25, "oversampling_enabled": false, "ratio_after_oversampling": 0.5, "undersampling_enabled": false, "ratio_after_undersampling": 0.5, "embedding_vecor_length": 32, "epochs": 2, "batch_size": 256, "num_lstm_cells": 10, "dropout_emb_lstm": 0.2, "dropout_lstm_dense": 0.2, "recall": 0.9882273797510932, "precision": 0.994583615436696, "roc": 0.9999987660381382, "f1": 0.991395309600135, "cm": [[1360869, 16], [35, 2938]], "cm_normalized": [[0.9999882429448483, 1.17570551516109e-05], [0.011772620248906828, 0.9882273797510932]]}