{"task_id": "TaskEvaluateRandomForest_True_second_large_dat_sqrt_e8ee5b5867", "input_src_path": "second_large_dataset", "max_vocab_size": 100000, "problem_type": "CONDITION_COMPARISON", "window_size": 20, "step_size": 3, "encode_type": true, "test_split_percentage": 0.25, "oversampling_enabled": true, "ratio_after_oversampling": 1.0, "undersampling_enabled": false, "ratio_after_undersampling": 0.5, "n_trees_in_forest": 100, "max_features": "sqrt", "recall": 0.8994676463972407, "precision": 0.9755387492884443, "roc": 0.9988145620456789, "f1": 0.9359600530545369, "cm": [[1295669, 1504], [6704, 59981]], "cm_normalized": [[0.9988405555773979, 0.001159444422602074], [0.10053235360275924, 0.8994676463972407]]}