{"task_id": "TaskEvaluateGradientBoostingClassifier_True_second_large_dat_0_2_057e2ef457", "input_src_path": "second_large_dataset", "max_vocab_size": 100000, "problem_type": "CONDITION_COMPARISON", "window_size": 20, "step_size": 3, "encode_type": true, "test_split_percentage": 0.25, "oversampling_enabled": false, "ratio_after_oversampling": 0.5, "undersampling_enabled": true, "ratio_after_undersampling": 0.5, "n_estimators": 100, "learning_rate": 0.2, "subsample": 1.0, "recall": 0.94013646247282, "precision": 0.5911088063360362, "roc": 0.989471690449688, "f1": 0.7258444528061594, "cm": [[1253806, 43367], [3992, 62693]], "cm_normalized": [[0.9665680676363138, 0.03343193236368626], [0.05986353752718002, 0.94013646247282]]}