{"task_id": "TaskEvaluateSVM_True_second_large_dat_1000_e5ebc612e5", "input_src_path": "second_large_dataset", "max_vocab_size": 1000, "problem_type": "RETURN_NULL", "window_size": 20, "step_size": 3, "encode_type": true, "test_split_percentage": 0.25, "oversampling_enabled": false, "ratio_after_oversampling": 0.5, "undersampling_enabled": true, "ratio_after_undersampling": 0.1, "svm_kernel": "rbf", "svm_predict_probability": true, "svm_class_weight": null, "recall": 0.30171543895055497, "precision": 0.13605338995904748, "roc": 0.9485812930385676, "f1": 0.18753920133807234, "cm": [[1355189, 5696], [2076, 897]], "cm_normalized": [[0.9958144883660265, 0.004185511633973481], [0.698284561049445, 0.30171543895055497]]}