{"task_id": "TaskEvaluateSVM_True_second_large_dat_100000_3d2d8103f7", "input_src_path": "second_large_dataset", "max_vocab_size": 100000, "problem_type": "RETURN_NULL", "window_size": 20, "step_size": 3, "encode_type": true, "test_split_percentage": 0.25, "oversampling_enabled": false, "ratio_after_oversampling": 0.5, "undersampling_enabled": true, "ratio_after_undersampling": 0.3, "svm_kernel": "rbf", "svm_predict_probability": true, "svm_class_weight": "balanced", "recall": 0.5001681802892701, "precision": 0.003095105279371238, "roc": 0.6206349527543562, "f1": 0.006152140320101611, "cm": [[881936, 478949], [1486, 1487]], "cm_normalized": [[0.6480606370119444, 0.35193936298805556], [0.49983181971072993, 0.5001681802892701]]}