{"task_id": "TaskEvaluateRandomForest_True_second_large_dat_sqrt_94121c901f", "input_src_path": "second_large_dataset", "max_vocab_size": 100000, "problem_type": "CONDITION_COMPARISON", "window_size": 20, "step_size": 3, "encode_type": true, "test_split_percentage": 0.25, "oversampling_enabled": false, "ratio_after_oversampling": 0.5, "undersampling_enabled": true, "ratio_after_undersampling": 0.5, "n_trees_in_forest": 100, "max_features": "sqrt", "recall": 0.9609807302991678, "precision": 0.7824351053698322, "roc": 0.99754413609603, "f1": 0.8625653657453208, "cm": [[1279354, 17819], [2602, 64083]], "cm_normalized": [[0.9862632046766314, 0.013736795323368587], [0.03901926970083227, 0.9609807302991678]]}