{"task_id": "TaskEvaluateLstm_512_0_2_0_2_189ebfb20f", "test_split_percentage": 0.2, "oversampling_enabled": false, "ratio_after_oversampling": 0.5, "undersampling_enabled": false, "ratio_after_undersampling": 0.5, "train_dir": "final_dataset", "test_dir": "final_test", "problem_type": "CONDITION_COMPARISON", "window_size": 20, "step_size": 3, "encode_type": false, "max_vocab_size": 100000, "embedding_vecor_length": 32, "epochs": 3, "batch_size": 512, "num_lstm_cells": 10, "dropout_emb_lstm": 0.2, "dropout_lstm_dense": 0.2, "test_recall": 0.15295966474594028, "test_precision": 0.6074895977808599, "test_roc": 0.6092171329348195, "test_f1": 0.2443855488910587, "train_recall": 0.9966637619818249, "train_precision": 0.9807353085290563, "train_roc": 0.9999842564452949, "train_f1": 0.9886353813794778, "cm": [[453496, 2264], [19404, 3504]], "cm_normalized": [[0.9474124027509673, 0.004729791839019947], [0.04053749153902078, 0.007320313870992003]]}