{"task_id": "TaskEvaluateLstm_256_0_2_0_2_dd41cafb39", "test_split_percentage": 0.2, "oversampling_enabled": false, "ratio_after_oversampling": 0.5, "undersampling_enabled": true, "ratio_after_undersampling": 0.5, "train_dir": "final_dataset", "test_dir": "final_test", "problem_type": "CONDITION_COMPARISON", "window_size": 20, "step_size": 3, "encode_type": false, "max_vocab_size": 100000, "embedding_vecor_length": 32, "epochs": 3, "batch_size": 256, "num_lstm_cells": 100, "dropout_emb_lstm": 0.2, "dropout_lstm_dense": 0.2, "test_recall": 0.12733542867120656, "test_precision": 0.4909121507909795, "test_roc": 0.6857017281794409, "test_f1": 0.2022183708838822, "train_recall": 0.9993900161832441, "train_precision": 0.9965614836515305, "train_roc": 0.9999866143141877, "train_f1": 0.9979737457113022, "cm": [[452735, 3025], [19991, 2917]], "cm_normalized": [[0.945822574310378, 0.006319620279609249], [0.04176381124286562, 0.006093994167147167]]}