{"task_id": "TaskEvaluateLstm_256_0_2_0_2_906092a34c", "test_split_percentage": 0.2, "oversampling_enabled": false, "ratio_after_oversampling": 0.5, "undersampling_enabled": false, "ratio_after_undersampling": 0.5, "train_dir": "final_dataset", "test_dir": "final_test", "problem_type": "CONDITION_COMPARISON_SIMPLE", "window_size": 20, "step_size": 3, "encode_type": false, "max_vocab_size": 100000, "embedding_vecor_length": 16, "epochs": 3, "batch_size": 256, "num_lstm_cells": 10, "dropout_emb_lstm": 0.2, "dropout_lstm_dense": 0.2, "test_recall": 0.09754473574698294, "test_precision": 0.6139339968569932, "test_roc": 0.6642923279154102, "test_f1": 0.1683424303361103, "train_recall": 0.9923461632007783, "train_precision": 0.9893233310600894, "train_roc": 0.9999874761714754, "train_f1": 0.9908324416213222, "cm": [[465916, 737], [10843, 1172]], "cm_normalized": [[0.9733594056841067, 0.001539689304486617], [0.022652443865058873, 0.002448461146347782]]}