{"task_id": "TaskEvaluateRandomForest_balanced_True_sqrt_06b2388dda", "test_split_percentage": 0.2, "oversampling_enabled": false, "ratio_after_oversampling": 0.5, "undersampling_enabled": false, "ratio_after_undersampling": 0.5, "train_dir": "final_dataset", "test_dir": "final_test", "problem_type": "CONDITION_COMPARISON_SIMPLE", "window_size": 20, "step_size": 3, "encode_type": true, "max_vocab_size": 100000, "n_trees_in_forest": 100, "max_features": "sqrt", "class_weight": "balanced", "test_recall": 0.7434040782355389, "test_precision": 0.9906832298136646, "test_roc": 0.9980478514263321, "test_f1": 0.8494127716228425, "train_recall": 0.9999923993676274, "train_precision": 0.9995973256344021, "train_roc": 0.9999978162768604, "train_f1": 0.9997948234721948, "cm": [[466569, 84], [3083, 8932]], "cm_normalized": [[0.9747236080122339, 0.00017548697635939734], [0.006440789858524071, 0.018660115152882583]]}