{"task_id": "TaskEvaluateGradientBoostingClassifier_True_0_2_100000_c40f4a8e00", "test_split_percentage": 0.2, "oversampling_enabled": true, "ratio_after_oversampling": 0.5, "undersampling_enabled": false, "ratio_after_undersampling": 0.5, "train_dir": "final_dataset", "test_dir": "final_test", "problem_type": "CONDITION_COMPARISON", "window_size": 20, "step_size": 3, "encode_type": true, "max_vocab_size": 100000, "n_estimators": 100, "learning_rate": 0.2, "subsample": 1.0, "test_recall": 0.5856032826960014, "test_precision": 0.519216627317413, "test_roc": 0.9503505782235565, "test_f1": 0.5504154272233049, "train_recall": 0.9379997783127905, "train_precision": 0.934659142603842, "train_roc": 0.9897217775941304, "train_f1": 0.9363264807787773, "cm": [[443338, 12422], [9493, 13415]], "cm_normalized": [[0.9261910133955059, 0.02595118119448135], [0.019832117459282844, 0.028025687950729943]]}