{"task_id": "TaskEvaluateRandomForest_None_True_sqrt_fb32dede7a", "test_split_percentage": 0.2, "oversampling_enabled": true, "ratio_after_oversampling": 0.5, "undersampling_enabled": false, "ratio_after_undersampling": 0.5, "train_dir": "final_dataset", "test_dir": "final_test", "problem_type": "RETURN_NULL", "window_size": 20, "step_size": 3, "encode_type": true, "max_vocab_size": 100000, "n_trees_in_forest": 100, "max_features": "sqrt", "class_weight": null, "test_recall": 0.5353218210361067, "test_precision": 1.0, "test_roc": 0.9969398649545447, "test_f1": 0.6973415132924334, "train_recall": 1.0, "train_precision": 0.999998785414283, "train_roc": 0.9999999999491458, "train_f1": 0.9999993927067726, "cm": [[477394, 0], [592, 682]], "cm_normalized": [[0.9973384475252158, 0.0], [0.0012367653571995622, 0.0014247871175846307]]}