{"task_id": "TaskEvaluateLstm_512_0_2_0_2_0815072e2f", "test_split_percentage": 0.2, "oversampling_enabled": false, "ratio_after_oversampling": 0.5, "undersampling_enabled": false, "ratio_after_undersampling": 0.5, "train_dir": "final_dataset", "test_dir": "final_test", "problem_type": "CONDITION_COMPARISON_SIMPLE", "window_size": 20, "step_size": 3, "encode_type": false, "max_vocab_size": 100000, "embedding_vecor_length": 32, "epochs": 2, "batch_size": 512, "num_lstm_cells": 10, "dropout_emb_lstm": 0.2, "dropout_lstm_dense": 0.2, "test_recall": 0.0957136912193092, "test_precision": 0.5712866368604074, "test_roc": 0.658905732587091, "test_f1": 0.16395779868833762, "train_recall": 0.9939270947342819, "train_precision": 0.9871742609535888, "train_roc": 0.999970432454557, "train_f1": 0.9905391689012104, "cm": [[465790, 863], [10865, 1150]], "cm_normalized": [[0.9730961752195676, 0.001802919769025713], [0.022698404739819666, 0.0024025002715869874]]}