{"task_id": "TaskEvaluateRandomForest_balanced_True_sqrt_41fea84eae", "test_split_percentage": 0.2, "oversampling_enabled": false, "ratio_after_oversampling": 0.5, "undersampling_enabled": true, "ratio_after_undersampling": 0.5, "train_dir": "final_dataset", "test_dir": "final_test", "problem_type": "CONDITION_COMPARISON", "window_size": 20, "step_size": 3, "encode_type": true, "max_vocab_size": 100000, "n_trees_in_forest": 100, "max_features": "sqrt", "class_weight": "balanced", "test_recall": 0.9253535882661079, "test_precision": 0.7842397336293008, "test_roc": 0.994965620911039, "test_f1": 0.8489727261804638, "train_recall": 1.0, "train_precision": 0.9999419096778477, "train_roc": 0.9999993718509044, "train_f1": 0.9999709539952779, "cm": [[449928, 5832], [1710, 21198]], "cm_normalized": [[0.9399583845170347, 0.012183810072952442], [0.003572413447316303, 0.044285391962696485]]}