{"task_id": "TaskEvaluateRandomForest_None_True_sqrt_be822571e9", "test_split_percentage": 0.2, "oversampling_enabled": false, "ratio_after_oversampling": 0.5, "undersampling_enabled": true, "ratio_after_undersampling": 0.5, "train_dir": "final_dataset", "test_dir": "final_test", "problem_type": "CONDITION_COMPARISON", "window_size": 20, "step_size": 3, "encode_type": true, "max_vocab_size": 100000, "n_trees_in_forest": 100, "max_features": "sqrt", "class_weight": null, "test_recall": 0.9262702985856469, "test_precision": 0.7822672811059908, "test_roc": 0.9951257954695812, "test_f1": 0.8482001878760019, "train_recall": 0.9999917009004523, "train_precision": 0.9999585058797168, "train_roc": 0.9999998248679582, "train_f1": 0.9999751031146004, "cm": [[449854, 5906], [1689, 21219]], "cm_normalized": [[0.9398037888473848, 0.012338405742602388], [0.0035285417032264533, 0.04432926370678633]]}