{"task_id": "TaskEvaluateLstm_512_0_2_0_2_f40387dce4", "test_split_percentage": 0.2, "oversampling_enabled": false, "ratio_after_oversampling": 0.5, "undersampling_enabled": false, "ratio_after_undersampling": 0.5, "train_dir": "final_dataset", "test_dir": "final_test", "problem_type": "CONDITION_COMPARISON", "window_size": 20, "step_size": 3, "encode_type": false, "max_vocab_size": 100000, "embedding_vecor_length": 32, "epochs": 2, "batch_size": 512, "num_lstm_cells": 10, "dropout_emb_lstm": 0.2, "dropout_lstm_dense": 0.2, "test_recall": 0.11690239217740528, "test_precision": 0.48770715716627205, "test_roc": 0.587444821202371, "test_f1": 0.1885981900771154, "train_recall": 0.996028880866426, "train_precision": 0.9777271783006994, "train_roc": 0.999973579628832, "train_f1": 0.9867931780855145, "cm": [[452947, 2813], [20230, 2678]], "cm_normalized": [[0.9462654700126184, 0.005876724577368865], [0.04226311347322152, 0.005594691936791262]]}