{"task_id": "TaskEvaluateRandomForest_None_True_sqrt_f4810b9f9d", "test_split_percentage": 0.2, "oversampling_enabled": true, "ratio_after_oversampling": 1.0, "undersampling_enabled": false, "ratio_after_undersampling": 0.5, "train_dir": "final_dataset", "test_dir": "final_test", "problem_type": "RETURN_NULL", "window_size": 20, "step_size": 3, "encode_type": true, "max_vocab_size": 100000, "n_trees_in_forest": 100, "max_features": "sqrt", "class_weight": null, "test_recall": 0.543171114599686, "test_precision": 0.9985569985569985, "test_roc": 0.9961294497364284, "test_f1": 0.7036095577020843, "train_recall": 1.0, "train_precision": 0.9999993927067727, "train_roc": 0.9999999999500884, "train_f1": 0.9999996963532942, "cm": [[477393, 1], [582, 692]], "cm_normalized": [[0.9973363583945448, 2.0891306709452063e-06], [0.00121587405049011, 0.0014456784242940827]]}