{"task_id": "TaskEvaluateGradientBoostingClassifier_True_0_1_100000_bd20e274f9", "test_split_percentage": 0.2, "oversampling_enabled": true, "ratio_after_oversampling": 0.5, "undersampling_enabled": false, "ratio_after_undersampling": 0.5, "train_dir": "final_dataset", "test_dir": "final_test", "problem_type": "CONDITION_COMPARISON", "window_size": 20, "step_size": 3, "encode_type": true, "max_vocab_size": 100000, "n_estimators": 100, "learning_rate": 0.1, "subsample": 1.0, "test_recall": 0.6562772830452244, "test_precision": 0.42116763783056926, "test_roc": 0.9429133232987662, "test_f1": 0.5130707801515255, "train_recall": 0.8679941851699751, "train_precision": 0.8988439446173522, "train_roc": 0.9747693365802801, "train_f1": 0.8831497398089498, "cm": [[435098, 20662], [7874, 15034]], "cm_normalized": [[0.9089765766669173, 0.04316561792306985], [0.016449814903022553, 0.03140799050699023]]}