{"task_id": "TaskEvaluateGradientBoostingClassifier_True_0_2_100000_938249651a", "test_split_percentage": 0.2, "oversampling_enabled": true, "ratio_after_oversampling": 0.5, "undersampling_enabled": false, "ratio_after_undersampling": 0.5, "train_dir": "final_dataset", "test_dir": "final_test", "problem_type": "CONDITION_COMPARISON", "window_size": 20, "step_size": 3, "encode_type": true, "max_vocab_size": 100000, "n_estimators": 200, "learning_rate": 0.2, "subsample": 1.0, "test_recall": 0.4902654094639427, "test_precision": 0.5468932606155045, "test_roc": 0.9512746214421682, "test_f1": 0.5170334223368013, "train_recall": 0.9722865506786729, "train_precision": 0.9527795418660456, "train_roc": 0.9955337090401923, "train_f1": 0.9624342124208126, "cm": [[446455, 9305], [11677, 11231]], "cm_normalized": [[0.932702833696842, 0.019439360893145144], [0.024394778844627173, 0.02346302656538561]]}