{"task_id": "TaskEvaluateRandomForest_None_True_sqrt_5401f09fef", "test_split_percentage": 0.2, "oversampling_enabled": false, "ratio_after_oversampling": 0.5, "undersampling_enabled": true, "ratio_after_undersampling": 0.1, "train_dir": "final_dataset", "test_dir": "final_test", "problem_type": "RETURN_NULL", "window_size": 20, "step_size": 3, "encode_type": true, "max_vocab_size": 100000, "n_trees_in_forest": 100, "max_features": "sqrt", "class_weight": null, "test_recall": 0.8524332810047096, "test_precision": 0.5785828449653703, "test_roc": 0.9978255243412085, "test_f1": 0.6893049825452239, "train_recall": 1.0, "train_precision": 1.0, "train_roc": 1.0, "train_f1": 1.0, "cm": [[476603, 791], [188, 1086]], "cm_normalized": [[0.9956859451644982, 0.0016525023607176581], [0.0003927565661376988, 0.002268795908646494]]}