{"task_id": "TaskEvaluateRandomForest_balanced_False_sqrt_199e12b5a6", "test_split_percentage": 0.2, "oversampling_enabled": false, "ratio_after_oversampling": 0.5, "undersampling_enabled": false, "ratio_after_undersampling": 0.5, "train_dir": "final_dataset", "test_dir": "final_test", "problem_type": "RETURN_NULL", "window_size": 20, "step_size": 3, "encode_type": false, "max_vocab_size": 100000, "n_trees_in_forest": 100, "max_features": "sqrt", "class_weight": "balanced", "test_recall": 0.23626373626373626, "test_precision": 1.0, "test_roc": 0.9896857744922297, "test_f1": 0.3822222222222222, "train_recall": 1.0, "train_precision": 0.9997110383355808, "train_roc": 0.9999999835679464, "train_f1": 0.999855498290063, "cm": [[477394, 0], [973, 301]], "cm_normalized": [[0.9973384475252158, 0.0], [0.0020327241428296857, 0.0006288283319545071]]}