{"task_id": "TaskEvaluateRandomForest_None_False_sqrt_1d7c2716ca", "test_split_percentage": 0.2, "oversampling_enabled": true, "ratio_after_oversampling": 1.0, "undersampling_enabled": false, "ratio_after_undersampling": 0.5, "train_dir": "final_dataset", "test_dir": "final_test", "problem_type": "CONDITION_COMPARISON", "window_size": 20, "step_size": 3, "encode_type": false, "max_vocab_size": 100000, "n_trees_in_forest": 100, "max_features": "sqrt", "class_weight": null, "test_recall": 0.5884407193993365, "test_precision": 0.9690173244195242, "test_roc": 0.9946969361215878, "test_f1": 0.7322306417882073, "train_recall": 1.0, "train_precision": 0.9999800400600242, "train_roc": 0.9999999970483194, "train_f1": 0.9999900199304114, "cm": [[455329, 431], [9428, 13480]], "cm_normalized": [[0.9512417792708099, 0.0009004153191773839], [0.019696323965671406, 0.028161481444341382]]}