{"task_id": "TaskEvaluateLstm_256_0_2_0_2_4c88ec6a04", "test_split_percentage": 0.2, "oversampling_enabled": false, "ratio_after_oversampling": 0.5, "undersampling_enabled": false, "ratio_after_undersampling": 0.5, "train_dir": "final_dataset", "test_dir": "final_test", "problem_type": "RETURN_NULL", "window_size": 20, "step_size": 3, "encode_type": false, "max_vocab_size": 100000, "embedding_vecor_length": 16, "epochs": 3, "batch_size": 256, "num_lstm_cells": 10, "dropout_emb_lstm": 0.2, "dropout_lstm_dense": 0.2, "test_recall": 0.3249607535321821, "test_precision": 0.4808362369337979, "test_roc": 0.9212381856864192, "test_f1": 0.3878220140515222, "train_recall": 0.9979766836882166, "train_precision": 0.9819871065604854, "train_roc": 0.9999996798723885, "train_f1": 0.9899173316767812, "cm": [[476947, 447], [860, 414]], "cm_normalized": [[0.9964046061153033, 0.0009338414099125072], [0.0017966523770128774, 0.0008649000977713154]]}