{"task_id": "TaskEvaluateLstm_64_0_2_0_2_577e3d96f5", "test_split_percentage": 0.2, "oversampling_enabled": false, "ratio_after_oversampling": 0.5, "undersampling_enabled": false, "ratio_after_undersampling": 0.5, "train_dir": "final_dataset", "test_dir": "final_test", "problem_type": "CONDITION_COMPARISON", "window_size": 20, "step_size": 3, "encode_type": false, "max_vocab_size": 100000, "embedding_vecor_length": 32, "epochs": 3, "batch_size": 64, "num_lstm_cells": 10, "dropout_emb_lstm": 0.2, "dropout_lstm_dense": 0.2, "test_recall": 0.11904138292299633, "test_precision": 0.6755016101065148, "test_roc": 0.629865465479382, "test_f1": 0.20241232139543514, "train_recall": 0.9918751815428026, "train_precision": 0.9835493560465786, "train_roc": 0.9999733178189316, "train_f1": 0.9876947233585388, "cm": [[454450, 1310], [20181, 2727]], "cm_normalized": [[0.949405433411049, 0.00273676117893822], [0.04216074607034521, 0.005697059339667578]]}