{"task_id": "TaskEvaluateLstm_64_0_2_0_2_4052fd5a55", "test_split_percentage": 0.2, "oversampling_enabled": false, "ratio_after_oversampling": 0.5, "undersampling_enabled": false, "ratio_after_undersampling": 0.5, "train_dir": "final_dataset", "test_dir": "final_test", "problem_type": "CONDITION_COMPARISON_SIMPLE", "window_size": 20, "step_size": 3, "encode_type": false, "max_vocab_size": 100000, "embedding_vecor_length": 32, "epochs": 3, "batch_size": 64, "num_lstm_cells": 10, "dropout_emb_lstm": 0.2, "dropout_lstm_dense": 0.2, "test_recall": 0.11027881814398668, "test_precision": 0.4026131874810088, "test_roc": 0.6984054510731396, "test_f1": 0.17313471841108063, "train_recall": 0.9963592970935182, "train_precision": 0.9830741079597438, "train_roc": 0.9999845490052678, "train_f1": 0.9896721200087576, "cm": [[464687, 1966], [10690, 1325]], "cm_normalized": [[0.9707918640895151, 0.004107230899078275], [0.022332806872404257, 0.0027680981390023982]]}