{"task_id": "TaskEvaluateLstm_512_0_2_0_2_362e0f1d0b", "test_split_percentage": 0.2, "oversampling_enabled": false, "ratio_after_oversampling": 0.5, "undersampling_enabled": false, "ratio_after_undersampling": 0.5, "train_dir": "final_dataset", "test_dir": "final_test", "problem_type": "RETURN_NULL", "window_size": 20, "step_size": 3, "encode_type": false, "max_vocab_size": 100000, "embedding_vecor_length": 32, "epochs": 2, "batch_size": 512, "num_lstm_cells": 10, "dropout_emb_lstm": 0.2, "dropout_lstm_dense": 0.2, "test_recall": 0.4513343799058085, "test_precision": 0.8928571428571429, "test_roc": 0.949663981889535, "test_f1": 0.5995828988529719, "train_recall": 0.9916176895654687, "train_precision": 0.9950691288794353, "train_roc": 0.9999996561751241, "train_f1": 0.9933404111572242, "cm": [[477325, 69], [699, 575]], "cm_normalized": [[0.9971942975089206, 0.00014415001629521922], [0.0014603023389906991, 0.0012012501357934937]]}