{"task_id": "TaskEvaluateRandomForest_None_False_sqrt_1ceb8d8c0c", "test_split_percentage": 0.2, "oversampling_enabled": false, "ratio_after_oversampling": 0.5, "undersampling_enabled": true, "ratio_after_undersampling": 0.5, "train_dir": "final_dataset", "test_dir": "final_test", "problem_type": "CONDITION_COMPARISON_SIMPLE", "window_size": 20, "step_size": 3, "encode_type": false, "max_vocab_size": 100000, "n_trees_in_forest": 100, "max_features": "sqrt", "class_weight": null, "test_recall": 0.9043695380774033, "test_precision": 0.6983290488431877, "test_roc": 0.9952085998266692, "test_f1": 0.7881051677243881, "train_recall": 1.0, "train_precision": 0.9999771986227968, "train_roc": 0.9999998909309716, "train_f1": 0.9999885991814212, "cm": [[461959, 4694], [1149, 10866]], "cm_normalized": [[0.9650927156191765, 0.009806379369416798], [0.002400411140916042, 0.022700493870490612]]}