{"task_id": "TaskEvaluateRandomForest_None_True_sqrt_5434c6a3c4", "test_split_percentage": 0.2, "oversampling_enabled": true, "ratio_after_oversampling": 0.5, "undersampling_enabled": false, "ratio_after_undersampling": 0.5, "train_dir": "final_dataset", "test_dir": "final_test", "problem_type": "CONDITION_COMPARISON_SIMPLE", "window_size": 20, "step_size": 3, "encode_type": true, "max_vocab_size": 100000, "n_trees_in_forest": 100, "max_features": "sqrt", "class_weight": null, "test_recall": 0.8104868913857678, "test_precision": 0.9837357308819072, "test_roc": 0.9985900447616015, "test_f1": 0.8887469197773112, "train_recall": 1.0, "train_precision": 0.9999780031235564, "train_roc": 0.999999997984837, "train_f1": 0.9999890014408112, "cm": [[466492, 161], [2277, 9738]], "cm_normalized": [[0.9745627449505712, 0.0003363500380221782], [0.004756950537742235, 0.020343954473664418]]}