{"task_id": "TaskEvaluateLstm_256_0_2_0_2_ed8ac4fa0b", "test_split_percentage": 0.2, "oversampling_enabled": false, "ratio_after_oversampling": 0.5, "undersampling_enabled": false, "ratio_after_undersampling": 0.5, "train_dir": "final_dataset", "test_dir": "final_test", "problem_type": "RETURN_NULL", "window_size": 20, "step_size": 3, "encode_type": false, "max_vocab_size": 100000, "embedding_vecor_length": 32, "epochs": 3, "batch_size": 256, "num_lstm_cells": 10, "dropout_emb_lstm": 0.2, "dropout_lstm_dense": 0.2, "test_recall": 0.17582417582417584, "test_precision": 0.08380097268986157, "test_roc": 0.7457897111390123, "test_f1": 0.11350392703318976, "train_recall": 0.9936410058772521, "train_precision": 0.9952711831692723, "train_roc": 0.9999997958036965, "train_f1": 0.9944554264500265, "cm": [[474945, 2449], [1050, 224]], "cm_normalized": [[0.992222166512071, 0.00511628101314481], [0.0021935872044924667, 0.0004679652702917262]]}