{"task_id": "TaskEvaluateLstm_256_0_2_0_2_dace96d33a", "test_split_percentage": 0.2, "oversampling_enabled": false, "ratio_after_oversampling": 0.5, "undersampling_enabled": false, "ratio_after_undersampling": 0.5, "train_dir": "final_dataset", "test_dir": "final_test", "problem_type": "CONDITION_COMPARISON", "window_size": 20, "step_size": 3, "encode_type": false, "max_vocab_size": 100000, "embedding_vecor_length": 16, "epochs": 2, "batch_size": 256, "num_lstm_cells": 10, "dropout_emb_lstm": 0.2, "dropout_lstm_dense": 0.2, "test_recall": 0.08686921599441243, "test_precision": 0.8105906313645621, "test_roc": 0.5764180495650666, "test_f1": 0.15692149982257617, "train_recall": 0.9762977716917715, "train_precision": 0.9920351482288852, "train_roc": 0.9999491728022409, "train_f1": 0.9841035475795606, "cm": [[455295, 465], [20918, 1990]], "cm_normalized": [[0.9511707488279977, 0.0009714457619895209], [0.04370043537483183, 0.00415737003518096]]}