{"task_id": "TaskEvaluateLstm_512_0_2_0_2_8e771b092c", "test_split_percentage": 0.2, "oversampling_enabled": false, "ratio_after_oversampling": 0.5, "undersampling_enabled": false, "ratio_after_undersampling": 0.5, "train_dir": "final_dataset", "test_dir": "final_test", "problem_type": "CONDITION_COMPARISON_SIMPLE", "window_size": 20, "step_size": 3, "encode_type": false, "max_vocab_size": 100000, "embedding_vecor_length": 32, "epochs": 3, "batch_size": 512, "num_lstm_cells": 10, "dropout_emb_lstm": 0.2, "dropout_lstm_dense": 0.2, "test_recall": 0.09404910528506034, "test_precision": 0.7342430149447693, "test_roc": 0.6036287337000565, "test_f1": 0.16674044562490778, "train_recall": 0.9971573634926426, "train_precision": 0.9868885261439629, "train_roc": 0.999987610836629, "train_f1": 0.9919963705790061, "cm": [[466244, 409], [10885, 1130]], "cm_normalized": [[0.9740446405441767, 0.0008544544444165894], [0.02274018735323857, 0.002360717658168083]]}