{"task_id": "TaskEvaluateRandomForest_None_False_sqrt_09ac0d41d3", "test_split_percentage": 0.2, "oversampling_enabled": false, "ratio_after_oversampling": 0.5, "undersampling_enabled": true, "ratio_after_undersampling": 0.5, "train_dir": "final_dataset", "test_dir": "final_test", "problem_type": "RETURN_NULL", "window_size": 20, "step_size": 3, "encode_type": false, "max_vocab_size": 100000, "n_trees_in_forest": 100, "max_features": "sqrt", "class_weight": null, "test_recall": 0.9183673469387755, "test_precision": 0.23995077932731748, "test_roc": 0.9955621634408668, "test_f1": 0.3804878048780488, "train_recall": 1.0, "train_precision": 1.0, "train_roc": 1.0, "train_f1": 1.0, "cm": [[473688, 3706], [104, 1170]], "cm_normalized": [[0.9895961292586929, 0.007742318266522935], [0.00021726958977830144, 0.0024442828850058914]]}