{"task_id": "TaskEvaluateGradientBoostingClassifier_True_0_2_100000_6ba1d046c9", "test_split_percentage": 0.2, "oversampling_enabled": false, "ratio_after_oversampling": 0.5, "undersampling_enabled": false, "ratio_after_undersampling": 0.5, "train_dir": "final_dataset", "test_dir": "final_test", "problem_type": "CONDITION_COMPARISON_SIMPLE", "window_size": 20, "step_size": 3, "encode_type": true, "max_vocab_size": 100000, "n_estimators": 200, "learning_rate": 0.2, "subsample": 0.4, "test_recall": 0.10919683728672493, "test_precision": 0.7501429388221841, "test_roc": 0.9796826703750471, "test_f1": 0.19064225515838418, "train_recall": 0.6934056913535206, "train_precision": 0.8916145426114152, "train_roc": 0.9961654348162146, "train_f1": 0.7801169790669038, "cm": [[466216, 437], [10703, 1312]], "cm_normalized": [[0.9739861448853903, 0.0009129501032030552], [0.022359965571126544, 0.0027409394402801105]]}