{"task_id": "TaskEvaluateGradientBoostingClassifier_True_0_2_100000_51c611d14b", "test_split_percentage": 0.2, "oversampling_enabled": false, "ratio_after_oversampling": 0.5, "undersampling_enabled": false, "ratio_after_undersampling": 0.5, "train_dir": "final_dataset", "test_dir": "final_test", "problem_type": "RETURN_NULL", "window_size": 20, "step_size": 3, "encode_type": true, "max_vocab_size": 100000, "n_estimators": 200, "learning_rate": 0.2, "subsample": 0.4, "test_recall": 0.5690737833594977, "test_precision": 0.90625, "test_roc": 0.9992565224716984, "test_f1": 0.699132111861138, "train_recall": 0.7695346372482899, "train_precision": 0.9628691983122363, "train_roc": 0.9997387720072362, "train_f1": 0.855413944521795, "cm": [[477319, 75], [549, 725]], "cm_normalized": [[0.9971817627248949, 0.00015668480032089046], [0.0011469327383489183, 0.0015146197364352746]]}