{"task_id": "TaskEvaluateLstm_256_0_2_0_2_2505a64ddf", "test_split_percentage": 0.2, "oversampling_enabled": false, "ratio_after_oversampling": 0.5, "undersampling_enabled": false, "ratio_after_undersampling": 0.5, "train_dir": "final_dataset", "test_dir": "final_test", "problem_type": "CONDITION_COMPARISON", "window_size": 20, "step_size": 3, "encode_type": false, "max_vocab_size": 100000, "embedding_vecor_length": 32, "epochs": 3, "batch_size": 256, "num_lstm_cells": 10, "dropout_emb_lstm": 0.2, "dropout_lstm_dense": 0.2, "test_recall": 0.143530644316396, "test_precision": 0.6237905520774046, "test_roc": 0.6297591740491897, "test_f1": 0.23336527201107202, "train_recall": 0.9955765799410764, "train_precision": 0.9857149313273158, "train_roc": 0.9999837770578849, "train_f1": 0.9906212130283181, "cm": [[453777, 1983], [19620, 3288]], "cm_normalized": [[0.9479994484695029, 0.004142746120484344], [0.04098874376394495, 0.006869061646067838]]}