{"task_id": "TaskEvaluateLstm_256_0_2_0_2_3b4666143f", "test_split_percentage": 0.2, "oversampling_enabled": false, "ratio_after_oversampling": 0.5, "undersampling_enabled": false, "ratio_after_undersampling": 0.5, "train_dir": "final_dataset", "test_dir": "final_test", "problem_type": "RETURN_NULL", "window_size": 20, "step_size": 3, "encode_type": false, "max_vocab_size": 100000, "embedding_vecor_length": 16, "epochs": 2, "batch_size": 256, "num_lstm_cells": 10, "dropout_emb_lstm": 0.2, "dropout_lstm_dense": 0.2, "test_recall": 0.033751962323390894, "test_precision": 0.8775510204081632, "test_roc": 0.7887861890933778, "test_f1": 0.06500377928949357, "train_recall": 0.9891126312746893, "train_precision": 0.9958288873799592, "train_roc": 0.999999576218799, "train_f1": 0.99245939675174, "cm": [[477388, 6], [1231, 43]], "cm_normalized": [[0.9973259127411901, 1.2534784025671238e-05], [0.002571719855933549, 8.983261885064387e-05]]}