{"task_id": "TaskEvaluateGradientBoostingClassifier_True_0_2_100000_819dc91cb1", "test_split_percentage": 0.2, "oversampling_enabled": true, "ratio_after_oversampling": 0.5, "undersampling_enabled": false, "ratio_after_undersampling": 0.5, "train_dir": "final_dataset", "test_dir": "final_test", "problem_type": "CONDITION_COMPARISON_SIMPLE", "window_size": 20, "step_size": 3, "encode_type": true, "max_vocab_size": 100000, "n_estimators": 100, "learning_rate": 0.2, "subsample": 1.0, "test_recall": 0.692301290054099, "test_precision": 0.40744550575557187, "test_roc": 0.9719895274728658, "test_f1": 0.5129818069688559, "train_recall": 0.9602229619238144, "train_precision": 0.9301980178115514, "train_roc": 0.9896576919803071, "train_f1": 0.9449720516365671, "cm": [[454556, 12097], [3697, 8318]], "cm_normalized": [[0.9496268812621692, 0.025272213726424162], [0.007723516090484428, 0.017377388920922224]]}