{"task_id": "TaskEvaluateRandomForest_None_False_sqrt_79eb3ba299", "test_split_percentage": 0.2, "oversampling_enabled": true, "ratio_after_oversampling": 0.5, "undersampling_enabled": false, "ratio_after_undersampling": 0.5, "train_dir": "final_dataset", "test_dir": "final_test", "problem_type": "CONDITION_COMPARISON", "window_size": 20, "step_size": 3, "encode_type": false, "max_vocab_size": 100000, "n_trees_in_forest": 100, "max_features": "sqrt", "class_weight": null, "test_recall": 0.5732931726907631, "test_precision": 0.9712320662623872, "test_roc": 0.9942234577165113, "test_f1": 0.7209991765028823, "train_recall": 1.0, "train_precision": 0.9999600809083546, "train_roc": 0.9999999932547622, "train_f1": 0.9999800400557859, "cm": [[455371, 389], [9775, 13133]], "cm_normalized": [[0.9513295227589895, 0.0008126718309976852], [0.02042125230848939, 0.027436553101523393]]}