{"task_id": "TaskEvaluateRandomForest_None_True_sqrt_cdb3ef058c", "test_split_percentage": 0.2, "oversampling_enabled": false, "ratio_after_oversampling": 0.5, "undersampling_enabled": true, "ratio_after_undersampling": 0.5, "train_dir": "final_dataset", "test_dir": "final_test", "problem_type": "RETURN_NULL", "window_size": 20, "step_size": 3, "encode_type": true, "max_vocab_size": 100000, "n_trees_in_forest": 100, "max_features": "sqrt", "class_weight": null, "test_recall": 0.9529042386185244, "test_precision": 0.15382665990876837, "test_roc": 0.9964283349931713, "test_f1": 0.26489199214488324, "train_recall": 1.0, "train_precision": 1.0, "train_roc": 1.0, "train_f1": 1.0, "cm": [[470716, 6678], [60, 1214]], "cm_normalized": [[0.9833872329046437, 0.013951214620572087], [0.00012534784025671237, 0.0025362046345274803]]}