{"task_id": "TaskEvaluateGradientBoostingClassifier_True_0_1_100000_f19a2c1084", "test_split_percentage": 0.2, "oversampling_enabled": false, "ratio_after_oversampling": 0.5, "undersampling_enabled": true, "ratio_after_undersampling": 0.5, "train_dir": "final_dataset", "test_dir": "final_test", "problem_type": "CONDITION_COMPARISON", "window_size": 20, "step_size": 3, "encode_type": true, "max_vocab_size": 100000, "n_estimators": 100, "learning_rate": 0.1, "subsample": 1.0, "test_recall": 0.6491618648507071, "test_precision": 0.4271066689643288, "test_roc": 0.9433293624410257, "test_f1": 0.5152271073692963, "train_recall": 0.8693804722187642, "train_precision": 0.9019104770596389, "train_roc": 0.975719900115297, "train_f1": 0.88534676560572, "cm": [[435813, 19947], [8037, 14871]], "cm_normalized": [[0.9104703050966432, 0.04167188949334403], [0.016790343202386624, 0.031067462207626163]]}