{"task_id": "TaskEvaluateLstm_256_0_2_0_2_94762af403", "test_split_percentage": 0.2, "oversampling_enabled": false, "ratio_after_oversampling": 0.5, "undersampling_enabled": true, "ratio_after_undersampling": 0.5, "train_dir": "final_dataset", "test_dir": "final_test", "problem_type": "CONDITION_COMPARISON_SIMPLE", "window_size": 20, "step_size": 3, "encode_type": false, "max_vocab_size": 100000, "embedding_vecor_length": 32, "epochs": 3, "batch_size": 256, "num_lstm_cells": 100, "dropout_emb_lstm": 0.2, "dropout_lstm_dense": 0.2, "test_recall": 0.22954640033291718, "test_precision": 0.4031574331238123, "test_roc": 0.7719813368459812, "test_f1": 0.29253288078065337, "train_recall": 0.9998175848230573, "train_precision": 0.9974068513716391, "train_roc": 0.9999802711285324, "train_f1": 0.9986107631692819, "cm": [[462570, 4083], [9257, 2758]], "cm_normalized": [[0.9663691744591241, 0.008529920529469277], [0.019339082620939776, 0.005761822390466879]]}