{"task_id": "TaskEvaluateRandomForest_None_False_sqrt_bf14307086", "test_split_percentage": 0.2, "oversampling_enabled": false, "ratio_after_oversampling": 0.5, "undersampling_enabled": false, "ratio_after_undersampling": 0.5, "train_dir": "final_dataset", "test_dir": "final_test", "problem_type": "CONDITION_COMPARISON", "window_size": 20, "step_size": 3, "encode_type": false, "max_vocab_size": 100000, "n_trees_in_forest": 100, "max_features": "sqrt", "class_weight": null, "test_recall": 0.46953029509341715, "test_precision": 0.984711159937746, "test_roc": 0.9929273187778244, "test_f1": 0.6358665129614851, "train_recall": 0.999809120710403, "train_precision": 0.9998340138764399, "train_roc": 0.9999996849084818, "train_f1": 0.9998215671384763, "cm": [[455593, 167], [12152, 10756]], "cm_normalized": [[0.9517933097679394, 0.00034888482204784943], [0.025387115913326146, 0.02247068949668664]]}