{"task_id": "TaskEvaluateGradientBoostingClassifier_True_0_2_100000_442adcd1ac", "test_split_percentage": 0.2, "oversampling_enabled": false, "ratio_after_oversampling": 0.5, "undersampling_enabled": true, "ratio_after_undersampling": 0.5, "train_dir": "final_dataset", "test_dir": "final_test", "problem_type": "RETURN_NULL", "window_size": 20, "step_size": 3, "encode_type": true, "max_vocab_size": 100000, "n_estimators": 100, "learning_rate": 0.2, "subsample": 1.0, "test_recall": 0.9764521193092621, "test_precision": 0.16729424421732114, "test_roc": 0.998175905820026, "test_f1": 0.28564867967853047, "train_recall": 0.9935446574814529, "train_precision": 0.9751300236406619, "train_roc": 0.9992297489276286, "train_f1": 0.9842512169514174, "cm": [[471202, 6192], [30, 1244]], "cm_normalized": [[0.9844025504107231, 0.012935897114492717], [6.267392012835619e-05, 0.0025988785546558367]]}