{"task_id": "TaskEvaluateLstm_256_0_2_0_2_cd54ac185a", "test_split_percentage": 0.2, "oversampling_enabled": true, "ratio_after_oversampling": 0.5, "undersampling_enabled": false, "ratio_after_undersampling": 0.5, "train_dir": "final_dataset", "test_dir": "final_test", "problem_type": "CONDITION_COMPARISON", "window_size": 20, "step_size": 3, "encode_type": false, "max_vocab_size": 100000, "embedding_vecor_length": 32, "epochs": 3, "batch_size": 256, "num_lstm_cells": 100, "dropout_emb_lstm": 0.2, "dropout_lstm_dense": 0.2, "test_recall": 0.09228217216692858, "test_precision": 0.8950042337002541, "test_roc": 0.7780159757636065, "test_f1": 0.1673130193905817, "train_recall": 0.9999864099794918, "train_precision": 0.9986440945376137, "train_roc": 0.9999969172678552, "train_f1": 0.9993148014972085, "cm": [[455512, 248], [20794, 2114]], "cm_normalized": [[0.9516240901835928, 0.0005181044063944112], [0.043441383171634616, 0.004416422238378166]]}