{"task_id": "TaskEvaluateGradientBoostingClassifier_True_final_dataset_0_2_6dd22be154", "input_src_path": "final_dataset", "max_vocab_size": 100000, "problem_type": "CONDITION_COMPARISON", "window_size": 20, "step_size": 3, "encode_type": true, "test_split_percentage": 0.2, "train_dev_split_percentage": 0.0, "oversampling_enabled": false, "ratio_after_oversampling": 0.5, "undersampling_enabled": false, "ratio_after_undersampling": 0.5, "n_estimators": 100, "learning_rate": 0.2, "subsample": 1.0, "test_recall": 0.6289503599848427, "test_precision": 0.915070154643438, "test_roc": 0.9917639113593066, "test_f1": 0.7455000729869634, "train_recall": 0.6288426377665571, "train_precision": 0.9141236091219566, "train_roc": 0.9918635285786809, "train_f1": 0.7451101445208362, "cm": [[1029939, 3081], [19584, 33196]], "cm_normalized": [[0.9485531405415362, 0.002837539141646712], [0.018036470804936453, 0.03057284951188064]]}