{"task_id": "TaskEvaluateRandomForest_None_False_final_dataset_c5bebddaa9", "input_src_path": "final_dataset", "max_vocab_size": 100000, "problem_type": "RETURN_NULL", "window_size": 20, "step_size": 3, "encode_type": false, "test_split_percentage": 0.2, "train_dev_split_percentage": 0.0, "oversampling_enabled": false, "ratio_after_oversampling": 0.5, "undersampling_enabled": false, "ratio_after_undersampling": 0.5, "n_trees_in_forest": 100, "max_features": "sqrt", "class_weight": null, "test_recall": 0.6520806520806521, "test_precision": 0.9960681520314548, "test_roc": 0.997589196075724, "test_f1": 0.7881773399014779, "train_recall": 0.9998927268826432, "train_precision": 1.0, "train_roc": 0.9999999999752478, "train_f1": 0.9999463605642869, "cm": [[1083463, 6], [811, 1520]], "cm_normalized": [[0.9978476699207958, 5.525879535826119e-06], [0.0007469147172591637, 0.0013998894824092834]]}