{"task_id": "TaskEvaluateGradientBoostingClassifier_True_final_dataset_0_2_000e941e57", "input_src_path": "final_dataset", "max_vocab_size": 100000, "problem_type": "CONDITION_COMPARISON", "window_size": 20, "step_size": 3, "encode_type": true, "test_split_percentage": 0.2, "train_dev_split_percentage": 0.0, "oversampling_enabled": false, "ratio_after_oversampling": 0.5, "undersampling_enabled": true, "ratio_after_undersampling": 0.5, "n_estimators": 100, "learning_rate": 0.2, "subsample": 1.0, "test_recall": 0.94064039408867, "test_precision": 0.5966255272613654, "test_roc": 0.9895349089454982, "test_f1": 0.7301405219386291, "train_recall": 0.9426055570818216, "train_precision": 0.9362241657531862, "train_roc": 0.9897502046792737, "train_f1": 0.9394040243110875, "cm": [[999454, 33566], [3133, 49647]], "cm_normalized": [[0.9204770675999263, 0.030913612083256586], [0.0028854300976238717, 0.04572389021919322]]}