{"task_id": "TaskEvaluateRandomForest_balanced_True_final_dataset_10b0843bd0", "input_src_path": "final_dataset", "max_vocab_size": 100000, "problem_type": "CONDITION_COMPARISON", "window_size": 20, "step_size": 3, "encode_type": true, "test_split_percentage": 0.2, "train_dev_split_percentage": 0.0, "oversampling_enabled": false, "ratio_after_oversampling": 0.5, "undersampling_enabled": true, "ratio_after_undersampling": 0.5, "n_trees_in_forest": 100, "max_features": "sqrt", "class_weight": "balanced", "test_recall": 0.9575975748389541, "test_precision": 0.791288964038013, "test_roc": 0.9974370240655819, "test_f1": 0.866535794193034, "train_recall": 0.9999952633124604, "train_precision": 0.9999715805478323, "train_roc": 0.9999997840122266, "train_f1": 0.9999834217899257, "cm": [[1019689, 13331], [2238, 50542]], "cm_normalized": [[0.9391130963344999, 0.012277583348682999], [0.0020611530668631422, 0.04654816724995395]]}