{"task_id": "TaskEvaluateLstm_256_0_2_0_2_e2720ac0dc", "input_src_path": "final_dataset", "max_vocab_size": 100000, "problem_type": "RETURN_NULL", "window_size": 20, "step_size": 3, "encode_type": false, "test_split_percentage": 0.2, "train_dev_split_percentage": 0.0, "oversampling_enabled": false, "ratio_after_oversampling": 0.5, "undersampling_enabled": true, "ratio_after_undersampling": 0.5, "embedding_vecor_length": 32, "epochs": 3, "batch_size": 256, "num_lstm_cells": 100, "dropout_emb_lstm": 0.2, "dropout_lstm_dense": 0.2, "test_recall": 1.0, "test_precision": 0.6542239685658153, "test_roc": 0.9998882581277647, "test_f1": 0.7909738717339667, "train_recall": 1.0, "train_precision": 0.9983934882724644, "train_roc": 0.9999272839703306, "train_f1": 0.9991960983975562, "cm": [[1082237, 1232], [0, 2331]], "cm_normalized": [[0.9967185485356419, 0.0011346472646896297], [0.0, 0.002146804199668447]]}