{"task_id": "TaskEvaluateGradientBoostingClassifier_True_final_dataset_0_2_95302347db", "input_src_path": "final_dataset", "max_vocab_size": 100000, "problem_type": "RETURN_NULL", "window_size": 20, "step_size": 3, "encode_type": true, "test_split_percentage": 0.2, "train_dev_split_percentage": 0.0, "oversampling_enabled": false, "ratio_after_oversampling": 0.5, "undersampling_enabled": true, "ratio_after_undersampling": 0.5, "n_estimators": 200, "learning_rate": 0.2, "subsample": 1.0, "test_recall": 0.9965679965679966, "test_precision": 0.2527747551686616, "test_roc": 0.9996576308367416, "test_f1": 0.4032636055897925, "train_recall": 0.9983909032396482, "train_precision": 0.9916888652104422, "train_roc": 0.9999019616688135, "train_f1": 0.9950285989201902, "cm": [[1076602, 6867], [8, 2323]], "cm_normalized": [[0.9915288266715786, 0.006324369128752993], [7.367839381101492e-06, 0.0021394363602873457]]}