{"task_id": "TaskEvaluateRandomForest_None_False_final_dataset_815a84d657", "input_src_path": "final_dataset", "max_vocab_size": 100000, "problem_type": "CONDITION_COMPARISON", "window_size": 20, "step_size": 3, "encode_type": false, "test_split_percentage": 0.2, "train_dev_split_percentage": 0.0, "oversampling_enabled": true, "ratio_after_oversampling": 1.0, "undersampling_enabled": false, "ratio_after_undersampling": 0.5, "n_trees_in_forest": 100, "max_features": "sqrt", "class_weight": null, "test_recall": 0.8873436907919666, "test_precision": 0.9761964315491078, "test_roc": 0.9986391237704619, "test_f1": 0.9296518321489539, "train_recall": 1.0, "train_precision": 0.9999811236601126, "train_roc": 0.9999999976730513, "train_f1": 0.9999905617409764, "cm": [[1031878, 1142], [5946, 46834]], "cm_normalized": [[0.9503389206115307, 0.001051759071652238], [0.005476146620003684, 0.04313317369681341]]}