{"task_id": "TaskEvaluateRandomForest_None_True_final_dataset_bf5e0c936d", "input_src_path": "final_dataset", "max_vocab_size": 100000, "problem_type": "RETURN_NULL", "window_size": 20, "step_size": 3, "encode_type": true, "test_split_percentage": 0.2, "train_dev_split_percentage": 0.0, "oversampling_enabled": true, "ratio_after_oversampling": 0.5, "undersampling_enabled": false, "ratio_after_undersampling": 0.5, "n_trees_in_forest": 100, "max_features": "sqrt", "class_weight": null, "test_recall": 0.7305877305877306, "test_precision": 0.9953243717124488, "test_roc": 0.9987874578568914, "test_f1": 0.842652152399802, "train_recall": 1.0, "train_precision": 0.999999077039086, "train_roc": 0.9999999999778516, "train_f1": 0.99999953851933, "cm": [[1083461, 8], [628, 1703]], "cm_normalized": [[0.9978458279609504, 7.367839381101492e-06], [0.0005783753914164672, 0.00156842880825198]]}