{"task_id": "TaskEvaluateLstm_256_0_2_0_2_45ed3b0015", "input_src_path": "final_dataset", "max_vocab_size": 100000, "problem_type": "RETURN_NULL", "window_size": 20, "step_size": 3, "encode_type": false, "test_split_percentage": 0.2, "train_dev_split_percentage": 0.0, "oversampling_enabled": false, "ratio_after_oversampling": 0.5, "undersampling_enabled": false, "ratio_after_undersampling": 0.5, "embedding_vecor_length": 16, "epochs": 2, "batch_size": 256, "num_lstm_cells": 10, "dropout_emb_lstm": 0.2, "dropout_lstm_dense": 0.2, "test_recall": 0.9931359931359931, "test_precision": 0.9838504037399065, "test_roc": 0.9999990584289721, "test_f1": 0.9884713919726729, "train_recall": 0.9952799828363013, "train_precision": 0.9908158906450235, "train_roc": 0.9999994664406985, "train_f1": 0.9930429198330301, "cm": [[1083431, 38], [16, 2315]], "cm_normalized": [[0.9978181985632714, 3.4997237060232085e-05], [1.4735678762202984e-05, 0.0021320685209062443]]}