{"task_id": "TaskEvaluateRandomForest_None_False_final_dataset_d870cdad5a", "input_src_path": "final_dataset", "max_vocab_size": 100000, "problem_type": "CONDITION_COMPARISON", "window_size": 20, "step_size": 3, "encode_type": false, "test_split_percentage": 0.2, "train_dev_split_percentage": 0.0, "oversampling_enabled": false, "ratio_after_oversampling": 0.5, "undersampling_enabled": true, "ratio_after_undersampling": 0.5, "n_trees_in_forest": 100, "max_features": "sqrt", "class_weight": null, "test_recall": 0.9601174687381584, "test_precision": 0.779099980013222, "test_roc": 0.9973010952505157, "test_f1": 0.8601885879666957, "train_recall": 0.9999905266249206, "train_precision": 0.99997631689884, "train_roc": 0.9999999536411834, "train_f1": 0.9999834217114003, "cm": [[1018652, 14368], [2105, 50675]], "cm_normalized": [[0.9381580401547246, 0.01323263952845828], [0.0019386627371523301, 0.046670657579664765]]}