{"task_id": "TaskEvaluateRandomForest_None_True_final_dataset_1cf84a5faa", "input_src_path": "final_dataset", "max_vocab_size": 100000, "problem_type": "CONDITION_COMPARISON", "window_size": 20, "step_size": 3, "encode_type": true, "test_split_percentage": 0.2, "train_dev_split_percentage": 0.0, "oversampling_enabled": true, "ratio_after_oversampling": 1.0, "undersampling_enabled": false, "ratio_after_undersampling": 0.5, "n_trees_in_forest": 100, "max_features": "sqrt", "class_weight": null, "test_recall": 0.9011367942402425, "test_precision": 0.9757708799212195, "test_roc": 0.9988330674940666, "test_f1": 0.9369699476965812, "train_recall": 1.0, "train_precision": 0.9999811236601126, "train_roc": 0.99999999767065, "train_f1": 0.9999905617409764, "cm": [[1031839, 1181], [5218, 47562]], "cm_normalized": [[0.9503030023945478, 0.0010876772886351078], [0.0048056732363234485, 0.04380364708049365]]}