{"task_id": "TaskEvaluateLstm_256_0_2_0_2_28dd501b2f", "input_src_path": "final_dataset", "max_vocab_size": 100000, "problem_type": "CONDITION_COMPARISON", "window_size": 20, "step_size": 3, "encode_type": false, "test_split_percentage": 0.2, "train_dev_split_percentage": 0.0, "oversampling_enabled": false, "ratio_after_oversampling": 0.5, "undersampling_enabled": false, "ratio_after_undersampling": 0.5, "embedding_vecor_length": 32, "epochs": 2, "batch_size": 256, "num_lstm_cells": 10, "dropout_emb_lstm": 0.2, "dropout_lstm_dense": 0.2, "test_recall": 0.9872489579386131, "test_precision": 0.9758230645342523, "test_roc": 0.999939532199996, "test_f1": 0.9815027595170375, "train_recall": 0.9922555158726399, "train_precision": 0.9842183403651535, "train_roc": 0.9999711273354492, "train_f1": 0.9882205868478158, "cm": [[1031729, 1291], [673, 52107]], "cm_normalized": [[0.9502016946030577, 0.0011889850801252533], [0.0006198194879351631, 0.04798950082888193]]}