{"task_id": "TaskEvaluateLstm_512_0_2_0_2_d1f95b6500", "input_src_path": "final_dataset", "max_vocab_size": 100000, "problem_type": "CONDITION_COMPARISON", "window_size": 20, "step_size": 3, "encode_type": false, "test_split_percentage": 0.2, "train_dev_split_percentage": 0.0, "oversampling_enabled": false, "ratio_after_oversampling": 0.5, "undersampling_enabled": false, "ratio_after_undersampling": 0.5, "embedding_vecor_length": 32, "epochs": 3, "batch_size": 512, "num_lstm_cells": 10, "dropout_emb_lstm": 0.2, "dropout_lstm_dense": 0.2, "test_recall": 0.9845017051913604, "test_precision": 0.9781450595787136, "test_roc": 0.9999310282798485, "test_f1": 0.981313088392208, "train_recall": 0.9926960278138293, "train_precision": 0.9895742832319722, "train_roc": 0.999981294339418, "train_f1": 0.9911326974098018, "cm": [[1031859, 1161], [818, 51962]], "cm_normalized": [[0.9503214219930005, 0.001069257690182354], [0.0007533615767176276, 0.047855958740099465]]}