{"task_id": "TaskEvaluateRandomForest_None_False_final_dataset_8ad931dbf2", "input_src_path": "final_dataset", "max_vocab_size": 100000, "problem_type": "RETURN_NULL", "window_size": 20, "step_size": 3, "encode_type": false, "test_split_percentage": 0.2, "train_dev_split_percentage": 0.0, "oversampling_enabled": true, "ratio_after_oversampling": 0.5, "undersampling_enabled": false, "ratio_after_undersampling": 0.5, "n_trees_in_forest": 100, "max_features": "sqrt", "class_weight": null, "test_recall": 0.722007722007722, "test_precision": 0.9964476021314387, "test_roc": 0.9991397281661241, "test_f1": 0.8373134328358209, "train_recall": 1.0, "train_precision": 0.999999077039086, "train_roc": 0.9999999999778517, "train_f1": 0.99999953851933, "cm": [[1083463, 6], [648, 1683]], "cm_normalized": [[0.9978476699207958, 5.525879535826119e-06], [0.0005967949898692209, 0.0015500092097992264]]}