{"task_id": "TaskEvaluateRandomForest_balanced_True_final_dataset_04ec38d39d", "input_src_path": "final_dataset", "max_vocab_size": 100000, "problem_type": "RETURN_NULL", "window_size": 20, "step_size": 3, "encode_type": true, "test_split_percentage": 0.2, "train_dev_split_percentage": 0.0, "oversampling_enabled": false, "ratio_after_oversampling": 0.5, "undersampling_enabled": false, "ratio_after_undersampling": 0.5, "n_trees_in_forest": 100, "max_features": "sqrt", "class_weight": "balanced", "test_recall": 0.6164736164736164, "test_precision": 0.9937759336099585, "test_roc": 0.9987581955081718, "test_f1": 0.7609213661636219, "train_recall": 1.0, "train_precision": 0.9997854997854998, "train_roc": 0.999999987351605, "train_f1": 0.9998927383889306, "cm": [[1083460, 9], [894, 1437]], "cm_normalized": [[0.9978449069810278, 8.288819303739179e-06], [0.0008233560508380917, 0.0013234481488303554]]}