{"task_id": "TaskEvaluateRandomForest_balanced_True_final_dataset_135a3bf419", "input_src_path": "final_dataset", "max_vocab_size": 100000, "problem_type": "RETURN_NULL", "window_size": 20, "step_size": 3, "encode_type": true, "test_split_percentage": 0.2, "train_dev_split_percentage": 0.0, "oversampling_enabled": true, "ratio_after_oversampling": 0.5, "undersampling_enabled": false, "ratio_after_undersampling": 0.5, "n_trees_in_forest": 100, "max_features": "sqrt", "class_weight": "balanced", "test_recall": 0.7202917202917203, "test_precision": 0.9940793368857312, "test_roc": 0.9991822481358408, "test_f1": 0.8353233830845772, "train_recall": 1.0, "train_precision": 0.999999077039086, "train_roc": 0.9999999999778517, "train_f1": 0.99999953851933, "cm": [[1083459, 10], [652, 1679]], "cm_normalized": [[0.9978439860011051, 9.209799226376865e-06], [0.0006004789095597716, 0.0015463252901086757]]}