{"task_id": "TaskEvaluateGradientBoostingClassifier_True_final_dataset_0_2_da3212e05c", "input_src_path": "final_dataset", "max_vocab_size": 100000, "problem_type": "RETURN_NULL", "window_size": 20, "step_size": 3, "encode_type": true, "test_split_percentage": 0.2, "train_dev_split_percentage": 0.0, "oversampling_enabled": false, "ratio_after_oversampling": 0.5, "undersampling_enabled": false, "ratio_after_undersampling": 0.5, "n_estimators": 100, "learning_rate": 0.2, "subsample": 1.0, "test_recall": 0.5538395538395539, "test_precision": 0.9464809384164223, "test_roc": 0.9986160408521363, "test_f1": 0.6987821380243573, "train_recall": 0.5848530358292212, "train_precision": 0.9432525951557094, "train_roc": 0.9989967069804553, "train_f1": 0.722023573036684, "cm": [[1083396, 73], [1040, 1291]], "cm_normalized": [[0.997785964265979, 6.723153435255112e-05], [0.000957819119543194, 0.0011889850801252533]]}