{"task_id": "TaskEvaluateGradientBoostingClassifier_True_final_dataset_0_2_33b1f33630", "input_src_path": "final_dataset", "max_vocab_size": 100000, "problem_type": "RETURN_NULL", "window_size": 20, "step_size": 3, "encode_type": true, "test_split_percentage": 0.2, "train_dev_split_percentage": 0.0, "oversampling_enabled": false, "ratio_after_oversampling": 0.5, "undersampling_enabled": true, "ratio_after_undersampling": 0.5, "n_estimators": 100, "learning_rate": 0.2, "subsample": 1.0, "test_recall": 0.984984984984985, "test_precision": 0.13747679779653912, "test_roc": 0.9986180184284607, "test_f1": 0.24127784783522488, "train_recall": 0.9929199742544519, "train_precision": 0.9770927900348358, "train_roc": 0.9992500605640868, "train_f1": 0.9849428039372173, "cm": [[1069064, 14405], [35, 2296]], "cm_normalized": [[0.9845864800147357, 0.013266715785595873], [3.223429729231903e-05, 0.002114569902376128]]}