{"task_id": "TaskEvaluateGradientBoostingClassifier_True_final_dataset_0_2_c797f5b9c9", "input_src_path": "final_dataset", "max_vocab_size": 100000, "problem_type": "RETURN_NULL", "window_size": 20, "step_size": 3, "encode_type": true, "test_split_percentage": 0.2, "train_dev_split_percentage": 0.0, "oversampling_enabled": true, "ratio_after_oversampling": 0.5, "undersampling_enabled": false, "ratio_after_undersampling": 0.5, "n_estimators": 200, "learning_rate": 0.2, "subsample": 1.0, "test_recall": 0.9952809952809952, "test_precision": 0.2865612648221344, "test_roc": 0.9997381664397518, "test_f1": 0.44499856142706434, "train_recall": 0.9983811250627037, "train_precision": 0.9894158527594792, "train_roc": 0.9997984213796417, "train_f1": 0.9938782715276343, "cm": [[1077693, 5776], [11, 2320]], "cm_normalized": [[0.9925336157671762, 0.005319580033155277], [1.0130779149014551e-05, 0.0021366734205194326]]}