{"task_id": "TaskEvaluateRandomForest_None_True_final_dataset_548dcac2d0", "input_src_path": "final_dataset", "max_vocab_size": 100000, "problem_type": "CONDITION_COMPARISON", "window_size": 20, "step_size": 3, "encode_type": true, "test_split_percentage": 0.2, "train_dev_split_percentage": 0.0, "oversampling_enabled": false, "ratio_after_oversampling": 0.5, "undersampling_enabled": true, "ratio_after_undersampling": 0.5, "n_trees_in_forest": 100, "max_features": "sqrt", "class_weight": null, "test_recall": 0.9610647972716938, "test_precision": 0.784148528320554, "test_roc": 0.9975357800527015, "test_f1": 0.863639459256989, "train_recall": 0.9999905266249206, "train_precision": 0.99997631689884, "train_roc": 0.9999999502981882, "train_f1": 0.9999834217114003, "cm": [[1019057, 13963], [2055, 50725]], "cm_normalized": [[0.9385310370233929, 0.012859642659790017], [0.0018926137410204458, 0.04671670657579665]]}