{"task_id": "TaskEvaluateGradientBoostingClassifier_True_final_dataset_0_2_5b364e14fa", "input_src_path": "final_dataset", "max_vocab_size": 100000, "problem_type": "CONDITION_COMPARISON", "window_size": 20, "step_size": 3, "encode_type": true, "test_split_percentage": 0.2, "train_dev_split_percentage": 0.0, "oversampling_enabled": false, "ratio_after_oversampling": 0.5, "undersampling_enabled": false, "ratio_after_undersampling": 0.5, "n_estimators": 300, "learning_rate": 0.2, "subsample": 1.0, "test_recall": 0.874441076165214, "test_precision": 0.9435539927219201, "test_roc": 0.9972970061351732, "test_f1": 0.9076838358211892, "train_recall": 0.8762871948389053, "train_precision": 0.9429970996467584, "train_roc": 0.9972942786868253, "train_f1": 0.9084190807289941, "cm": [[1030259, 2761], [6627, 46153]], "cm_normalized": [[0.9488478541167803, 0.0025428255664026525], [0.006103333947319948, 0.042505986369497144]]}