{"task_id": "TaskEvaluateRandomForest_None_True_final_dataset_5fd166c343", "input_src_path": "final_dataset", "max_vocab_size": 100000, "problem_type": "RETURN_NULL", "window_size": 20, "step_size": 3, "encode_type": true, "test_split_percentage": 0.2, "train_dev_split_percentage": 0.0, "oversampling_enabled": false, "ratio_after_oversampling": 0.5, "undersampling_enabled": false, "ratio_after_undersampling": 0.5, "n_trees_in_forest": 100, "max_features": "sqrt", "class_weight": null, "test_recall": 0.6237666237666237, "test_precision": 0.9952087611225188, "test_roc": 0.997836751847711, "test_f1": 0.7668776371308016, "train_recall": 0.9998927268826432, "train_precision": 1.0, "train_roc": 0.9999999999752478, "train_f1": 0.9999463605642869, "cm": [[1083462, 7], [877, 1454]], "cm_normalized": [[0.9978467489408731, 6.446859458463806e-06], [0.0008076993921532511, 0.0013391048075151962]]}