{"task_id": "TaskEvaluateLstm_512_0_2_0_2_94ba562c22", "input_src_path": "final_dataset", "max_vocab_size": 100000, "problem_type": "CONDITION_COMPARISON", "window_size": 20, "step_size": 3, "encode_type": false, "test_split_percentage": 0.2, "train_dev_split_percentage": 0.0, "oversampling_enabled": false, "ratio_after_oversampling": 0.5, "undersampling_enabled": false, "ratio_after_undersampling": 0.5, "embedding_vecor_length": 32, "epochs": 2, "batch_size": 512, "num_lstm_cells": 10, "dropout_emb_lstm": 0.2, "dropout_lstm_dense": 0.2, "test_recall": 0.977699886320576, "test_precision": 0.9821659687856871, "test_roc": 0.9999343513853131, "test_f1": 0.9799278389669579, "train_recall": 0.9865809642001155, "train_precision": 0.9910499319585471, "train_roc": 0.9999720974683458, "train_f1": 0.988810398685922, "cm": [[1032083, 937], [1177, 51603]], "cm_normalized": [[0.9505277214956714, 0.0008629581875115122], [0.001083993368944557, 0.04752532694787254]]}