{"task_id": "TaskEvaluateGradientBoostingClassifier_True_final_dataset_0_1_6692b1c6fa", "input_src_path": "final_dataset", "max_vocab_size": 100000, "problem_type": "CONDITION_COMPARISON", "window_size": 20, "step_size": 3, "encode_type": true, "test_split_percentage": 0.2, "train_dev_split_percentage": 0.0, "oversampling_enabled": false, "ratio_after_oversampling": 0.5, "undersampling_enabled": true, "ratio_after_undersampling": 0.5, "n_estimators": 100, "learning_rate": 0.1, "subsample": 1.0, "test_recall": 0.8671276998863205, "test_precision": 0.4823773688315521, "test_roc": 0.9754900455342757, "test_f1": 0.6199054572051632, "train_recall": 0.8696274121581296, "train_precision": 0.9022172861832406, "train_roc": 0.9758883230284016, "train_f1": 0.8856226333180578, "cm": [[983909, 49111], [7013, 45767]], "cm_normalized": [[0.9061604347025235, 0.045230244980659425], [0.006458832197458095, 0.042150488119358995]]}