{"task_id": "TaskEvaluateGradientBoostingClassifier_True_final_dataset_0_1_20bd108f2f", "input_src_path": "final_dataset", "max_vocab_size": 100000, "problem_type": "RETURN_NULL", "window_size": 20, "step_size": 3, "encode_type": true, "test_split_percentage": 0.2, "train_dev_split_percentage": 0.0, "oversampling_enabled": false, "ratio_after_oversampling": 0.5, "undersampling_enabled": true, "ratio_after_undersampling": 0.5, "n_estimators": 100, "learning_rate": 0.1, "subsample": 1.0, "test_recall": 0.9708279708279708, "test_precision": 0.08796548239135504, "test_roc": 0.9961040354641834, "test_f1": 0.16131446697793778, "train_recall": 0.9760780948294357, "train_precision": 0.96021528070916, "train_roc": 0.9972194490373522, "train_f1": 0.9680817108203, "cm": [[1060006, 23463], [68, 2263]], "cm_normalized": [[0.9762442438754835, 0.02160895192484804], [6.262663473936268e-05, 0.0020841775649290844]]}