{"task_id": "TaskEvaluateLstm_512_0_2_0_2_f6cfa54d5e", "input_src_path": "final_dataset", "max_vocab_size": 100000, "problem_type": "RETURN_NULL", "window_size": 20, "step_size": 3, "encode_type": false, "test_split_percentage": 0.2, "train_dev_split_percentage": 0.0, "oversampling_enabled": false, "ratio_after_oversampling": 0.5, "undersampling_enabled": false, "ratio_after_undersampling": 0.5, "embedding_vecor_length": 32, "epochs": 3, "batch_size": 512, "num_lstm_cells": 10, "dropout_emb_lstm": 0.2, "dropout_lstm_dense": 0.2, "test_recall": 0.996996996996997, "test_precision": 0.9810046433094133, "test_roc": 0.9999990718912996, "test_f1": 0.988936170212766, "train_recall": 0.9983909032396482, "train_precision": 0.9901063829787234, "train_roc": 0.9999997500023684, "train_f1": 0.9942313855357334, "cm": [[1083424, 45], [7, 2324]], "cm_normalized": [[0.9978117517038129, 4.144409651869589e-05], [6.446859458463806e-06, 0.0021403573402099833]]}