{"task_id": "TaskEvaluateRandomForest_balanced_True_final_dataset_2d04fc5d97", "input_src_path": "final_dataset", "max_vocab_size": 100000, "problem_type": "CONDITION_COMPARISON", "window_size": 20, "step_size": 3, "encode_type": true, "test_split_percentage": 0.2, "train_dev_split_percentage": 0.0, "oversampling_enabled": true, "ratio_after_oversampling": 0.5, "undersampling_enabled": false, "ratio_after_undersampling": 0.5, "n_trees_in_forest": 100, "max_features": "sqrt", "class_weight": "balanced", "test_recall": 0.8997158014399393, "test_precision": 0.9755130549107418, "test_roc": 0.998764466994792, "test_f1": 0.9360825555150356, "train_recall": 1.0, "train_precision": 0.9999622480237083, "train_roc": 0.9999999874461118, "train_f1": 0.9999811236555445, "cm": [[1031828, 1192], [5293, 47487]], "cm_normalized": [[0.9502928716153988, 0.0010978080677841223], [0.004874746730521275, 0.043734573586295816]]}