{"task_id": "TaskEvaluateRandomForest_None_True_final_dataset_be3160ed5f", "input_src_path": "final_dataset", "max_vocab_size": 100000, "problem_type": "CONDITION_COMPARISON", "window_size": 20, "step_size": 3, "encode_type": true, "test_split_percentage": 0.2, "train_dev_split_percentage": 0.0, "oversampling_enabled": false, "ratio_after_oversampling": 0.5, "undersampling_enabled": false, "ratio_after_undersampling": 0.5, "n_trees_in_forest": 100, "max_features": "sqrt", "class_weight": null, "test_recall": 0.8782682834406972, "test_precision": 0.9846006796941377, "test_roc": 0.9987568045850531, "test_f1": 0.928399759663529, "train_recall": 0.9998531626862702, "train_precision": 0.9998342190771213, "train_roc": 0.9999997108532224, "train_f1": 0.9998436907919667, "cm": [[1032295, 725], [6425, 46355]], "cm_normalized": [[0.9507229692392706, 0.0006677104439123227], [0.005917296002947135, 0.04269202431386996]]}