{"task_id": "TaskEvaluateGradientBoostingClassifier_True_final_dataset_0_2_3a8fcd6707", "input_src_path": "final_dataset", "max_vocab_size": 100000, "problem_type": "RETURN_NULL", "window_size": 20, "step_size": 3, "encode_type": true, "test_split_percentage": 0.2, "train_dev_split_percentage": 0.0, "oversampling_enabled": false, "ratio_after_oversampling": 0.5, "undersampling_enabled": false, "ratio_after_undersampling": 0.5, "n_estimators": 200, "learning_rate": 0.2, "subsample": 1.0, "test_recall": 0.8112398112398113, "test_precision": 0.9677584442169908, "test_roc": 0.9996594739877658, "test_f1": 0.8826137689614936, "train_recall": 0.8443467067152971, "train_precision": 0.9671909560088474, "train_roc": 0.9997960653726727, "train_f1": 0.9016036655211914, "cm": [[1083406, 63], [440, 1891]], "cm_normalized": [[0.9977951740652053, 5.802173512617425e-05], [0.00040523116596058207, 0.0017415730337078652]]}