{"task_id": "TaskEvaluateRandomForest_balanced_False_final_dataset_86d48ced09", "input_src_path": "final_dataset", "max_vocab_size": 100000, "problem_type": "RETURN_NULL", "window_size": 20, "step_size": 3, "encode_type": false, "test_split_percentage": 0.2, "train_dev_split_percentage": 0.0, "oversampling_enabled": false, "ratio_after_oversampling": 0.5, "undersampling_enabled": false, "ratio_after_undersampling": 0.5, "n_trees_in_forest": 100, "max_features": "sqrt", "class_weight": "balanced", "test_recall": 0.6040326040326041, "test_precision": 0.9964614295824487, "test_roc": 0.9986417546896896, "test_f1": 0.7521367521367521, "train_recall": 1.0, "train_precision": 0.9997854997854998, "train_roc": 0.9999999825991748, "train_f1": 0.9998927383889306, "cm": [[1083464, 5], [923, 1408]], "cm_normalized": [[0.9978485909007183, 4.6048996131884326e-06], [0.0008500644685945847, 0.0012967397310738626]]}