{"task_id": "TaskEvaluateGradientBoostingClassifier_True_final_dataset_0_2_ffdf20c5e4", "input_src_path": "final_dataset", "max_vocab_size": 100000, "problem_type": "CONDITION_COMPARISON", "window_size": 20, "step_size": 3, "encode_type": true, "test_split_percentage": 0.2, "train_dev_split_percentage": 0.0, "oversampling_enabled": false, "ratio_after_oversampling": 0.5, "undersampling_enabled": true, "ratio_after_undersampling": 0.5, "n_estimators": 200, "learning_rate": 0.2, "subsample": 1.0, "test_recall": 0.9715801439939371, "test_precision": 0.6710460886178649, "test_roc": 0.9954525204041444, "test_f1": 0.7938203377761265, "train_recall": 0.9730340378366601, "train_precision": 0.9527089072543617, "train_roc": 0.9955203711612949, "train_f1": 0.9627642124009935, "cm": [[1007882, 25138], [1500, 51280]], "cm_normalized": [[0.9282390863879167, 0.023151593295266164], [0.0013814698839565297, 0.04722785043286056]]}