{"task_id": "TaskEvaluateRandomForest_True_second_large_dat_sqrt_334fe2788b", "input_src_path": "second_large_dataset", "max_vocab_size": 100000, "problem_type": "RETURN_NULL", "window_size": 20, "step_size": 3, "encode_type": true, "test_split_percentage": 0.25, "oversampling_enabled": true, "ratio_after_oversampling": 0.5, "undersampling_enabled": false, "ratio_after_undersampling": 0.5, "n_trees_in_forest": 100, "max_features": "sqrt", "recall": 0.7194752774974773, "precision": 0.9930362116991643, "roc": 0.9977632700607741, "f1": 0.8344060854300761, "cm": [[1360870, 15], [834, 2139]], "cm_normalized": [[0.9999889777607953, 1.102223920463522e-05], [0.2805247225025227, 0.7194752774974773]]}