{"task_id": "TaskEvaluateSVM_True_second_large_dat_100000_852002ef79", "input_src_path": "second_large_dataset", "max_vocab_size": 100000, "problem_type": "RETURN_NULL", "window_size": 20, "step_size": 3, "encode_type": true, "test_split_percentage": 0.25, "oversampling_enabled": false, "ratio_after_oversampling": 0.5, "undersampling_enabled": true, "ratio_after_undersampling": 0.5, "svm_kernel": "rbf", "svm_predict_probability": true, "svm_class_weight": null, "recall": 0.007399932727884292, "precision": 0.003360831041857623, "roc": 0.6247810784513023, "f1": 0.0046223342788108, "cm": [[1354361, 6524], [2951, 22]], "cm_normalized": [[0.9952060607619306, 0.004793939238069344], [0.9926000672721157, 0.007399932727884292]]}