{"task_id": "TaskEvaluateRandomForest_False_second_large_dat_sqrt_9e5f32afb0", "input_src_path": "second_large_dataset", "max_vocab_size": 100000, "problem_type": "CONDITION_COMPARISON", "window_size": 20, "step_size": 3, "encode_type": false, "test_split_percentage": 0.25, "oversampling_enabled": true, "ratio_after_oversampling": 0.5, "undersampling_enabled": false, "ratio_after_undersampling": 0.5, "n_trees_in_forest": 100, "max_features": "sqrt", "recall": 0.8890605083602009, "precision": 0.976480276702627, "roc": 0.9987655675668674, "f1": 0.9307221350078494, "cm": [[1295745, 1428], [7398, 59287]], "cm_normalized": [[0.9988991445242847, 0.001100855475715267], [0.11093949163979906, 0.8890605083602009]]}