{"task_id": "TaskEvaluateRandomForest_True_second_large_dat_sqrt_3c95be386e", "input_src_path": "second_large_dataset", "max_vocab_size": 1000, "problem_type": "RETURN_NULL", "window_size": 20, "step_size": 3, "encode_type": true, "test_split_percentage": 0.25, "oversampling_enabled": false, "ratio_after_oversampling": 0.5, "undersampling_enabled": true, "ratio_after_undersampling": 0.1, "n_trees_in_forest": 100, "max_features": "sqrt", "recall": 0.9038008745375042, "precision": 0.5093838862559241, "roc": 0.9988784098606635, "f1": 0.6515518913676042, "cm": [[1358297, 2588], [286, 2687]], "cm_normalized": [[0.998098296329227, 0.0019017036707730632], [0.0961991254624958, 0.9038008745375042]]}