{"task_id": "TaskEvaluateGradientBoostingClassifier_True_second_large_dat_0_2_13145d3c59", "input_src_path": "second_large_dataset", "max_vocab_size": 1000, "problem_type": "RETURN_NULL", "window_size": 20, "step_size": 3, "encode_type": true, "test_split_percentage": 0.25, "oversampling_enabled": false, "ratio_after_oversampling": 0.5, "undersampling_enabled": true, "ratio_after_undersampling": 0.5, "n_estimators": 100, "learning_rate": 0.2, "subsample": 1.0, "recall": 0.9905819038008745, "precision": 0.13542720500321898, "roc": 0.9987742796687076, "f1": 0.2382782475019216, "cm": [[1342084, 18801], [28, 2945]], "cm_normalized": [[0.9861847253809102, 0.013815274619089784], [0.009418096199125462, 0.9905819038008745]]}