{"task_id": "TaskEvaluateSVM_True_second_large_dat_100000_371321a1a0", "input_src_path": "second_large_dataset", "max_vocab_size": 100000, "problem_type": "RETURN_NULL", "window_size": 20, "step_size": 3, "encode_type": true, "test_split_percentage": 0.25, "oversampling_enabled": false, "ratio_after_oversampling": 0.5, "undersampling_enabled": true, "ratio_after_undersampling": 0.5, "svm_kernel": "rbf", "svm_predict_probability": true, "svm_class_weight": "balanced", "recall": 0.49209552640430543, "precision": 0.0030703880693492163, "roc": 0.6115980186618558, "f1": 0.0061026988695615896, "cm": [[885861, 475024], [1510, 1463]], "cm_normalized": [[0.650944789603824, 0.34905521039617604], [0.5079044735956946, 0.49209552640430543]]}