{"task_id": "TaskEvaluateSVM_True_second_large_dat_1000_4cd0b79449", "input_src_path": "second_large_dataset", "max_vocab_size": 1000, "problem_type": "RETURN_NULL", "window_size": 20, "step_size": 3, "encode_type": true, "test_split_percentage": 0.25, "oversampling_enabled": false, "ratio_after_oversampling": 0.5, "undersampling_enabled": true, "ratio_after_undersampling": 0.5, "svm_kernel": "rbf", "svm_predict_probability": true, "svm_class_weight": "balanced", "recall": 0.900100908173562, "precision": 0.012983295408784587, "roc": 0.9461492339189692, "f1": 0.025597367565189107, "cm": [[1157450, 203435], [297, 2676]], "cm_normalized": [[0.8505127178270023, 0.14948728217299773], [0.09989909182643794, 0.900100908173562]]}