{"task_id": "TaskEvaluateRandomForest_True_second_large_dat_sqrt_815bb4b680", "input_src_path": "second_large_dataset", "max_vocab_size": 1000, "problem_type": "RETURN_NULL", "window_size": 20, "step_size": 3, "encode_type": true, "test_split_percentage": 0.25, "oversampling_enabled": true, "ratio_after_oversampling": 0.5, "undersampling_enabled": false, "ratio_after_undersampling": 0.5, "n_trees_in_forest": 100, "max_features": "sqrt", "recall": 0.730911537167844, "precision": 0.9908800729594163, "roc": 0.9982936551691736, "f1": 0.8412698412698412, "cm": [[1360865, 20], [800, 2173]], "cm_normalized": [[0.9999853036810605, 1.4696318939513625e-05], [0.2690884628321561, 0.730911537167844]]}