{"task_id": "TaskEvaluateRandomForest_True_second_large_dat_sqrt_2ae1aa16de", "input_src_path": "second_large_dataset", "max_vocab_size": 100000, "problem_type": "CONDITION_COMPARISON", "window_size": 20, "step_size": 3, "encode_type": true, "test_split_percentage": 0.25, "oversampling_enabled": true, "ratio_after_oversampling": 0.5, "undersampling_enabled": false, "ratio_after_undersampling": 0.5, "n_trees_in_forest": 100, "max_features": "sqrt", "recall": 0.9025567968808578, "precision": 0.9748145508729876, "roc": 0.9988645310339587, "f1": 0.937295117070398, "cm": [[1295618, 1555], [6498, 60187]], "cm_normalized": [[0.9988012393104081, 0.001198760689591905], [0.09744320311914223, 0.9025567968808578]]}