{"task_id": "TaskEvaluateLstm_64_0_2_0_2_98d45eb0ff", "input_src_path": "second_large_dataset", "max_vocab_size": 100000, "problem_type": "CONDITION_COMPARISON", "window_size": 20, "step_size": 3, "encode_type": false, "test_split_percentage": 0.25, "oversampling_enabled": false, "ratio_after_oversampling": 0.5, "undersampling_enabled": true, "ratio_after_undersampling": 0.5, "embedding_vecor_length": 32, "epochs": 3, "batch_size": 64, "num_lstm_cells": 10, "dropout_emb_lstm": 0.2, "dropout_lstm_dense": 0.2, "recall": 0.9969224574321215, "precision": 0.9503845573819937, "roc": 0.9998552454481245, "f1": 0.9730974122139012, "cm": [[1290703, 3619], [214, 69322]], "cm_normalized": [[0.9972039415230523, 0.0027960584769477765], [0.003077542567878509, 0.9969224574321215]]}