{"task_id": "TaskEvaluateGradientBoostingClassifier_True_second_large_dat_0_1_1a4f501f6b", "input_src_path": "second_large_dataset", "max_vocab_size": 100000, "problem_type": "CONDITION_COMPARISON", "window_size": 20, "step_size": 3, "encode_type": true, "test_split_percentage": 0.25, "oversampling_enabled": false, "ratio_after_oversampling": 0.5, "undersampling_enabled": true, "ratio_after_undersampling": 0.5, "n_estimators": 100, "learning_rate": 0.1, "subsample": 1.0, "recall": 0.8668816075579215, "precision": 0.475997562702765, "roc": 0.9745608583848128, "f1": 0.614550499386066, "cm": [[1233535, 63638], [8877, 57808]], "cm_normalized": [[0.9509410078686498, 0.04905899213135025], [0.13311839244207843, 0.8668816075579215]]}