{"task_id": "TaskEvaluateGradientBoostingClassifier_True_second_large_dat_0_1_7cec1985b7", "input_src_path": "second_large_dataset", "max_vocab_size": 100000, "problem_type": "RETURN_NULL", "window_size": 20, "step_size": 3, "encode_type": true, "test_split_percentage": 0.2, "train_dev_split_percentage": 0.1, "oversampling_enabled": true, "ratio_after_oversampling": 0.5, "undersampling_enabled": false, "ratio_after_undersampling": 0.5, "n_estimators": 200, "learning_rate": 0.1, "subsample": 1.0, "recall": 0.9916874480465503, "precision": 0.1439691063778435, "roc": 0.998890389330575, "f1": 0.25143579746035094, "train_recall": 0.9923582390359624, "train_precision": 0.9746753290268969, "train_roc": 0.9990114157071763, "train_f1": 0.9834373025951529, "train_dev_recall": 0.9912663755458515, "train_dev_precision": 0.1388888888888889, "train_dev_roc": 0.9990044120847817, "train_dev_f1": 0.24364065686379738, "cm": [[1074494, 14187], [20, 2386]], "cm_normalized": [[0.9869686345219583, 0.013031365478041778], [0.00831255195344971, 0.9916874480465503]]}