{"task_id": "TaskEvaluateSVM_True_second_large_dat_100000_4ba8a28abf", "input_src_path": "second_large_dataset", "max_vocab_size": 100000, "problem_type": "RETURN_NULL", "window_size": 20, "step_size": 3, "encode_type": true, "test_split_percentage": 0.2, "train_dev_split_percentage": 0.1, "oversampling_enabled": false, "ratio_after_oversampling": 0.5, "undersampling_enabled": true, "ratio_after_undersampling": 0.5, "svm_kernel": "rbf", "svm_predict_probability": true, "svm_class_weight": null, "recall": 0.00997506234413965, "precision": 0.006033182503770739, "roc": 0.629277875131216, "f1": 0.0075187969924812035, "train_recall": 0.015441176470588236, "train_precision": 0.8181818181818182, "train_roc": 0.7591644402092945, "train_f1": 0.030310319942266056, "train_dev_recall": 0.0034934497816593887, "train_dev_precision": 0.002066115702479339, "train_dev_roc": 0.6393451547962814, "train_dev_f1": 0.002596559558584875, "cm": [[1084727, 3954], [2382, 24]], "cm_normalized": [[0.9963680821103702, 0.0036319178896297446], [0.9900249376558603, 0.00997506234413965]]}