{"task_id": "TaskEvaluateGradientBoostingClassifier_True_second_large_dat_0_1_d2babbfaa2", "input_src_path": "second_large_dataset", "max_vocab_size": 100000, "problem_type": "RETURN_NULL", "window_size": 20, "step_size": 3, "encode_type": true, "test_split_percentage": 0.2, "train_dev_split_percentage": 0.1, "oversampling_enabled": false, "ratio_after_oversampling": 0.5, "undersampling_enabled": true, "ratio_after_undersampling": 0.5, "n_estimators": 1000, "learning_rate": 0.1, "subsample": 1.0, "recall": 0.999168744804655, "precision": 0.36358136721113127, "roc": 0.999896944356033, "f1": 0.5331559104014194, "train_recall": 1.0, "train_precision": 1.0, "train_roc": 1.0, "train_f1": 1.0, "train_dev_recall": 0.9991266375545852, "train_dev_precision": 0.35027556644213104, "train_dev_roc": 0.9999126826858676, "train_dev_f1": 0.5187032418952618, "cm": [[1084473, 4208], [2, 2404]], "cm_normalized": [[0.9961347722611122, 0.0038652277388877], [0.0008312551953449709, 0.999168744804655]]}