{"task_id": "TaskEvaluateLstm_64_0_2_0_2_2fa94a63e1", "input_src_path": "second_large_dataset", "max_vocab_size": 100000, "problem_type": "CONDITION_COMPARISON", "window_size": 20, "step_size": 3, "encode_type": false, "test_split_percentage": 0.2, "train_dev_split_percentage": 0.1, "oversampling_enabled": false, "ratio_after_oversampling": 0.5, "undersampling_enabled": true, "ratio_after_undersampling": 0.5, "embedding_vecor_length": 32, "epochs": 3, "batch_size": 64, "num_lstm_cells": 10, "dropout_emb_lstm": 0.2, "dropout_lstm_dense": 0.2, "recall": 0.9979255068363979, "precision": 0.937428029833295, "roc": 0.999880693155194, "f1": 0.9667312189418299, "train_recall": 0.9991129967351868, "train_precision": 0.9962012637590972, "train_roc": 0.9999840531134013, "train_f1": 0.9976550057224264, "train_dev_recall": 0.99822761897579, "train_dev_precision": 0.9354040778826107, "train_dev_roc": 0.9998740064390357, "train_dev_f1": 0.9657952824853604, "cm": [[1034530, 3532], [110, 52915]], "cm_normalized": [[0.9965975057366516, 0.003402494263348432], [0.0020744931636020743, 0.9979255068363979]]}