{"task_id": "TaskEvaluateRandomForest_True_second_large_dat_sqrt_cefe3cc144", "input_src_path": "second_large_dataset", "max_vocab_size": 100000, "problem_type": "RETURN_NULL", "window_size": 20, "step_size": 3, "encode_type": true, "test_split_percentage": 0.2, "train_dev_split_percentage": 0.1, "oversampling_enabled": false, "ratio_after_oversampling": 0.5, "undersampling_enabled": true, "ratio_after_undersampling": 0.1, "n_trees_in_forest": 100, "max_features": "sqrt", "recall": 0.8960931005818786, "precision": 0.4801781737193764, "roc": 0.9987917494489926, "f1": 0.6252900232018561, "train_recall": 1.0, "train_precision": 1.0, "train_roc": 1.0, "train_f1": 1.0, "train_dev_recall": 0.9152838427947598, "train_dev_precision": 0.46515756768752775, "train_dev_roc": 0.9989361968368538, "train_dev_f1": 0.6168334314302532, "cm": [[1086347, 2334], [250, 2156]], "cm_normalized": [[0.997856121306425, 0.0021438786935750694], [0.10390689941812137, 0.8960931005818786]]}