{"task_id": "TaskEvaluateGradientBoostingClassifier_True_second_large_dat_0_1_fd200f1c88", "input_src_path": "second_large_dataset", "max_vocab_size": 100000, "problem_type": "CONDITION_COMPARISON", "window_size": 20, "step_size": 3, "encode_type": true, "test_split_percentage": 0.2, "train_dev_split_percentage": 0.1, "oversampling_enabled": true, "ratio_after_oversampling": 0.5, "undersampling_enabled": false, "ratio_after_undersampling": 0.5, "n_estimators": 300, "learning_rate": 0.1, "subsample": 1.0, "recall": 0.9626214049976426, "precision": 0.6371375432202014, "roc": 0.993395879036552, "f1": 0.766768315582328, "train_recall": 0.9632200644664938, "train_precision": 0.9451685402973348, "train_roc": 0.9935717601196375, "train_f1": 0.9541089273372257, "train_dev_recall": 0.9620257938004374, "train_dev_precision": 0.6382377223487028, "train_dev_roc": 0.993420904462275, "train_dev_f1": 0.7673750545202965, "cm": [[1008992, 29070], [1982, 51043]], "cm_normalized": [[0.971995892345544, 0.028004107654456094], [0.03737859500235738, 0.9626214049976426]]}