{"task_id": "TaskEvaluateGradientBoostingClassifier_True_second_large_dat_0_2_8b940a4b91", "input_src_path": "second_large_dataset", "max_vocab_size": 100000, "problem_type": "RETURN_NULL", "window_size": 20, "step_size": 3, "encode_type": true, "test_split_percentage": 0.2, "train_dev_split_percentage": 0.1, "oversampling_enabled": true, "ratio_after_oversampling": 0.5, "undersampling_enabled": false, "ratio_after_undersampling": 0.5, "n_estimators": 400, "learning_rate": 0.2, "subsample": 1.0, "recall": 0.99833748960931, "precision": 0.5388066397487663, "roc": 0.9999532535822481, "f1": 0.69988344988345, "train_recall": 1.0, "train_precision": 0.9963603656368314, "train_roc": 0.99996835744325, "train_f1": 0.9981768650461023, "train_dev_recall": 0.9973799126637555, "train_dev_precision": 0.5366541353383458, "train_dev_roc": 0.9999638525442414, "train_dev_f1": 0.6978307363275283, "cm": [[1086625, 2056], [4, 2402]], "cm_normalized": [[0.9981114761808096, 0.001888523819190378], [0.0016625103906899418, 0.99833748960931]]}