{"task_id": "TaskEvaluateGradientBoostingClassifier_True_second_large_dat_0_1_4067370d78", "input_src_path": "second_large_dataset", "max_vocab_size": 100000, "problem_type": "CONDITION_COMPARISON", "window_size": 20, "step_size": 3, "encode_type": true, "test_split_percentage": 0.2, "train_dev_split_percentage": 0.1, "oversampling_enabled": false, "ratio_after_oversampling": 0.5, "undersampling_enabled": true, "ratio_after_undersampling": 0.5, "n_estimators": 100, "learning_rate": 0.1, "subsample": 1.0, "recall": 0.8658368694012258, "precision": 0.46646617152494846, "roc": 0.9738022009572, "f1": 0.6062939094606731, "train_recall": 0.8658006807482888, "train_precision": 0.8965666067229215, "train_roc": 0.9741847433376039, "train_f1": 0.8809151009046625, "train_dev_recall": 0.8650350705181387, "train_dev_precision": 0.4701578192252511, "train_dev_roc": 0.9739396382096699, "train_dev_f1": 0.6092048653529506, "cm": [[985550, 52512], [7114, 45911]], "cm_normalized": [[0.9494134261730032, 0.05058657382699685], [0.13416313059877416, 0.8658368694012258]]}