{"task_id": "TaskEvaluateGradientBoostingClassifier_True_second_large_dat_0_1_d9074fc279", "input_src_path": "second_large_dataset", "max_vocab_size": 100000, "problem_type": "CONDITION_COMPARISON_SIMPLE", "window_size": 20, "step_size": 3, "encode_type": true, "test_split_percentage": 0.2, "train_dev_split_percentage": 0.1, "oversampling_enabled": false, "ratio_after_oversampling": 0.5, "undersampling_enabled": true, "ratio_after_undersampling": 0.5, "n_estimators": 100, "learning_rate": 0.1, "subsample": 1.0, "recall": 0.9138895562343412, "precision": 0.3328000799880018, "roc": 0.9794526356032122, "f1": 0.48792018250281727, "train_recall": 0.917578722699231, "train_precision": 0.9005863615928374, "train_roc": 0.9796679473272623, "train_f1": 0.9090031378228337, "train_dev_recall": 0.9158781683817944, "train_dev_precision": 0.3347300401342858, "train_dev_roc": 0.9793003423702463, "train_dev_f1": 0.4902765454007691, "cm": [[1008566, 53384], [2509, 26628]], "cm_normalized": [[0.9497302132868779, 0.050269786713122086], [0.08611044376565878, 0.9138895562343412]]}