{"task_id": "TaskEvaluateRandomForest_True_second_large_dat_sqrt_0c21697d07", "input_src_path": "second_large_dataset", "max_vocab_size": 1000, "problem_type": "RETURN_NULL", "window_size": 20, "step_size": 3, "encode_type": true, "test_split_percentage": 0.2, "train_dev_split_percentage": 0.1, "oversampling_enabled": false, "ratio_after_oversampling": 0.5, "undersampling_enabled": true, "ratio_after_undersampling": 0.5, "n_trees_in_forest": 100, "max_features": "sqrt", "recall": 0.972568578553616, "precision": 0.12448132780082988, "roc": 0.997791699240669, "f1": 0.22071307300509338, "train_recall": 1.0, "train_precision": 1.0, "train_roc": 1.0, "train_f1": 1.0, "train_dev_recall": 0.9720524017467249, "train_dev_precision": 0.12116263879817113, "train_dev_roc": 0.9979089044970646, "train_dev_f1": 0.21546800890523665, "cm": [[1072223, 16458], [66, 2340]], "cm_normalized": [[0.9848826240193408, 0.015117375980659164], [0.02743142144638404, 0.972568578553616]]}