{"task_id": "TaskEvaluateLstm_256_0_2_0_2_9771a88097", "input_src_path": "second_large_dataset", "max_vocab_size": 100000, "problem_type": "CONDITION_COMPARISON_SIMPLE", "window_size": 20, "step_size": 3, "encode_type": false, "test_split_percentage": 0.2, "train_dev_split_percentage": 0.1, "oversampling_enabled": false, "ratio_after_oversampling": 0.5, "undersampling_enabled": true, "ratio_after_undersampling": 0.5, "embedding_vecor_length": 32, "epochs": 3, "batch_size": 256, "num_lstm_cells": 100, "dropout_emb_lstm": 0.2, "dropout_lstm_dense": 0.2, "recall": 0.9991763050416995, "precision": 0.9092697857455182, "roc": 0.9999089876504786, "f1": 0.9521053061891914, "train_recall": 0.9995321956591655, "train_precision": 0.9976653469391725, "train_roc": 0.999975818958999, "train_f1": 0.998597898795556, "train_dev_recall": 0.9991021479383936, "train_dev_precision": 0.9054265506665832, "train_dev_roc": 0.9999078709709871, "train_dev_f1": 0.9499605988967691, "cm": [[1059045, 2905], [24, 29113]], "cm_normalized": [[0.9972644663119733, 0.0027355336880267433], [0.0008236949583004427, 0.9991763050416995]]}