{"task_id": "TaskEvaluateRandomForest_False_second_large_dat_sqrt_304743addc", "input_src_path": "second_large_dataset", "max_vocab_size": 100000, "problem_type": "RETURN_NULL", "window_size": 20, "step_size": 3, "encode_type": false, "test_split_percentage": 0.2, "train_dev_split_percentage": 0.1, "oversampling_enabled": true, "ratio_after_oversampling": 1.0, "undersampling_enabled": false, "ratio_after_undersampling": 0.5, "n_trees_in_forest": 100, "max_features": "sqrt", "recall": 0.684123025768911, "precision": 0.9957652752571083, "roc": 0.9980768374616822, "f1": 0.8110372012811038, "train_recall": 1.0, "train_precision": 0.9999994751541932, "train_roc": 0.9999999999362302, "train_f1": 0.9999997375770278, "train_dev_recall": 0.714410480349345, "train_dev_precision": 0.9939246658566221, "train_dev_roc": 0.9989090469403717, "train_dev_f1": 0.8313008130081301, "cm": [[1088674, 7], [760, 1646]], "cm_normalized": [[0.9999935702010047, 6.42979899529798e-06], [0.31587697423108896, 0.684123025768911]]}