{"task_id": "TaskEvaluateGradientBoostingClassifier_True_second_large_dat_0_1_9caae4f899", "input_src_path": "second_large_dataset", "max_vocab_size": 100000, "problem_type": "CONDITION_COMPARISON", "window_size": 20, "step_size": 3, "encode_type": true, "test_split_percentage": 0.2, "train_dev_split_percentage": 0.1, "oversampling_enabled": true, "ratio_after_oversampling": 0.5, "undersampling_enabled": false, "ratio_after_undersampling": 0.5, "n_estimators": 200, "learning_rate": 0.1, "subsample": 1.0, "recall": 0.942008486562942, "precision": 0.5933290570878769, "roc": 0.9896034579909988, "f1": 0.7280757373679954, "train_recall": 0.9421255438981797, "train_precision": 0.9347405955611846, "train_roc": 0.9898274816423029, "train_f1": 0.9384185408667033, "train_dev_recall": 0.9409834829172637, "train_dev_precision": 0.5956791597039867, "train_dev_roc": 0.9896394353387434, "train_dev_f1": 0.7295345573617121, "cm": [[1003826, 34236], [3075, 49950]], "cm_normalized": [[0.9670193109852784, 0.03298068901472166], [0.05799151343705799, 0.942008486562942]]}