{"task_id": "TaskEvaluateGradientBoostingClassifier_True_second_large_dat_0_2_e5dab4399c", "input_src_path": "second_large_dataset", "max_vocab_size": 100000, "problem_type": "CONDITION_COMPARISON_SIMPLE", "window_size": 20, "step_size": 3, "encode_type": true, "test_split_percentage": 0.2, "train_dev_split_percentage": 0.1, "oversampling_enabled": true, "ratio_after_oversampling": 0.5, "undersampling_enabled": false, "ratio_after_undersampling": 0.5, "n_estimators": 200, "learning_rate": 0.2, "subsample": 1.0, "recall": 0.9810893365823523, "precision": 0.5469957902793724, "roc": 0.9950945885442453, "f1": 0.702384608769365, "train_recall": 0.982065521875338, "train_precision": 0.9564857539277142, "train_roc": 0.9951325041220299, "train_f1": 0.9691068715303649, "train_dev_recall": 0.9810069756198633, "train_dev_precision": 0.5454056752294283, "train_dev_roc": 0.995032227909505, "train_dev_f1": 0.7010512807857462, "cm": [[1038276, 23674], [551, 28586]], "cm_normalized": [[0.9777070483544423, 0.0222929516455577], [0.018910663417647664, 0.9810893365823523]]}