{"task_id": "TaskEvaluateGradientBoostingClassifier_True_second_large_dat_0_2_fe303c5d7f", "input_src_path": "second_large_dataset", "max_vocab_size": 100000, "problem_type": "CONDITION_COMPARISON", "window_size": 20, "step_size": 3, "encode_type": true, "test_split_percentage": 0.2, "train_dev_split_percentage": 0.1, "oversampling_enabled": true, "ratio_after_oversampling": 0.5, "undersampling_enabled": false, "ratio_after_undersampling": 0.5, "n_estimators": 200, "learning_rate": 0.2, "subsample": 1.0, "recall": 0.9718057520037718, "precision": 0.6696295141190077, "roc": 0.9952050839803844, "f1": 0.7929034144239794, "train_recall": 0.9724048601546292, "train_precision": 0.9523963375989428, "train_roc": 0.995349664323916, "train_f1": 0.96229660346798, "train_dev_recall": 0.9710762500942756, "train_dev_precision": 0.6716308912130617, "train_dev_roc": 0.9952512074695044, "train_dev_f1": 0.7940609630120723, "cm": [[1012639, 25423], [1495, 51530]], "cm_normalized": [[0.9755091699725065, 0.02449083002749354], [0.028194247996228196, 0.9718057520037718]]}