{"task_id": "TaskEvaluateRandomForest_False_second_large_dat_sqrt_a6275a5553", "input_src_path": "second_large_dataset", "max_vocab_size": 100000, "problem_type": "CONDITION_COMPARISON", "window_size": 20, "step_size": 3, "encode_type": false, "test_split_percentage": 0.2, "train_dev_split_percentage": 0.1, "oversampling_enabled": false, "ratio_after_oversampling": 0.5, "undersampling_enabled": true, "ratio_after_undersampling": 0.5, "n_trees_in_forest": 100, "max_features": "sqrt", "recall": 0.957001414427157, "precision": 0.7711302920706319, "roc": 0.9969541493567178, "f1": 0.8540700658918968, "train_recall": 1.0, "train_precision": 0.9999946566353902, "train_roc": 0.9999999810843991, "train_f1": 0.9999973283105572, "train_dev_recall": 0.9571234633079417, "train_dev_precision": 0.767818247821878, "train_dev_roc": 0.9968454066273286, "train_dev_f1": 0.8520831235102562, "cm": [[1023001, 15061], [2280, 50745]], "cm_normalized": [[0.985491232700937, 0.014508767299063061], [0.042998585572843, 0.957001414427157]]}