{"task_id": "TaskEvaluateLstm_256_0_2_0_2_1bc5180eb6", "input_src_path": "second_large_dataset", "max_vocab_size": 100000, "problem_type": "RETURN_NULL", "window_size": 20, "step_size": 3, "encode_type": false, "test_split_percentage": 0.2, "train_dev_split_percentage": 0.1, "oversampling_enabled": false, "ratio_after_oversampling": 0.5, "undersampling_enabled": false, "ratio_after_undersampling": 0.5, "embedding_vecor_length": 32, "epochs": 2, "batch_size": 256, "num_lstm_cells": 10, "dropout_emb_lstm": 0.2, "dropout_lstm_dense": 0.2, "recall": 0.986284289276808, "precision": 0.9974779319041615, "roc": 0.9999846800742795, "f1": 0.9918495297805643, "train_recall": 0.9904411764705883, "train_precision": 0.9933628318584071, "train_roc": 0.9999979275976475, "train_f1": 0.991899852724595, "train_dev_recall": 0.9921397379912664, "train_dev_precision": 0.9973661106233538, "train_dev_roc": 0.9998521960180976, "train_dev_f1": 0.9947460595446584, "cm": [[1088675, 6], [33, 2373]], "cm_normalized": [[0.9999944887437183, 5.511256281683983e-06], [0.01371571072319202, 0.986284289276808]]}