{"task_id": "TaskEvaluateRandomForest_True_second_large_dat_sqrt_1320f13779", "input_src_path": "second_large_dataset", "max_vocab_size": 100000, "problem_type": "CONDITION_COMPARISON", "window_size": 20, "step_size": 3, "encode_type": true, "test_split_percentage": 0.2, "train_dev_split_percentage": 0.1, "oversampling_enabled": true, "ratio_after_oversampling": 1.0, "undersampling_enabled": false, "ratio_after_undersampling": 0.5, "n_trees_in_forest": 100, "max_features": "sqrt", "recall": 0.8932201791607732, "precision": 0.9753701682489343, "roc": 0.9986720536481234, "f1": 0.9324893684044733, "train_recall": 1.0, "train_precision": 0.9999826528333567, "train_roc": 0.9999999977966717, "train_f1": 0.9999913263414466, "train_dev_recall": 0.8970133494230335, "train_dev_precision": 0.9738792221084954, "train_dev_roc": 0.9985303492044009, "train_dev_f1": 0.9338672634120488, "cm": [[1036866, 1196], [5662, 47363]], "cm_normalized": [[0.9988478530184132, 0.0011521469815868417], [0.10677982083922678, 0.8932201791607732]]}