{"task_id": "TaskEvaluateGradientBoostingClassifier_True_second_large_dat_0_1_761c1cfc43", "input_src_path": "second_large_dataset", "max_vocab_size": 100000, "problem_type": "RETURN_NULL", "window_size": 20, "step_size": 3, "encode_type": true, "test_split_percentage": 0.2, "train_dev_split_percentage": 0.1, "oversampling_enabled": true, "ratio_after_oversampling": 0.5, "undersampling_enabled": false, "ratio_after_undersampling": 0.5, "n_estimators": 400, "learning_rate": 0.1, "subsample": 1.0, "recall": 0.9958437240232751, "precision": 0.28023391812865495, "roc": 0.9997499311365932, "f1": 0.4373859072654253, "train_recall": 0.997910587197951, "train_precision": 0.9889724010943856, "train_roc": 0.999807877049828, "train_f1": 0.9934213894970035, "train_dev_recall": 0.9965065502183406, "train_dev_precision": 0.26986754966887416, "train_dev_roc": 0.9997944582703276, "train_dev_f1": 0.42471617345989204, "cm": [[1082527, 6154], [10, 2396]], "cm_normalized": [[0.9943472881404195, 0.005652711859580538], [0.004156275976724855, 0.9958437240232751]]}