{"task_id": "TaskEvaluateRandomForest_False_second_large_dat_sqrt_315c4e5eb5", "input_src_path": "second_large_dataset", "max_vocab_size": 100000, "problem_type": "RETURN_NULL", "window_size": 20, "step_size": 3, "encode_type": false, "test_split_percentage": 0.2, "train_dev_split_percentage": 0.1, "oversampling_enabled": true, "ratio_after_oversampling": 0.5, "undersampling_enabled": false, "ratio_after_undersampling": 0.5, "n_trees_in_forest": 100, "max_features": "sqrt", "recall": 0.6949293433083957, "precision": 0.9976133651551312, "roc": 0.9980815664677477, "f1": 0.8192062714355708, "train_recall": 1.0, "train_precision": 0.9999989503086617, "train_roc": 0.9999999999392603, "train_f1": 0.9999994751540554, "train_dev_recall": 0.7266375545851529, "train_dev_precision": 0.994026284348865, "train_dev_roc": 0.9989257530264068, "train_dev_f1": 0.839556004036327, "cm": [[1088677, 4], [734, 1672]], "cm_normalized": [[0.9999963258291455, 3.6741708544559886e-06], [0.3050706566916043, 0.6949293433083957]]}