{"task_id": "TaskEvaluateGradientBoostingClassifier_True_second_large_dat_0_2_a2e8792e01", "input_src_path": "second_large_dataset", "max_vocab_size": 100000, "problem_type": "CONDITION_COMPARISON", "window_size": 20, "step_size": 3, "encode_type": true, "test_split_percentage": 0.2, "train_dev_split_percentage": 0.1, "oversampling_enabled": true, "ratio_after_oversampling": 0.5, "undersampling_enabled": false, "ratio_after_undersampling": 0.5, "n_estimators": 300, "learning_rate": 0.2, "subsample": 1.0, "recall": 0.9824233851956624, "precision": 0.7214597327054914, "roc": 0.9969613316104805, "f1": 0.8319571987542921, "train_recall": 0.9831773621606023, "train_precision": 0.9622542863456781, "train_roc": 0.9971173338623228, "train_f1": 0.9726033106364596, "train_dev_recall": 0.9823516102270156, "train_dev_precision": 0.7223870663597792, "train_dev_roc": 0.9970143291516744, "train_dev_f1": 0.8325476597580658, "cm": [[1017950, 20112], [932, 52093]], "cm_normalized": [[0.9806254347042855, 0.019374565295714515], [0.017576614804337577, 0.9824233851956624]]}