{"task_id": "TaskEvaluateGradientBoostingClassifier_True_second_large_dat_0_1_561e9acee0", "input_src_path": "second_large_dataset", "max_vocab_size": 100000, "problem_type": "CONDITION_COMPARISON_SIMPLE", "window_size": 20, "step_size": 3, "encode_type": true, "test_split_percentage": 0.2, "train_dev_split_percentage": 0.1, "oversampling_enabled": true, "ratio_after_oversampling": 0.5, "undersampling_enabled": false, "ratio_after_undersampling": 0.5, "n_estimators": 400, "learning_rate": 0.1, "subsample": 1.0, "recall": 0.9820159934104403, "precision": 0.5458725222733083, "roc": 0.995086384769595, "f1": 0.7016945827304609, "train_recall": 0.9826311543477009, "train_precision": 0.9563834534951694, "train_roc": 0.9950748584197403, "train_f1": 0.969329651366045, "train_dev_recall": 0.9811451067062642, "train_dev_precision": 0.5424414830654092, "train_dev_roc": 0.9949316721439697, "train_dev_f1": 0.6986328317104358, "cm": [[1038146, 23804], [524, 28613]], "cm_normalized": [[0.9775846320448232, 0.022415367955176797], [0.017984006589559665, 0.9820159934104403]]}