{"task_id": "TaskEvaluateLstm_256_0_2_0_2_59cddcae80", "input_src_path": "second_large_dataset", "max_vocab_size": 100000, "problem_type": "CONDITION_COMPARISON", "window_size": 20, "step_size": 3, "encode_type": false, "test_split_percentage": 0.2, "train_dev_split_percentage": 0.1, "oversampling_enabled": false, "ratio_after_oversampling": 0.5, "undersampling_enabled": false, "ratio_after_undersampling": 0.5, "embedding_vecor_length": 32, "epochs": 2, "batch_size": 256, "num_lstm_cells": 10, "dropout_emb_lstm": 0.2, "dropout_lstm_dense": 0.2, "recall": 0.9830645921735031, "precision": 0.9773873586709917, "roc": 0.9999148505755, "f1": 0.9802177551289044, "train_recall": 0.9907773034032071, "train_precision": 0.9871903400469582, "train_roc": 0.9999676543984778, "train_f1": 0.988980569319473, "train_dev_recall": 0.9843125424240139, "train_dev_precision": 0.9756298123645062, "train_dev_roc": 0.9999134067954107, "train_dev_f1": 0.9799519447364469, "cm": [[1036856, 1206], [898, 52127]], "cm_normalized": [[0.9988382196824467, 0.001161780317553287], [0.016935407826496936, 0.9830645921735031]]}