{"task_id": "TaskEvaluateGradientBoostingClassifier_True_second_large_dat_0_2_2427db885f", "input_src_path": "second_large_dataset", "max_vocab_size": 100000, "problem_type": "CONDITION_COMPARISON_SIMPLE", "window_size": 20, "step_size": 3, "encode_type": true, "test_split_percentage": 0.2, "train_dev_split_percentage": 0.1, "oversampling_enabled": true, "ratio_after_oversampling": 0.5, "undersampling_enabled": false, "ratio_after_undersampling": 0.5, "n_estimators": 300, "learning_rate": 0.2, "subsample": 1.0, "recall": 0.9893262861653568, "precision": 0.62944361953009, "roc": 0.9970490680346171, "f1": 0.7693806467110619, "train_recall": 0.9898751249262013, "train_precision": 0.9686779298246169, "train_roc": 0.9970620029189856, "train_f1": 0.979161819969581, "train_dev_recall": 0.9887423164583189, "train_dev_precision": 0.6241443955181585, "train_dev_roc": 0.996952780203462, "train_dev_f1": 0.7652341244387427, "cm": [[1044980, 16970], [311, 28826]], "cm_normalized": [[0.9840199632751071, 0.015980036724892885], [0.010673713834643238, 0.9893262861653568]]}