{"task_id": "TaskEvaluateGradientBoostingClassifier_True_second_large_dat_0_1_96cd24b8a4", "input_src_path": "second_large_dataset", "max_vocab_size": 100000, "problem_type": "RETURN_NULL", "window_size": 20, "step_size": 3, "encode_type": true, "test_split_percentage": 0.2, "train_dev_split_percentage": 0.1, "oversampling_enabled": true, "ratio_after_oversampling": 0.5, "undersampling_enabled": false, "ratio_after_undersampling": 0.5, "n_estimators": 300, "learning_rate": 0.1, "subsample": 1.0, "recall": 0.9941812136325852, "precision": 0.21686310063463282, "roc": 0.9995299508462903, "f1": 0.35605835069961295, "train_recall": 0.996505049020637, "train_precision": 0.9845426685403454, "train_roc": 0.9996110410313099, "train_f1": 0.990487741895096, "train_dev_recall": 0.9956331877729258, "train_dev_precision": 0.20791537479482036, "train_dev_roc": 0.9996039188898708, "train_dev_f1": 0.343995171997586, "cm": [[1080043, 8638], [14, 2392]], "cm_normalized": [[0.9920656280398022, 0.007934371960197707], [0.005818786367414797, 0.9941812136325852]]}