{"task_id": "TaskEvaluateRandomForest_True_second_large_dat_sqrt_8cfc3f4443", "input_src_path": "second_large_dataset", "max_vocab_size": 100000, "problem_type": "RETURN_NULL", "window_size": 20, "step_size": 3, "encode_type": true, "test_split_percentage": 0.2, "train_dev_split_percentage": 0.1, "oversampling_enabled": true, "ratio_after_oversampling": 0.5, "undersampling_enabled": false, "ratio_after_undersampling": 0.5, "n_trees_in_forest": 100, "max_features": "sqrt", "recall": 0.7019950124688279, "precision": 0.9929453262786596, "roc": 0.9985279560838055, "f1": 0.8224981738495252, "train_recall": 1.0, "train_precision": 0.9999989503086617, "train_roc": 0.9999999999392603, "train_f1": 0.9999994751540554, "train_dev_recall": 0.7414847161572052, "train_dev_precision": 0.9906651108518086, "train_dev_roc": 0.9976263288365111, "train_dev_f1": 0.8481518481518482, "cm": [[1088669, 12], [717, 1689]], "cm_normalized": [[0.9999889774874366, 1.1022512563367965e-05], [0.29800498753117205, 0.7019950124688279]]}