{"task_id": "TaskEvaluateGradientBoostingClassifier_True_second_large_dat_0_2_16ba90ea52", "input_src_path": "second_large_dataset", "max_vocab_size": 100000, "problem_type": "RETURN_NULL", "window_size": 20, "step_size": 3, "encode_type": true, "test_split_percentage": 0.2, "train_dev_split_percentage": 0.1, "oversampling_enabled": false, "ratio_after_oversampling": 0.5, "undersampling_enabled": true, "ratio_after_undersampling": 0.5, "n_estimators": 100, "learning_rate": 0.2, "subsample": 1.0, "recall": 0.9916874480465503, "precision": 0.1283761971376305, "roc": 0.9986285493002983, "f1": 0.22732469512195125, "train_recall": 0.9926470588235294, "train_precision": 0.9789702683103698, "train_roc": 0.9991619659505959, "train_f1": 0.9857612267250822, "train_dev_recall": 0.993886462882096, "train_dev_precision": 0.12524763372220998, "train_dev_roc": 0.9987399045371554, "train_dev_f1": 0.22246114749291368, "cm": [[1072481, 16200], [20, 2386]], "cm_normalized": [[0.9851196080394532, 0.014880391960546753], [0.00831255195344971, 0.9916874480465503]]}