{"task_id": "TaskEvaluateLstm_256_0_2_0_2_2dd36ec041", "input_src_path": "second_large_dataset", "max_vocab_size": 100000, "problem_type": "CONDITION_COMPARISON", "window_size": 20, "step_size": 3, "encode_type": false, "test_split_percentage": 0.2, "train_dev_split_percentage": 0.1, "oversampling_enabled": false, "ratio_after_oversampling": 0.5, "undersampling_enabled": true, "ratio_after_undersampling": 0.5, "embedding_vecor_length": 32, "epochs": 3, "batch_size": 256, "num_lstm_cells": 100, "dropout_emb_lstm": 0.2, "dropout_lstm_dense": 0.2, "recall": 0.999075907590759, "precision": 0.925991959447649, "roc": 0.9998975549903859, "f1": 0.9611466412663855, "train_recall": 0.9995885587265625, "train_precision": 0.9952172964690986, "train_roc": 0.9999824864733655, "train_f1": 0.9973981381759242, "train_dev_recall": 0.9990572441360586, "train_dev_precision": 0.9247443191734441, "train_dev_roc": 0.9998991075307456, "train_dev_f1": 0.9604654956767633, "cm": [[1033828, 4234], [49, 52976]], "cm_normalized": [[0.9959212455518072, 0.0040787544481928825], [0.0009240924092409241, 0.999075907590759]]}