{"task_id": "TaskEvaluateRandomForest_False_second_large_dat_sqrt_325a5ba047", "input_src_path": "second_large_dataset", "max_vocab_size": 100000, "problem_type": "CONDITION_COMPARISON_SIMPLE", "window_size": 20, "step_size": 3, "encode_type": false, "test_split_percentage": 0.2, "train_dev_split_percentage": 0.1, "oversampling_enabled": true, "ratio_after_oversampling": 0.5, "undersampling_enabled": false, "ratio_after_undersampling": 0.5, "n_trees_in_forest": 100, "max_features": "sqrt", "recall": 0.8839619727494251, "precision": 0.9736513816958379, "roc": 0.9989826001647083, "f1": 0.9266414822809858, "train_recall": 1.0, "train_precision": 0.9999800875501982, "train_roc": 0.9999999988602543, "train_f1": 0.9999900436759718, "train_dev_recall": 0.8876994267559914, "train_dev_precision": 0.9748938106796117, "train_dev_roc": 0.9988398246598118, "train_dev_f1": 0.9292556844883056, "cm": [[1061253, 697], [3381, 25756]], "cm_normalized": [[0.9993436602476576, 0.000656339752342389], [0.11603802725057487, 0.8839619727494251]]}