{"task_id": "TaskEvaluateLstm_256_0_2_0_2_3823a3c43c", "input_src_path": "second_large_dataset", "max_vocab_size": 100000, "problem_type": "CONDITION_COMPARISON_SIMPLE", "window_size": 20, "step_size": 3, "encode_type": false, "test_split_percentage": 0.2, "train_dev_split_percentage": 0.1, "oversampling_enabled": false, "ratio_after_oversampling": 0.5, "undersampling_enabled": false, "ratio_after_undersampling": 0.5, "embedding_vecor_length": 32, "epochs": 2, "batch_size": 256, "num_lstm_cells": 10, "dropout_emb_lstm": 0.2, "dropout_lstm_dense": 0.2, "recall": 0.9916944091704706, "precision": 0.973780878239477, "roc": 0.9999244340801265, "f1": 0.9826560108825031, "train_recall": 0.9958872201701638, "train_precision": 0.9818966262767971, "train_roc": 0.9999718696524446, "train_f1": 0.9888424393737056, "train_dev_recall": 0.9906761516679329, "train_dev_precision": 0.9716840536512668, "train_dev_roc": 0.9999160422868315, "train_dev_f1": 0.981088198078041, "cm": [[1061172, 778], [242, 28895]], "cm_normalized": [[0.9992673854701257, 0.0007326145298742878], [0.008305590829529464, 0.9916944091704706]]}