{"task_id": "TaskEvaluateGradientBoostingClassifier_True_second_large_dat_0_01_21092fa776", "input_src_path": "second_large_dataset", "max_vocab_size": 100000, "problem_type": "CONDITION_COMPARISON", "window_size": 20, "step_size": 3, "encode_type": true, "test_split_percentage": 0.2, "train_dev_split_percentage": 0.1, "oversampling_enabled": false, "ratio_after_oversampling": 0.5, "undersampling_enabled": true, "ratio_after_undersampling": 0.5, "n_estimators": 1000, "learning_rate": 0.01, "subsample": 1.0, "recall": 0.867024988213107, "precision": 0.47321235576873594, "roc": 0.9741187924546418, "f1": 0.6122601179933147, "train_recall": 0.8666449368678097, "train_precision": 0.898933074684772, "train_roc": 0.9745812496020235, "train_f1": 0.8824937699280685, "train_dev_recall": 0.8673731050607135, "train_dev_precision": 0.4763689835142076, "train_dev_roc": 0.9743544767279645, "train_dev_f1": 0.614983556589396, "cm": [[986883, 51179], [7051, 45974]], "cm_normalized": [[0.9506975498573303, 0.04930245014266971], [0.13297501178689297, 0.867024988213107]]}