{"task_id": "TaskEvaluateGradientBoostingClassifier_True_second_large_dat_0_1_a6d67135cb", "input_src_path": "second_large_dataset", "max_vocab_size": 100000, "problem_type": "RETURN_NULL", "window_size": 20, "step_size": 3, "encode_type": true, "test_split_percentage": 0.2, "train_dev_split_percentage": 0.1, "oversampling_enabled": false, "ratio_after_oversampling": 0.5, "undersampling_enabled": true, "ratio_after_undersampling": 0.5, "n_estimators": 10000, "learning_rate": 0.1, "subsample": 1.0, "recall": 0.9995843724023276, "precision": 0.5604754136564903, "roc": 0.9999587010826556, "f1": 0.7182320441988951, "train_recall": 1.0, "train_precision": 1.0, "train_roc": 1.0, "train_f1": 1.0, "train_dev_recall": 1.0, "train_dev_precision": 0.5550169655841009, "train_dev_roc": 0.9999642800827182, "train_dev_f1": 0.7138403990024937, "cm": [[1086795, 1886], [1, 2405]], "cm_normalized": [[0.998267628442124, 0.0017323715578759986], [0.00041562759767248546, 0.9995843724023276]]}