{"task_id": "TaskEvaluateRandomForest_None_False_final_dataset_76e033b0e3", "input_src_path": "final_dataset", "max_vocab_size": 100000, "problem_type": "CONDITION_COMPARISON_SIMPLE", "window_size": 20, "step_size": 3, "encode_type": false, "test_split_percentage": 0.2, "train_dev_split_percentage": 0.1, "oversampling_enabled": false, "ratio_after_oversampling": 0.5, "undersampling_enabled": false, "ratio_after_undersampling": 0.5, "n_trees_in_forest": 100, "max_features": "sqrt", "class_weight": null, "recall": 0.8501877868966476, "precision": 0.9813744380218369, "roc": 0.9989130876863613, "f1": 0.9110829544607587, "train_recall": 0.9998204166334105, "train_precision": 0.9998802705884701, "train_roc": 0.9999997405160314, "train_f1": 0.9998503427151821, "train_dev_recall": 0.8450839328537171, "train_dev_precision": 0.9812251392203659, "train_dev_roc": 0.9990432745802433, "train_dev_f1": 0.9080802503221057, "cm": [[1056580, 464], [4308, 24448]], "cm_normalized": [[0.9995610400323922, 0.0004389599676077817], [0.14981221310335235, 0.8501877868966476]]}