{"task_id": "TaskEvaluateRandomForest_False_final_dataset_sqrt_3410b9855b", "input_src_path": "final_dataset", "max_vocab_size": 100000, "problem_type": "CONDITION_COMPARISON", "window_size": 20, "step_size": 3, "encode_type": false, "test_split_percentage": 0.2, "train_dev_split_percentage": 0.1, "oversampling_enabled": false, "ratio_after_oversampling": 0.5, "undersampling_enabled": true, "ratio_after_undersampling": 0.5, "n_trees_in_forest": 100, "max_features": "sqrt", "recall": 0.9583609349862781, "precision": 0.7728292556357698, "roc": 0.9971619765282544, "f1": 0.8556533788465114, "train_recall": 0.9999945778004306, "train_precision": 0.9999891556596612, "train_roc": 0.999999999639847, "train_f1": 0.999991866722696, "train_dev_recall": 0.9584397056615107, "train_dev_precision": 0.772575959326958, "train_dev_roc": 0.997042202708013, "train_dev_f1": 0.855529490616622, "cm": [[1018081, 14884], [2200, 50635]], "cm_normalized": [[0.9855909929184435, 0.01440900708155649], [0.041639065013721964, 0.9583609349862781]]}