{"task_id": "TaskEvaluateGradientBoostingClassifier_True_final_dataset_0_2_022d1a6236", "input_src_path": "final_dataset", "max_vocab_size": 100000, "problem_type": "CONDITION_COMPARISON_SIMPLE", "window_size": 20, "step_size": 3, "encode_type": true, "test_split_percentage": 0.2, "train_dev_split_percentage": 0.1, "oversampling_enabled": true, "ratio_after_oversampling": 0.5, "undersampling_enabled": false, "ratio_after_undersampling": 0.5, "n_estimators": 200, "learning_rate": 0.2, "subsample": 1.0, "recall": 0.9824732229795521, "precision": 0.5511079900124844, "roc": 0.9951151170776685, "f1": 0.706123469132717, "train_recall": 0.9834694751225925, "train_precision": 0.9577030496798095, "train_roc": 0.9953350378268702, "train_f1": 0.9704152552723613, "train_dev_recall": 0.9828023295649195, "train_dev_precision": 0.5556028973157222, "train_dev_roc": 0.9951511524577239, "train_dev_f1": 0.7098881520340492, "cm": [[1034032, 23012], [504, 28252]], "cm_normalized": [[0.9782298560892451, 0.021770143910754897], [0.017526777020447908, 0.9824732229795521]]}