{"task_id": "TaskEvaluateRandomForest_balanced_True_final_dataset_7c18b583e4", "input_src_path": "final_dataset", "max_vocab_size": 100000, "problem_type": "CONDITION_COMPARISON", "window_size": 20, "step_size": 3, "encode_type": true, "test_split_percentage": 0.2, "train_dev_split_percentage": 0.1, "oversampling_enabled": false, "ratio_after_oversampling": 0.5, "undersampling_enabled": false, "ratio_after_undersampling": 0.5, "n_trees_in_forest": 100, "max_features": "sqrt", "class_weight": "balanced", "recall": 0.8565723478754613, "precision": 0.9850041352892526, "roc": 0.9985423989984306, "f1": 0.9163098166651481, "train_recall": 0.9999620446030136, "train_precision": 0.999647667832073, "train_roc": 0.9999979869585308, "train_f1": 0.9998048315045323, "train_dev_recall": 0.8554587775942334, "train_dev_precision": 0.9841914305459571, "train_dev_roc": 0.998395569345324, "train_dev_f1": 0.9153209608741061, "cm": [[1032276, 689], [7578, 45257]], "cm_normalized": [[0.9993329880489659, 0.000667011951034159], [0.14342765212453865, 0.8565723478754613]]}