{"task_id": "TaskEvaluateLstm_256_0_2_0_2_000a8169ba", "input_src_path": "second_large_dataset", "max_vocab_size": 100000, "problem_type": "RETURN_NULL", "window_size": 20, "step_size": 3, "encode_type": false, "test_split_percentage": 0.2, "train_dev_split_percentage": 0.1, "oversampling_enabled": false, "ratio_after_oversampling": 0.5, "undersampling_enabled": false, "ratio_after_undersampling": 0.5, "embedding_vecor_length": 16, "epochs": 3, "batch_size": 256, "num_lstm_cells": 10, "dropout_emb_lstm": 0.2, "dropout_lstm_dense": 0.2, "recall": 0.986284289276808, "precision": 0.9970588235294118, "roc": 0.9999992677618766, "f1": 0.9916422900125366, "train_recall": 0.9925245098039216, "train_precision": 0.994963144963145, "train_roc": 0.9999996150163939, "train_f1": 0.9937423312883437, "train_dev_recall": 0.988646288209607, "train_dev_precision": 0.9982363315696648, "train_dev_roc": 0.9999996262046338, "train_dev_f1": 0.9934181658622202, "cm": [[1088674, 7], [33, 2373]], "cm_normalized": [[0.9999935702010047, 6.42979899529798e-06], [0.01371571072319202, 0.986284289276808]]}