{"task_id": "TaskEvaluateGradientBoostingClassifier_True_second_large_dat_0_2_55bf932138", "input_src_path": "second_large_dataset", "max_vocab_size": 100000, "problem_type": "CONDITION_COMPARISON", "window_size": 20, "step_size": 3, "encode_type": true, "test_split_percentage": 0.2, "train_dev_split_percentage": 0.1, "oversampling_enabled": false, "ratio_after_oversampling": 0.5, "undersampling_enabled": true, "ratio_after_undersampling": 0.5, "n_estimators": 200, "learning_rate": 0.2, "subsample": 1.0, "recall": 0.9726544082979727, "precision": 0.6733819900510504, "roc": 0.995359104181182, "f1": 0.7958122454018022, "train_recall": 0.9735662340299337, "train_precision": 0.9543564117875064, "train_roc": 0.9956331354868821, "train_f1": 0.9638656195693287, "train_dev_recall": 0.972358398069236, "train_dev_precision": 0.6722371405480095, "train_dev_roc": 0.9953698621658141, "train_dev_f1": 0.7949132947976878, "cm": [[1013046, 25016], [1450, 51575]], "cm_normalized": [[0.9759012467463408, 0.024098753253659223], [0.027345591702027345, 0.9726544082979727]]}