{"task_id": "TaskEvaluateLstm_256_0_2_0_2_c932da13f7", "input_src_path": "final_dataset", "max_vocab_size": 100000, "problem_type": "RETURN_NULL", "window_size": 20, "step_size": 3, "encode_type": false, "test_split_percentage": 0.2, "train_dev_split_percentage": 0.1, "oversampling_enabled": false, "ratio_after_oversampling": 0.5, "undersampling_enabled": true, "ratio_after_undersampling": 0.5, "embedding_vecor_length": 32, "epochs": 3, "batch_size": 256, "num_lstm_cells": 100, "dropout_emb_lstm": 0.2, "dropout_lstm_dense": 0.2, "recall": 1.0, "precision": 0.611394992335207, "roc": 0.999909045305431, "f1": 0.7588393848105279, "train_recall": 1.0, "train_precision": 0.9985225313962078, "train_roc": 0.9999480402784768, "train_f1": 0.9992607195662888, "train_dev_recall": 1.0, "train_dev_precision": 0.5906522855675398, "train_dev_roc": 0.9999114664633535, "train_dev_f1": 0.7426541814659348, "cm": [[1081886, 1521], [0, 2393]], "cm_normalized": [[0.9985960954655083, 0.0014039045344916546], [0.0, 1.0]]}