{"task_id": "TaskEvaluateRandomForest_True_final_dataset_sqrt_ff9a091abe", "input_src_path": "final_dataset", "max_vocab_size": 100000, "problem_type": "RETURN_NULL", "window_size": 20, "step_size": 3, "encode_type": true, "test_split_percentage": 0.2, "train_dev_split_percentage": 0.1, "oversampling_enabled": false, "ratio_after_oversampling": 0.5, "undersampling_enabled": true, "ratio_after_undersampling": 0.5, "n_trees_in_forest": 100, "max_features": "sqrt", "recall": 0.9699122440451317, "precision": 0.12040879850591409, "roc": 0.9977658924445637, "f1": 0.21422308366791268, "train_recall": 1.0, "train_precision": 1.0, "train_roc": 1.0, "train_f1": 1.0, "train_dev_recall": 0.9730434782608696, "train_dev_precision": 0.11480455524776854, "train_dev_roc": 0.9979765028791557, "train_dev_f1": 0.2053776268697807, "cm": [[1066452, 16955], [72, 2321]], "cm_normalized": [[0.9843502949491743, 0.015649705050825774], [0.030087755954868366, 0.9699122440451317]]}