{"task_id": "TaskEvaluateLstm_256_0_2_0_2_d3fdadc718", "input_src_path": "second_large_dataset", "max_vocab_size": 100000, "problem_type": "CONDITION_COMPARISON_SIMPLE", "window_size": 20, "step_size": 3, "encode_type": false, "test_split_percentage": 0.2, "train_dev_split_percentage": 0.1, "oversampling_enabled": false, "ratio_after_oversampling": 0.5, "undersampling_enabled": false, "ratio_after_undersampling": 0.5, "embedding_vecor_length": 16, "epochs": 3, "batch_size": 256, "num_lstm_cells": 10, "dropout_emb_lstm": 0.2, "dropout_lstm_dense": 0.2, "recall": 0.9911795998215328, "precision": 0.9710827168796234, "roc": 0.9999590498358638, "f1": 0.9810282453249995, "train_recall": 0.9963062948921614, "train_precision": 0.9824797455094136, "train_roc": 0.9999881151163065, "train_f1": 0.9893447144557675, "train_dev_recall": 0.9915740037295393, "train_dev_precision": 0.9689545791995681, "train_dev_roc": 0.9999651324114268, "train_dev_f1": 0.9801338066630257, "cm": [[1061090, 860], [257, 28880]], "cm_normalized": [[0.9991901690286736, 0.0008098309713263336], [0.008820400178467242, 0.9911795998215328]]}