{"task_id": "TaskEvaluateGradientBoostingClassifier_True_final_dataset_0_1_8f40a7026b", "input_src_path": "final_dataset", "max_vocab_size": 100000, "problem_type": "CONDITION_COMPARISON_SIMPLE", "window_size": 20, "step_size": 3, "encode_type": true, "test_split_percentage": 0.2, "train_dev_split_percentage": 0.1, "oversampling_enabled": false, "ratio_after_oversampling": 0.5, "undersampling_enabled": true, "ratio_after_undersampling": 0.5, "n_estimators": 100, "learning_rate": 0.1, "subsample": 1.0, "recall": 0.9169216859090277, "precision": 0.32570348593028137, "roc": 0.9791120286886491, "f1": 0.48066721356302977, "train_recall": 0.9179403783222922, "train_precision": 0.8996743817653788, "train_roc": 0.9796830041648733, "train_f1": 0.9087155985955486, "train_dev_recall": 0.9190818773552587, "train_dev_precision": 0.3295580178365231, "train_dev_roc": 0.9793502774694013, "train_dev_f1": 0.4851531700965677, "cm": [[1002457, 54587], [2389, 26367]], "cm_normalized": [[0.9483588195004181, 0.05164118049958185], [0.08307831409097231, 0.9169216859090277]]}