{"task_id": "TaskEvaluateRandomForest_balanced_True_second_large_dat_47e3073c44", "input_src_path": "second_large_dataset", "max_vocab_size": 100000, "problem_type": "RETURN_NULL", "window_size": 20, "step_size": 3, "encode_type": true, "test_split_percentage": 0.2, "train_dev_split_percentage": 0.1, "oversampling_enabled": false, "ratio_after_oversampling": 0.5, "undersampling_enabled": true, "ratio_after_undersampling": 0.5, "n_trees_in_forest": 100, "max_features": "sqrt", "class_weight": "balanced", "recall": 0.9671654197838736, "precision": 0.12677744483791883, "roc": 0.9976656237175358, "f1": 0.22417031934877898, "train_recall": 1.0, "train_precision": 1.0, "train_roc": 1.0, "train_f1": 1.0, "train_dev_recall": 0.97117903930131, "train_dev_precision": 0.12378937993988645, "train_dev_roc": 0.9974552982052, "train_dev_f1": 0.21958925750394945, "cm": [[1072653, 16028], [79, 2327]], "cm_normalized": [[0.9852775973861948, 0.014722402613805146], [0.03283458021612635, 0.9671654197838736]]}