{"task_id": "TaskEvaluateRandomForest_balanced_False_final_dataset_3431e33b3c", "input_src_path": "final_dataset", "max_vocab_size": 100000, "problem_type": "CONDITION_COMPARISON_SIMPLE", "window_size": 20, "step_size": 3, "encode_type": false, "test_split_percentage": 0.2, "train_dev_split_percentage": 0.1, "oversampling_enabled": false, "ratio_after_oversampling": 0.5, "undersampling_enabled": false, "ratio_after_undersampling": 0.5, "n_trees_in_forest": 100, "max_features": "sqrt", "class_weight": "balanced", "recall": 0.8344693281402142, "precision": 0.9829592003932492, "roc": 0.9987717215692745, "f1": 0.9026482094492928, "train_recall": 0.9999700694389018, "train_precision": 0.9996210118982317, "train_roc": 0.999998652591605, "train_f1": 0.9997955102020458, "train_dev_recall": 0.8295306611853375, "train_dev_precision": 0.983030204611887, "train_dev_roc": 0.9987918818721183, "train_dev_f1": 0.8997807587975177, "cm": [[1056628, 416], [4760, 23996]], "cm_normalized": [[0.9996064496842137, 0.00039355031578628704], [0.1655306718597858, 0.8344693281402142]]}