{"task_id": "TaskEvaluateRandomForest_False_final_dataset_sqrt_2288c69669", "input_src_path": "final_dataset", "max_vocab_size": 100000, "problem_type": "CONDITION_COMPARISON_SIMPLE", "window_size": 20, "step_size": 3, "encode_type": false, "test_split_percentage": 0.2, "train_dev_split_percentage": 0.1, "oversampling_enabled": true, "ratio_after_oversampling": 1.0, "undersampling_enabled": false, "ratio_after_undersampling": 0.5, "n_trees_in_forest": 100, "max_features": "sqrt", "recall": 0.8836764501321464, "precision": 0.9726326265023348, "roc": 0.9990042339864241, "f1": 0.9260231041142816, "train_recall": 1.0, "train_precision": 0.9999897300156239, "train_roc": 0.9999999986606022, "train_f1": 0.9999948649814437, "train_dev_recall": 0.8807125727989037, "train_dev_precision": 0.972903421132304, "train_dev_roc": 0.9990011467929657, "train_dev_f1": 0.9245154097889021, "cm": [[1056329, 715], [3345, 25411]], "cm_normalized": [[0.9993235853947423, 0.0006764146052576809], [0.11632354986785366, 0.8836764501321464]]}