{"task_id": "TaskEvaluateGradientBoostingClassifier_True_final_dataset_0_2_9329139550", "input_src_path": "final_dataset", "max_vocab_size": 100000, "problem_type": "RETURN_NULL", "window_size": 20, "step_size": 3, "encode_type": true, "test_split_percentage": 0.2, "train_dev_split_percentage": 0.1, "oversampling_enabled": true, "ratio_after_oversampling": 0.5, "undersampling_enabled": false, "ratio_after_undersampling": 0.5, "n_estimators": 200, "learning_rate": 0.2, "subsample": 0.7, "recall": 0.9941496030087756, "precision": 0.289803873797052, "roc": 0.9997222456383976, "f1": 0.4487832484436899, "train_recall": 0.9980670779334136, "train_precision": 0.98944223659575, "train_roc": 0.9998119873717186, "train_f1": 0.9937359434181721, "train_dev_recall": 0.9947826086956522, "train_dev_precision": 0.281496062992126, "train_dev_roc": 0.9997314435906182, "train_dev_f1": 0.4388185654008439, "cm": [[1077577, 5830], [14, 2379]], "cm_normalized": [[0.9946188274581944, 0.005381172541805619], [0.0058503969912244045, 0.9941496030087756]]}