{"task_id": "TaskEvaluateGradientBoostingClassifier_True_second_large_dat_0_2_714ef22c62", "input_src_path": "second_large_dataset", "max_vocab_size": 100000, "problem_type": "RETURN_NULL", "window_size": 20, "step_size": 3, "encode_type": true, "test_split_percentage": 0.2, "train_dev_split_percentage": 0.1, "oversampling_enabled": false, "ratio_after_oversampling": 0.5, "undersampling_enabled": true, "ratio_after_undersampling": 0.5, "n_estimators": 400, "learning_rate": 0.2, "subsample": 1, "recall": 0.99833748960931, "precision": 0.3260485950861952, "roc": 0.9998627458196776, "f1": 0.491558375115113, "train_recall": 1.0, "train_precision": 0.999754962019113, "train_roc": 1.0, "train_f1": 0.999877465996814, "train_dev_recall": 0.9973799126637555, "train_dev_precision": 0.31739855475264034, "train_dev_roc": 0.9998707550382442, "train_dev_f1": 0.48155176048914183, "cm": [[1083716, 4965], [4, 2402]], "cm_normalized": [[0.9954394354269065, 0.004560564573093496], [0.0016625103906899418, 0.99833748960931]]}