{"task_id": "TaskEvaluateLstm_256_0_2_0_2_f03085d3d0", "input_src_path": "final_dataset", "max_vocab_size": 100000, "problem_type": "CONDITION_COMPARISON_SIMPLE", "window_size": 20, "step_size": 3, "encode_type": false, "test_split_percentage": 0.2, "train_dev_split_percentage": 0.1, "oversampling_enabled": false, "ratio_after_oversampling": 0.5, "undersampling_enabled": false, "ratio_after_undersampling": 0.5, "embedding_vecor_length": 32, "epochs": 2, "batch_size": 256, "num_lstm_cells": 10, "dropout_emb_lstm": 0.2, "dropout_lstm_dense": 0.2, "recall": 0.9737793851717902, "precision": 0.9878293999365012, "roc": 0.9999099965835958, "f1": 0.9807540759679877, "train_recall": 0.9832987469071753, "train_precision": 0.9947516098427501, "train_roc": 0.9999741494716534, "train_f1": 0.9889920224775476, "train_dev_recall": 0.9745803357314149, "train_dev_precision": 0.988120875303925, "train_dev_roc": 0.9998845346438623, "train_dev_f1": 0.9813038978958262, "cm": [[1056699, 345], [754, 28002]], "cm_normalized": [[0.999673618127533, 0.00032638187246699285], [0.026220614828209764, 0.9737793851717902]]}