{"task_id": "TaskEvaluateRandomForest_None_False_final_dataset_11c57d617c", "input_src_path": "final_dataset", "max_vocab_size": 100000, "problem_type": "CONDITION_COMPARISON", "window_size": 20, "step_size": 3, "encode_type": false, "test_split_percentage": 0.2, "train_dev_split_percentage": 0.1, "oversampling_enabled": false, "ratio_after_oversampling": 0.5, "undersampling_enabled": false, "ratio_after_undersampling": 0.5, "n_trees_in_forest": 100, "max_features": "sqrt", "class_weight": null, "recall": 0.8575186902621369, "precision": 0.9866506968641114, "roc": 0.9985925894773374, "f1": 0.9175636676623969, "train_recall": 0.9998427562124852, "train_precision": 0.999859020517937, "train_roc": 0.9999997141006505, "train_f1": 0.9998508882990693, "train_dev_recall": 0.8557591229914402, "train_dev_precision": 0.9855586302317537, "train_dev_roc": 0.99846276046093, "train_dev_f1": 0.9160839160839161, "cm": [[1032352, 613], [7528, 45307]], "cm_normalized": [[0.999406562661852, 0.0005934373381479527], [0.14248130973786316, 0.8575186902621369]]}