{"task_id": "TaskEvaluateRandomForest_False_final_dataset_sqrt_fd21e633dc", "input_src_path": "final_dataset", "max_vocab_size": 100000, "problem_type": "CONDITION_COMPARISON", "window_size": 20, "step_size": 3, "encode_type": false, "test_split_percentage": 0.2, "train_dev_split_percentage": 0.1, "oversampling_enabled": true, "ratio_after_oversampling": 0.5, "undersampling_enabled": false, "ratio_after_undersampling": 0.5, "n_trees_in_forest": 100, "max_features": "sqrt", "recall": 0.8860982303397369, "precision": 0.975862428348098, "roc": 0.9986352220889425, "f1": 0.928816585656185, "train_recall": 1.0, "train_precision": 0.9999640486725664, "train_roc": 0.9999999943294267, "train_f1": 0.999982024013153, "train_dev_recall": 0.8869950443009461, "train_dev_precision": 0.9750319838223763, "train_dev_roc": 0.9985728883137391, "train_dev_f1": 0.9289323136807754, "cm": [[1031807, 1158], [6018, 46817]], "cm_normalized": [[0.998878955240497, 0.0011210447595029842], [0.11390176966026308, 0.8860982303397369]]}