{"task_id": "TaskEvaluateLstm_256_0_2_0_2_1b1de8b017", "input_src_path": "final_dataset", "max_vocab_size": 100000, "problem_type": "CONDITION_COMPARISON_SIMPLE", "window_size": 20, "step_size": 3, "encode_type": false, "test_split_percentage": 0.2, "train_dev_split_percentage": 0.1, "oversampling_enabled": false, "ratio_after_oversampling": 0.5, "undersampling_enabled": false, "ratio_after_undersampling": 0.5, "embedding_vecor_length": 32, "epochs": 3, "batch_size": 256, "num_lstm_cells": 10, "dropout_emb_lstm": 0.2, "dropout_lstm_dense": 0.2, "recall": 0.9874808735568229, "precision": 0.9775543927292757, "roc": 0.9999315375200415, "f1": 0.9824925610684382, "train_recall": 0.99571992976295, "train_precision": 0.9911907835932069, "train_roc": 0.9999760557600924, "train_f1": 0.9934501946028808, "train_dev_recall": 0.9864337101747174, "train_dev_precision": 0.9769288186198005, "train_dev_roc": 0.9998966165001849, "train_dev_f1": 0.9816582571935087, "cm": [[1056392, 652], [360, 28396]], "cm_normalized": [[0.9993831855627581, 0.0006168144372419691], [0.012519126443177077, 0.9874808735568229]]}