{"task_id": "TaskEvaluateRandomForest_None_False_final_dataset_4934ff40de", "input_src_path": "final_dataset", "max_vocab_size": 100000, "problem_type": "RETURN_NULL", "window_size": 20, "step_size": 3, "encode_type": false, "test_split_percentage": 0.2, "train_dev_split_percentage": 0.1, "oversampling_enabled": false, "ratio_after_oversampling": 0.5, "undersampling_enabled": false, "ratio_after_undersampling": 0.5, "n_trees_in_forest": 100, "max_features": "sqrt", "class_weight": null, "recall": 0.6243209360635186, "precision": 0.9993311036789297, "roc": 0.9989599576366356, "f1": 0.7685185185185185, "train_recall": 0.9996300863131936, "train_precision": 1.0, "train_roc": 0.9999999999837423, "train_f1": 0.9998150089412344, "train_dev_recall": 0.6373913043478261, "train_dev_precision": 0.9986376021798365, "train_dev_roc": 0.9990054621696997, "train_dev_f1": 0.778131634819533, "cm": [[1083406, 1], [899, 1494]], "cm_normalized": [[0.9999990769858419, 9.230141581141714e-07], [0.3756790639364814, 0.6243209360635186]]}