{"task_id": "TaskEvaluateGradientBoostingClassifier_True_final_dataset_0_2_d73bb5f375", "input_src_path": "final_dataset", "max_vocab_size": 100000, "problem_type": "CONDITION_COMPARISON", "window_size": 20, "step_size": 3, "encode_type": true, "test_split_percentage": 0.2, "train_dev_split_percentage": 0.1, "oversampling_enabled": false, "ratio_after_oversampling": 0.5, "undersampling_enabled": true, "ratio_after_undersampling": 0.5, "n_estimators": 100, "learning_rate": 0.2, "subsample": 1.0, "recall": 0.944109018642945, "precision": 0.594626168224299, "roc": 0.989938636562936, "f1": 0.7296797173847853, "train_recall": 0.9427578391450275, "train_precision": 0.9354186169125321, "train_roc": 0.990082898036079, "train_f1": 0.9390738885393234, "train_dev_recall": 0.9403438954798018, "train_dev_precision": 0.5963571428571428, "train_dev_roc": 0.9897744659609795, "train_dev_f1": 0.7298502243720496, "cm": [[998959, 34006], [2953, 49882]], "cm_normalized": [[0.9670792330814694, 0.03292076691853064], [0.05589098135705498, 0.944109018642945]]}