{"task_id": "TaskEvaluateLstm_512_0_2_0_2_846d8f630a", "input_src_path": "final_dataset", "max_vocab_size": 100000, "problem_type": "CONDITION_COMPARISON_SIMPLE", "window_size": 20, "step_size": 3, "encode_type": false, "test_split_percentage": 0.2, "train_dev_split_percentage": 0.1, "oversampling_enabled": false, "ratio_after_oversampling": 0.5, "undersampling_enabled": false, "ratio_after_undersampling": 0.5, "embedding_vecor_length": 32, "epochs": 3, "batch_size": 512, "num_lstm_cells": 10, "dropout_emb_lstm": 0.2, "dropout_lstm_dense": 0.2, "recall": 0.976561413270274, "precision": 0.9871344206974129, "roc": 0.9999479884551209, "f1": 0.981819453185092, "train_recall": 0.9890354377843403, "train_precision": 0.9958211534018423, "train_roc": 0.9999742572319142, "train_f1": 0.9924166962824292, "train_dev_recall": 0.9756080849606029, "train_dev_precision": 0.9864218912365778, "train_dev_roc": 0.9998834191032819, "train_dev_f1": 0.9809851877368239, "cm": [[1056678, 366], [674, 28082]], "cm_normalized": [[0.9996537514048611, 0.0003462485951388968], [0.02343858672972597, 0.976561413270274]]}