{"task_id": "TaskEvaluateGradientBoostingClassifier_True_final_dataset_0_2_4a268f7cda", "input_src_path": "final_dataset", "max_vocab_size": 100000, "problem_type": "CONDITION_COMPARISON_SIMPLE", "window_size": 20, "step_size": 3, "encode_type": true, "test_split_percentage": 0.2, "train_dev_split_percentage": 0.1, "oversampling_enabled": false, "ratio_after_oversampling": 0.5, "undersampling_enabled": false, "ratio_after_undersampling": 0.5, "n_estimators": 200, "learning_rate": 0.2, "subsample": 1.0, "recall": 0.686987063569342, "precision": 0.8857949959644875, "roc": 0.9961150612234757, "f1": 0.7738258451173176, "train_recall": 0.6951971426291005, "train_precision": 0.8888903062851603, "train_roc": 0.9962539057551443, "train_f1": 0.780201877697721, "train_dev_recall": 0.692497430626927, "train_dev_precision": 0.8851037744110692, "train_dev_roc": 0.996213965572685, "train_dev_f1": 0.7770431306219727, "cm": [[1054497, 2547], [9001, 19755]], "cm_normalized": [[0.997590450350222, 0.0024095496497780603], [0.313012936430658, 0.686987063569342]]}