{"task_id": "TaskEvaluateLstm_256_0_2_0_2_8fd956747d", "input_src_path": "final_dataset", "max_vocab_size": 100000, "problem_type": "RETURN_NULL", "window_size": 20, "step_size": 3, "encode_type": false, "test_split_percentage": 0.2, "train_dev_split_percentage": 0.1, "oversampling_enabled": false, "ratio_after_oversampling": 0.5, "undersampling_enabled": false, "ratio_after_undersampling": 0.5, "embedding_vecor_length": 32, "epochs": 3, "batch_size": 256, "num_lstm_cells": 10, "dropout_emb_lstm": 0.2, "dropout_lstm_dense": 0.2, "recall": 0.9912244045131634, "precision": 0.9941324392288349, "roc": 0.9999988023573084, "f1": 0.9926762921113204, "train_recall": 0.9906288532675709, "train_precision": 0.9967741935483871, "train_roc": 0.9999997969249291, "train_f1": 0.9936920222634509, "train_dev_recall": 0.9947826086956522, "train_dev_precision": 0.9913344887348353, "train_dev_roc": 0.999998870006621, "train_dev_f1": 0.9930555555555556, "cm": [[1083393, 14], [21, 2372]], "cm_normalized": [[0.9999870778017864, 1.2922198213598398e-05], [0.008775595486836606, 0.9912244045131634]]}