{"task_id": "TaskEvaluateRandomForest_True_final_dataset_sqrt_a146049ad4", "input_src_path": "final_dataset", "max_vocab_size": 100000, "problem_type": "CONDITION_COMPARISON", "window_size": 20, "step_size": 3, "encode_type": true, "test_split_percentage": 0.2, "train_dev_split_percentage": 0.1, "oversampling_enabled": true, "ratio_after_oversampling": 0.5, "undersampling_enabled": false, "ratio_after_undersampling": 0.5, "n_trees_in_forest": 100, "max_features": "sqrt", "recall": 0.9006340493990725, "precision": 0.9742240602735238, "roc": 0.998791702695068, "f1": 0.935984814956874, "train_recall": 1.0, "train_precision": 0.9999640486725664, "train_roc": 0.9999999946243515, "train_f1": 0.999982024013153, "train_dev_recall": 0.8984457125694548, "train_dev_precision": 0.9730817712357175, "train_dev_roc": 0.9987392239924641, "train_dev_f1": 0.9342755080130395, "cm": [[1031706, 1259], [5250, 47585]], "cm_normalized": [[0.9987811784523193, 0.0012188215476807056], [0.09936595060092741, 0.9006340493990725]]}