{"task_id": "TaskEvaluateRandomForest_False_final_dataset_sqrt_1bff10e979", "input_src_path": "final_dataset", "max_vocab_size": 100000, "problem_type": "RETURN_NULL", "window_size": 20, "step_size": 3, "encode_type": false, "test_split_percentage": 0.2, "train_dev_split_percentage": 0.1, "oversampling_enabled": true, "ratio_after_oversampling": 0.5, "undersampling_enabled": false, "ratio_after_undersampling": 0.5, "n_trees_in_forest": 100, "max_features": "sqrt", "recall": 0.6966151274550773, "precision": 0.9964136282127914, "roc": 0.9987476142374192, "f1": 0.8199704869650761, "train_recall": 1.0, "train_precision": 0.9999994725999871, "train_roc": 0.9999999999832413, "train_f1": 0.9999997362999241, "train_dev_recall": 0.711304347826087, "train_dev_precision": 0.9987789987789988, "train_dev_roc": 0.9993610834453561, "train_dev_f1": 0.8308786185881158, "cm": [[1083401, 6], [726, 1667]], "cm_normalized": [[0.9999944619150514, 5.538084948685028e-06], [0.3033848725449227, 0.6966151274550773]]}