{"task_id": "TaskEvaluateRandomForest_True_final_dataset_sqrt_54195d3d93", "input_src_path": "final_dataset", "max_vocab_size": 1000, "problem_type": "RETURN_NULL", "window_size": 20, "step_size": 3, "encode_type": true, "test_split_percentage": 0.2, "train_dev_split_percentage": 0.1, "oversampling_enabled": false, "ratio_after_oversampling": 0.5, "undersampling_enabled": true, "ratio_after_undersampling": 0.5, "n_trees_in_forest": 100, "max_features": "sqrt", "recall": 0.9699122440451317, "precision": 0.12337869445035084, "roc": 0.9978653957236653, "f1": 0.21891063428436688, "train_recall": 1.0, "train_precision": 1.0, "train_roc": 1.0, "train_f1": 1.0, "train_dev_recall": 0.9678260869565217, "train_dev_precision": 0.11767815605836329, "train_dev_roc": 0.9981309933588812, "train_dev_f1": 0.20984162895927605, "cm": [[1066916, 16491], [72, 2321]], "cm_normalized": [[0.9847785735185391, 0.0152214264814608], [0.030087755954868366, 0.9699122440451317]]}