{"task_id": "TaskEvaluateRandomForest_balanced_False_final_dataset_03985b2381", "input_src_path": "final_dataset", "max_vocab_size": 100000, "problem_type": "CONDITION_COMPARISON", "window_size": 20, "step_size": 3, "encode_type": false, "test_split_percentage": 0.2, "train_dev_split_percentage": 0.1, "oversampling_enabled": false, "ratio_after_oversampling": 0.5, "undersampling_enabled": false, "ratio_after_undersampling": 0.5, "n_trees_in_forest": 100, "max_features": "sqrt", "class_weight": "balanced", "recall": 0.8339358379861834, "precision": 0.985814968117239, "roc": 0.9983140683704997, "f1": 0.9035373731159643, "train_recall": 0.9999620446030136, "train_precision": 0.999647667832073, "train_roc": 0.9999977830594022, "train_f1": 0.9998048315045323, "train_dev_recall": 0.8319942934374531, "train_dev_precision": 0.9855027349135056, "train_dev_roc": 0.998256663475139, "train_dev_f1": 0.9022657410988743, "cm": [[1032331, 634], [8774, 44061]], "cm_normalized": [[0.9993862328346071, 0.0006137671653928255], [0.1660641620138166, 0.8339358379861834]]}