{"task_id": "TaskEvaluateRandomForest_True_final_dataset_sqrt_e3ffbbd58e", "input_src_path": "final_dataset", "max_vocab_size": 100000, "problem_type": "RETURN_NULL", "window_size": 20, "step_size": 3, "encode_type": true, "test_split_percentage": 0.2, "train_dev_split_percentage": 0.1, "oversampling_enabled": false, "ratio_after_oversampling": 0.5, "undersampling_enabled": true, "ratio_after_undersampling": 0.1, "n_trees_in_forest": 100, "max_features": "sqrt", "recall": 0.9013790221479314, "precision": 0.49045020463847205, "roc": 0.9988680147422032, "f1": 0.6352525401266382, "train_recall": 1.0, "train_precision": 1.0, "train_roc": 1.0, "train_f1": 1.0, "train_dev_recall": 0.8965217391304348, "train_dev_precision": 0.4860914662894861, "train_dev_roc": 0.9990401613129752, "train_dev_f1": 0.630388260470804, "cm": [[1081166, 2241], [236, 2157]], "cm_normalized": [[0.9979315252716662, 0.002068474728333858], [0.09862097785206854, 0.9013790221479314]]}