{"task_id": "TaskEvaluateLstm_256_0_2_0_2_3b988ee7e7", "input_src_path": "final_dataset", "max_vocab_size": 100000, "problem_type": "CONDITION_COMPARISON_SIMPLE", "window_size": 20, "step_size": 3, "encode_type": false, "test_split_percentage": 0.2, "train_dev_split_percentage": 0.1, "oversampling_enabled": false, "ratio_after_oversampling": 0.5, "undersampling_enabled": true, "ratio_after_undersampling": 0.5, "embedding_vecor_length": 32, "epochs": 3, "batch_size": 256, "num_lstm_cells": 100, "dropout_emb_lstm": 0.2, "dropout_lstm_dense": 0.2, "recall": 0.998539435248296, "precision": 0.9386727688787185, "roc": 0.9998958078274809, "f1": 0.9676810568530314, "train_recall": 0.9993315508021391, "train_precision": 0.9979973297730307, "train_roc": 0.9999767469692199, "train_f1": 0.9986639946559787, "train_dev_recall": 0.998355601233299, "train_dev_precision": 0.9361989205859677, "train_dev_roc": 0.9999180428812878, "train_dev_f1": 0.9662787227693226, "cm": [[1055168, 1876], [42, 28714]], "cm_normalized": [[0.9982252394413099, 0.001774760558690083], [0.0014605647517039922, 0.998539435248296]]}