{"task_id": "TaskEvaluateRandomForest_False_final_dataset_sqrt_8ea07fcb56", "input_src_path": "final_dataset", "max_vocab_size": 100000, "problem_type": "CONDITION_COMPARISON", "window_size": 20, "step_size": 3, "encode_type": false, "test_split_percentage": 0.2, "train_dev_split_percentage": 0.1, "oversampling_enabled": true, "ratio_after_oversampling": 1.0, "undersampling_enabled": false, "ratio_after_undersampling": 0.5, "n_trees_in_forest": 100, "max_features": "sqrt", "recall": 0.8803633954764833, "precision": 0.9739316149835633, "roc": 0.9985411095380463, "f1": 0.9247867666063582, "train_recall": 1.0, "train_precision": 0.9999820240131528, "train_roc": 0.9999999979206113, "train_f1": 0.9999910119257917, "train_dev_recall": 0.8813635681033188, "train_dev_precision": 0.9730581115808671, "train_dev_roc": 0.9984600494263605, "train_dev_f1": 0.9249438556400458, "cm": [[1031720, 1245], [6321, 46514]], "cm_normalized": [[0.9987947316704825, 0.001205268329517457], [0.11963660452351661, 0.8803633954764833]]}