{"task_id": "TaskEvaluateRandomForest_None_True_final_dataset_b782ae2b5c", "input_src_path": "final_dataset", "max_vocab_size": 100000, "problem_type": "RETURN_NULL", "window_size": 20, "step_size": 3, "encode_type": true, "test_split_percentage": 0.2, "train_dev_split_percentage": 0.1, "oversampling_enabled": false, "ratio_after_oversampling": 0.5, "undersampling_enabled": false, "ratio_after_undersampling": 0.5, "n_trees_in_forest": 100, "max_features": "sqrt", "class_weight": null, "recall": 0.6122022565816966, "precision": 0.9972770592239619, "roc": 0.9981309030798179, "f1": 0.7586742620403936, "train_recall": 0.9996300863131936, "train_precision": 1.0, "train_roc": 0.9999999999837423, "train_f1": 0.9998150089412344, "train_dev_recall": 0.6347826086956522, "train_dev_precision": 1.0, "train_dev_roc": 0.9998622066170422, "train_dev_f1": 0.7765957446808511, "cm": [[1083403, 4], [928, 1465]], "cm_normalized": [[0.9999963079433676, 3.6920566324566854e-06], [0.38779774341830336, 0.6122022565816966]]}