{"task_id": "TaskEvaluateGradientBoostingClassifier_True_final_dataset_0_2_ca185cb523", "input_src_path": "final_dataset", "max_vocab_size": 100000, "problem_type": "CONDITION_COMPARISON", "window_size": 20, "step_size": 3, "encode_type": true, "test_split_percentage": 0.2, "train_dev_split_percentage": 0.1, "oversampling_enabled": true, "ratio_after_oversampling": 0.5, "undersampling_enabled": false, "ratio_after_undersampling": 0.5, "n_estimators": 200, "learning_rate": 0.2, "subsample": 0.4, "recall": 0.9725560707864105, "precision": 0.6699653185219954, "roc": 0.9953978244484838, "f1": 0.7933885573560405, "train_recall": 0.9718502047916545, "train_precision": 0.9517882302849934, "train_roc": 0.9953790686194233, "train_f1": 0.9617146025509731, "train_dev_recall": 0.970265805676528, "train_dev_precision": 0.6719708788351534, "train_dev_roc": 0.9951889312588491, "train_dev_f1": 0.7940272827823521, "cm": [[1007652, 25313], [1450, 51385]], "cm_normalized": [[0.975494813473835, 0.02450518652616497], [0.02744392921358948, 0.9725560707864105]]}