{"task_id": "TaskEvaluateLstm_256_0_2_0_2_19479ebd2b", "input_src_path": "second_large_dataset", "max_vocab_size": 100000, "problem_type": "CONDITION_COMPARISON", "window_size": 20, "step_size": 3, "encode_type": false, "test_split_percentage": 0.2, "train_dev_split_percentage": 0.1, "oversampling_enabled": false, "ratio_after_oversampling": 0.5, "undersampling_enabled": false, "ratio_after_undersampling": 0.5, "embedding_vecor_length": 16, "epochs": 3, "batch_size": 256, "num_lstm_cells": 10, "dropout_emb_lstm": 0.2, "dropout_lstm_dense": 0.2, "recall": 0.9906836397925507, "precision": 0.9670833410040686, "roc": 0.999903151390847, "f1": 0.9787412431062751, "train_recall": 0.9951054518640428, "train_precision": 0.977118661853593, "train_roc": 0.9999596241988224, "train_f1": 0.9860300366125817, "train_dev_recall": 0.9903461799532393, "train_dev_precision": 0.9669366715758468, "train_dev_roc": 0.999906800302346, "train_dev_f1": 0.9785014344796751, "cm": [[1036274, 1788], [494, 52531]], "cm_normalized": [[0.9982775595291996, 0.0017224404708003954], [0.009316360207449316, 0.9906836397925507]]}