{"task_id": "TaskEvaluateSVM_True_final_dataset_100000_3903bdf79c", "input_src_path": "final_dataset", "max_vocab_size": 100000, "problem_type": "CONDITION_COMPARISON_SIMPLE", "window_size": 20, "step_size": 3, "encode_type": true, "test_split_percentage": 0.2, "train_dev_split_percentage": 0.1, "oversampling_enabled": false, "ratio_after_oversampling": 0.5, "undersampling_enabled": true, "ratio_after_undersampling": 0.5, "svm_kernel": "rbf", "svm_predict_probability": true, "svm_class_weight": "balanced", "svm_subsample": 0.3, "recall": 0.5004173042147726, "precision": 0.033167457630243924, "roc": 0.5783133594866409, "f1": 0.06221155820714849, "train_recall": 0.5128900949796472, "train_precision": 0.39709256069395416, "train_roc": 0.5914773619478092, "train_f1": 0.4476235671091413, "train_dev_recall": 0.5018842069201781, "train_dev_precision": 0.03377241312536596, "train_dev_roc": 0.5795905346145067, "train_dev_f1": 0.06328621786010506, "cm": [[637575, 419469], [14366, 14390]], "cm_normalized": [[0.6031678908351971, 0.396832109164803], [0.4995826957852274, 0.5004173042147726]]}