{"task_id": "TaskEvaluateGradientBoostingClassifier_True_final_dataset_0_2_b300589669", "input_src_path": "final_dataset", "max_vocab_size": 100000, "problem_type": "RETURN_NULL", "window_size": 20, "step_size": 3, "encode_type": true, "test_split_percentage": 0.2, "train_dev_split_percentage": 0.1, "oversampling_enabled": false, "ratio_after_oversampling": 0.5, "undersampling_enabled": true, "ratio_after_undersampling": 0.5, "n_estimators": 100, "learning_rate": 0.2, "subsample": 1.0, "recall": 0.9882992060175512, "precision": 0.1288968824940048, "roc": 0.9985585942064069, "f1": 0.2280507207945615, "train_recall": 0.9917385943279902, "train_precision": 0.979301107999513, "train_roc": 0.9991817579186312, "train_f1": 0.985480610181952, "train_dev_recall": 0.9886956521739131, "train_dev_precision": 0.12360039134688552, "train_dev_roc": 0.998849618587107, "train_dev_f1": 0.21973137501207843, "cm": [[1067424, 15983], [28, 2365]], "cm_normalized": [[0.9852474647108612, 0.0147525352891388], [0.011700793982448809, 0.9882992060175512]]}