{"task_id": "TaskEvaluateRandomForest_True_final_dataset_sqrt_d5f7401b10", "input_src_path": "final_dataset", "max_vocab_size": 100000, "problem_type": "CONDITION_COMPARISON", "window_size": 20, "step_size": 3, "encode_type": true, "test_split_percentage": 0.2, "train_dev_split_percentage": 0.1, "oversampling_enabled": false, "ratio_after_oversampling": 0.5, "undersampling_enabled": true, "ratio_after_undersampling": 0.5, "n_trees_in_forest": 100, "max_features": "sqrt", "recall": 0.9606510835620328, "precision": 0.7774765252822328, "roc": 0.9974123640114482, "f1": 0.859411774666012, "train_recall": 0.9999945778004306, "train_precision": 0.9999891556596612, "train_roc": 0.9999999994928457, "train_f1": 0.999991866722696, "train_dev_recall": 0.959378285027782, "train_dev_precision": 0.7789903670284112, "train_dev_roc": 0.9973620550824885, "train_dev_f1": 0.8598250336473756, "cm": [[1018438, 14527], [2079, 50756]], "cm_normalized": [[0.9859365999816063, 0.014063400018393653], [0.03934891643796726, 0.9606510835620328]]}