{"task_id": "TaskEvaluateLstm_64_0_2_0_2_fbd91344a9", "input_src_path": "final_dataset", "max_vocab_size": 100000, "problem_type": "CONDITION_COMPARISON", "window_size": 20, "step_size": 3, "encode_type": false, "test_split_percentage": 0.2, "train_dev_split_percentage": 0.1, "oversampling_enabled": false, "ratio_after_oversampling": 0.5, "undersampling_enabled": true, "ratio_after_undersampling": 0.5, "embedding_vecor_length": 32, "epochs": 3, "batch_size": 64, "num_lstm_cells": 10, "dropout_emb_lstm": 0.2, "dropout_lstm_dense": 0.2, "recall": 0.9977666319674459, "precision": 0.9436329789138295, "roc": 0.9998404021665229, "f1": 0.9699450787021279, "train_recall": 0.9988288048929929, "train_precision": 0.9968127705627705, "train_roc": 0.9999802591298649, "train_f1": 0.9978197694101459, "train_dev_recall": 0.9968463733293287, "train_dev_precision": 0.9423622941510506, "train_dev_roc": 0.9998145141490256, "train_dev_f1": 0.9688389403780194, "cm": [[1029816, 3149], [118, 52717]], "cm_normalized": [[0.9969514940002807, 0.003048505999719255], [0.002233368032554178, 0.9977666319674459]]}