{"task_id": "TaskEvaluateGradientBoostingClassifier_True_final_dataset_0_01_b772747e15", "input_src_path": "final_dataset", "max_vocab_size": 100000, "problem_type": "CONDITION_COMPARISON_SIMPLE", "window_size": 20, "step_size": 3, "encode_type": true, "test_split_percentage": 0.2, "train_dev_split_percentage": 0.1, "oversampling_enabled": false, "ratio_after_oversampling": 0.5, "undersampling_enabled": true, "ratio_after_undersampling": 0.5, "n_estimators": 1000, "learning_rate": 0.01, "subsample": 1.0, "recall": 0.9186952288218111, "precision": 0.3344643354518522, "roc": 0.9802384211936008, "f1": 0.49039371832711476, "train_recall": 0.9199856333306728, "train_precision": 0.903295325418283, "train_roc": 0.9807841997652125, "train_f1": 0.9115640878625516, "train_dev_recall": 0.9190818773552587, "train_dev_precision": 0.3386091127098321, "train_dev_roc": 0.9803516535632474, "train_dev_f1": 0.4948902416528316, "cm": [[1004476, 52568], [2338, 26418]], "cm_normalized": [[0.9502688629801598, 0.049731137019840235], [0.0813047711781889, 0.9186952288218111]]}