{"task_id": "TaskEvaluateGradientBoostingClassifier_True_final_dataset_0_01_c87ce9968d", "input_src_path": "final_dataset", "max_vocab_size": 100000, "problem_type": "CONDITION_COMPARISON", "window_size": 20, "step_size": 3, "encode_type": true, "test_split_percentage": 0.2, "train_dev_split_percentage": 0.1, "oversampling_enabled": false, "ratio_after_oversampling": 0.5, "undersampling_enabled": true, "ratio_after_undersampling": 0.5, "n_estimators": 1000, "learning_rate": 0.01, "subsample": 1.0, "recall": 0.8663386013059525, "precision": 0.4750454050127134, "roc": 0.9744701185109225, "f1": 0.6136202158321603, "train_recall": 0.866874156170192, "train_precision": 0.8998272106622841, "train_roc": 0.9746946551002598, "train_f1": 0.8830433581883457, "train_dev_recall": 0.866458927766932, "train_dev_precision": 0.4775097244061905, "train_dev_roc": 0.9742449586994478, "train_dev_f1": 0.6157026998185893, "cm": [[982383, 50582], [7062, 45773]], "cm_normalized": [[0.9510322227761832, 0.04896777722381688], [0.1336613986940475, 0.8663386013059525]]}