{"task_id": "TaskEvaluateGradientBoostingClassifier_True_final_dataset_0_2_e484df7ae3", "input_src_path": "final_dataset", "max_vocab_size": 100000, "problem_type": "RETURN_NULL", "window_size": 20, "step_size": 3, "encode_type": true, "test_split_percentage": 0.2, "train_dev_split_percentage": 0.1, "oversampling_enabled": false, "ratio_after_oversampling": 0.5, "undersampling_enabled": false, "ratio_after_undersampling": 0.5, "n_estimators": 200, "learning_rate": 0.2, "subsample": 1.0, "recall": 0.8257417467613873, "precision": 0.9643728648121035, "roc": 0.9997971941566078, "f1": 0.8896893291310219, "train_recall": 0.8336621454993834, "train_precision": 0.9651677373304782, "train_roc": 0.9998563525701256, "train_f1": 0.8946080052927555, "train_dev_recall": 0.8217391304347826, "train_dev_precision": 0.9593908629441624, "train_dev_roc": 0.999921768824863, "train_dev_f1": 0.8852459016393442, "cm": [[1083334, 73], [417, 1976]], "cm_normalized": [[0.9999326199664577, 6.73800335423345e-05], [0.17425825323861263, 0.8257417467613873]]}