{"task_id": "TaskEvaluateRandomForest_True_final_dataset_sqrt_07bd42f85c", "input_src_path": "final_dataset", "max_vocab_size": 1000, "problem_type": "RETURN_NULL", "window_size": 20, "step_size": 3, "encode_type": true, "test_split_percentage": 0.2, "train_dev_split_percentage": 0.1, "oversampling_enabled": true, "ratio_after_oversampling": 0.5, "undersampling_enabled": false, "ratio_after_undersampling": 0.5, "n_trees_in_forest": 100, "max_features": "sqrt", "recall": 0.7312996239030506, "precision": 0.9859154929577465, "roc": 0.9991969018895939, "f1": 0.8397312859884838, "train_recall": 1.0, "train_precision": 0.9999926164504429, "train_roc": 0.9999999991361326, "train_f1": 0.9999963082115922, "train_dev_recall": 0.7269565217391304, "train_dev_precision": 0.9952380952380953, "train_dev_roc": 0.9994370153086816, "train_dev_f1": 0.8402010050251255, "cm": [[1083382, 25], [643, 1750]], "cm_normalized": [[0.9999769246460471, 2.3075353952854282e-05], [0.2687003760969494, 0.7312996239030506]]}