{"task_id": "TaskEvaluateGradientBoostingClassifier_True_second_large_dat_0_2_18a6a4a6f9", "input_src_path": "second_large_dataset", "max_vocab_size": 100000, "problem_type": "RETURN_NULL", "window_size": 20, "step_size": 3, "encode_type": true, "test_split_percentage": 0.2, "train_dev_split_percentage": 0.1, "oversampling_enabled": false, "ratio_after_oversampling": 0.5, "undersampling_enabled": true, "ratio_after_undersampling": 0.5, "n_estimators": 200, "learning_rate": 0.2, "subsample": 1.0, "recall": 0.9970906068162926, "precision": 0.22345380029806258, "roc": 0.9995642505521466, "f1": 0.36508902754527467, "train_recall": 0.9981617647058824, "train_precision": 0.9920828258221681, "train_roc": 0.9999169565191274, "train_f1": 0.9951130116065974, "train_dev_recall": 0.9973799126637555, "train_dev_precision": 0.2156344410876133, "train_dev_roc": 0.9995977039403053, "train_dev_f1": 0.35460332246545573, "cm": [[1080344, 8337], [7, 2399]], "cm_normalized": [[0.9923421093966001, 0.007657890603399894], [0.0029093931837073984, 0.9970906068162926]]}