{"task_id": "TaskEvaluateRandomForest_balanced_True_final_dataset_c856f557af", "input_src_path": "final_dataset", "max_vocab_size": 100000, "problem_type": "RETURN_NULL", "window_size": 20, "step_size": 3, "encode_type": true, "test_split_percentage": 0.2, "train_dev_split_percentage": 0.1, "oversampling_enabled": true, "ratio_after_oversampling": 0.5, "undersampling_enabled": false, "ratio_after_undersampling": 0.5, "n_trees_in_forest": 100, "max_features": "sqrt", "class_weight": "balanced", "recall": 0.7087338069368992, "precision": 0.991812865497076, "roc": 0.9987738919837866, "f1": 0.8267121618328053, "train_recall": 1.0, "train_precision": 0.9999994725999871, "train_roc": 0.9999999999832414, "train_f1": 0.9999997362999241, "train_dev_recall": 0.7182608695652174, "train_dev_precision": 0.9951807228915662, "train_dev_roc": 0.9989926935655384, "train_dev_f1": 0.8343434343434344, "cm": [[1083393, 14], [697, 1696]], "cm_normalized": [[0.9999870778017864, 1.2922198213598398e-05], [0.2912661930631007, 0.7087338069368992]]}