{"task_id": "TaskEvaluateLstm_64_0_2_0_2_8fcf9135a8", "input_src_path": "final_dataset", "max_vocab_size": 100000, "problem_type": "CONDITION_COMPARISON_SIMPLE", "window_size": 20, "step_size": 3, "encode_type": false, "test_split_percentage": 0.2, "train_dev_split_percentage": 0.1, "oversampling_enabled": false, "ratio_after_oversampling": 0.5, "undersampling_enabled": true, "ratio_after_undersampling": 0.5, "embedding_vecor_length": 32, "epochs": 3, "batch_size": 64, "num_lstm_cells": 10, "dropout_emb_lstm": 0.2, "dropout_lstm_dense": 0.2, "recall": 0.997113645847823, "precision": 0.946866125090813, "roc": 0.9998810952257006, "f1": 0.9713404925641113, "train_recall": 0.9984535876765903, "train_precision": 0.9989020531605897, "train_roc": 0.9999833816485971, "train_f1": 0.9986777700716998, "train_dev_recall": 0.9967797190818773, "train_dev_precision": 0.9444913328572356, "train_dev_roc": 0.99989481845861, "train_dev_f1": 0.9699313287552503, "cm": [[1055435, 1609], [83, 28673]], "cm_normalized": [[0.998477830629567, 0.001522169370433019], [0.002886354152176937, 0.997113645847823]]}