{"task_id": "TaskEvaluateRandomForest_balanced_True_second_large_dat_d333fde635", "input_src_path": "second_large_dataset", "max_vocab_size": 100000, "problem_type": "CONDITION_COMPARISON", "window_size": 20, "step_size": 3, "encode_type": true, "test_split_percentage": 0.2, "train_dev_split_percentage": 0.1, "oversampling_enabled": false, "ratio_after_oversampling": 0.5, "undersampling_enabled": true, "ratio_after_undersampling": 0.5, "n_trees_in_forest": 100, "max_features": "sqrt", "class_weight": "balanced", "recall": 0.9544177274870345, "precision": 0.7831267505377343, "roc": 0.9971875699015819, "f1": 0.8603291173670611, "train_recall": 1.0, "train_precision": 0.9999946566353902, "train_roc": 0.9999999246373907, "train_f1": 0.9999973283105572, "train_dev_recall": 0.9551248208763858, "train_dev_precision": 0.7799230177059276, "train_dev_roc": 0.9970121533614154, "train_dev_f1": 0.8586781482548775, "cm": [[1024047, 14015], [2417, 50608]], "cm_normalized": [[0.9864988796430271, 0.013501120356972898], [0.04558227251296558, 0.9544177274870345]]}