{"task_id": "TaskEvaluateGradientBoostingClassifier_True_final_dataset_0_1_4f4d24e009", "input_src_path": "final_dataset", "max_vocab_size": 100000, "problem_type": "CONDITION_COMPARISON", "window_size": 20, "step_size": 3, "encode_type": true, "test_split_percentage": 0.2, "train_dev_split_percentage": 0.1, "oversampling_enabled": false, "ratio_after_oversampling": 0.5, "undersampling_enabled": true, "ratio_after_undersampling": 0.5, "n_estimators": 100, "learning_rate": 0.1, "subsample": 1.0, "recall": 0.86929118955238, "precision": 0.46913239770382625, "roc": 0.9741248937628829, "f1": 0.6093925180944294, "train_recall": 0.8676495307086273, "train_precision": 0.8976159757670948, "train_roc": 0.9743783809088991, "train_f1": 0.8823784040121645, "train_dev_recall": 0.8668719026880913, "train_dev_precision": 0.4705522722641125, "train_dev_roc": 0.9737414940185024, "train_dev_f1": 0.6099912820648298, "cm": [[980992, 51973], [6906, 45929]], "cm_normalized": [[0.9496856137429632, 0.05031438625703678], [0.13070881044761995, 0.86929118955238]]}