{"task_id": "TaskEvaluateRandomForest_balanced_True_final_dataset_c398b0732b", "input_src_path": "final_dataset", "max_vocab_size": 100000, "problem_type": "RETURN_NULL", "window_size": 20, "step_size": 3, "encode_type": true, "test_split_percentage": 0.2, "train_dev_split_percentage": 0.1, "oversampling_enabled": false, "ratio_after_oversampling": 0.5, "undersampling_enabled": true, "ratio_after_undersampling": 0.5, "n_trees_in_forest": 100, "max_features": "sqrt", "class_weight": "balanced", "recall": 0.9674049310488926, "precision": 0.12926461555642416, "roc": 0.99773537319164, "f1": 0.22805634912816475, "train_recall": 1.0, "train_precision": 1.0, "train_roc": 1.0, "train_f1": 1.0, "train_dev_recall": 0.9652173913043478, "train_dev_precision": 0.12171052631578948, "train_dev_roc": 0.9980320868361389, "train_dev_f1": 0.21616358325219087, "cm": [[1067813, 15594], [78, 2315]], "cm_normalized": [[0.9856065172183676, 0.014393482781632388], [0.0325950689511074, 0.9674049310488926]]}