{"task_id": "TaskEvaluateGradientBoostingClassifier_True_second_large_dat_0_2_248bf77d8a", "input_src_path": "second_large_dataset", "max_vocab_size": 100000, "problem_type": "CONDITION_COMPARISON", "window_size": 20, "step_size": 3, "encode_type": true, "test_split_percentage": 0.2, "train_dev_split_percentage": 0.1, "oversampling_enabled": true, "ratio_after_oversampling": 0.5, "undersampling_enabled": false, "ratio_after_undersampling": 0.5, "n_estimators": 400, "learning_rate": 0.2, "subsample": 1, "recall": 0.9878170674210278, "precision": 0.753481212958168, "roc": 0.9977051537005749, "f1": 0.854881223427261, "train_recall": 0.9884074859554351, "train_precision": 0.9677909354982909, "train_roc": 0.9978592255635707, "train_f1": 0.9779905708905124, "train_dev_recall": 0.9876687532996455, "train_dev_precision": 0.7534159882633835, "train_dev_roc": 0.9977804861035777, "train_dev_f1": 0.8547837013103572, "cm": [[1020925, 17137], [646, 52379]], "cm_normalized": [[0.983491352154303, 0.016508647845697076], [0.012182932578972183, 0.9878170674210278]]}