{"task_id": "TaskEvaluateLstm_512_0_2_0_2_ce89d1f7a4", "input_src_path": "final_dataset", "max_vocab_size": 100000, "problem_type": "CONDITION_COMPARISON", "window_size": 20, "step_size": 3, "encode_type": false, "test_split_percentage": 0.2, "train_dev_split_percentage": 0.1, "oversampling_enabled": false, "ratio_after_oversampling": 0.5, "undersampling_enabled": false, "ratio_after_undersampling": 0.5, "embedding_vecor_length": 32, "epochs": 3, "batch_size": 512, "num_lstm_cells": 10, "dropout_emb_lstm": 0.2, "dropout_lstm_dense": 0.2, "recall": 0.9847071070313239, "precision": 0.9751832205581901, "roc": 0.9999182767183057, "f1": 0.9799220236189329, "train_recall": 0.9931409175446112, "train_precision": 0.9903218132272157, "train_roc": 0.9999826131609777, "train_f1": 0.9917293619832206, "train_dev_recall": 0.9833308304550232, "train_dev_precision": 0.9751303052866717, "train_dev_roc": 0.9998984586656132, "train_dev_f1": 0.9792133991326454, "cm": [[1031641, 1324], [808, 52027]], "cm_normalized": [[0.9987182527965613, 0.001281747203438645], [0.015292892968676067, 0.9847071070313239]]}