{"task_id": "TaskEvaluateLstm_256_0_2_0_2_ef0b67d96a", "input_src_path": "final_dataset", "max_vocab_size": 100000, "problem_type": "CONDITION_COMPARISON", "window_size": 20, "step_size": 3, "encode_type": false, "test_split_percentage": 0.2, "train_dev_split_percentage": 0.1, "oversampling_enabled": false, "ratio_after_oversampling": 0.5, "undersampling_enabled": true, "ratio_after_undersampling": 0.5, "embedding_vecor_length": 32, "epochs": 3, "batch_size": 256, "num_lstm_cells": 100, "dropout_emb_lstm": 0.2, "dropout_lstm_dense": 0.2, "recall": 0.9979369735970474, "precision": 0.950480413895048, "roc": 0.9998997101433245, "f1": 0.9736307567308047, "train_recall": 0.9988450714917013, "train_precision": 0.9968937376885945, "train_roc": 0.9999838615790235, "train_f1": 0.9978684506317457, "train_dev_recall": 0.9966962006307253, "train_dev_precision": 0.9491598140865213, "train_dev_roc": 0.9998950515467386, "train_dev_f1": 0.9723473610958503, "cm": [[1030218, 2747], [109, 52726]], "cm_normalized": [[0.9973406649789683, 0.0026593350210316904], [0.0020630264029525883, 0.9979369735970474]]}