{"task_id": "TaskEvaluateRandomForest_False_final_dataset_sqrt_3bf0358f62", "input_src_path": "final_dataset", "max_vocab_size": 100000, "problem_type": "RETURN_NULL", "window_size": 20, "step_size": 3, "encode_type": false, "test_split_percentage": 0.2, "train_dev_split_percentage": 0.1, "oversampling_enabled": false, "ratio_after_oversampling": 0.5, "undersampling_enabled": true, "ratio_after_undersampling": 0.5, "n_trees_in_forest": 100, "max_features": "sqrt", "recall": 0.9573756790639365, "precision": 0.16829501212076692, "roc": 0.9974312496693971, "f1": 0.28626764963138823, "train_recall": 1.0, "train_precision": 1.0, "train_roc": 1.0, "train_f1": 1.0, "train_dev_recall": 0.9504347826086956, "train_dev_precision": 0.16099572838415083, "train_dev_roc": 0.9980322417286972, "train_dev_f1": 0.27534954024436326, "cm": [[1072085, 11322], [102, 2291]], "cm_normalized": [[0.9895496337018314, 0.010450366298168647], [0.04262432093606352, 0.9573756790639365]]}