{"task_id": "TaskEvaluateLstm_256_0_2_0_2_7165dcd860", "input_src_path": "final_dataset", "max_vocab_size": 100000, "problem_type": "RETURN_NULL", "window_size": 20, "step_size": 3, "encode_type": false, "test_split_percentage": 0.2, "train_dev_split_percentage": 0.0, "oversampling_enabled": true, "ratio_after_oversampling": 0.5, "undersampling_enabled": false, "ratio_after_undersampling": 0.5, "embedding_vecor_length": 32, "epochs": 3, "batch_size": 256, "num_lstm_cells": 100, "dropout_emb_lstm": 0.2, "dropout_lstm_dense": 0.2, "test_recall": 0.9952809952809952, "test_precision": 0.9434729564863765, "test_roc": 0.9999934058351974, "test_f1": 0.9686847599164926, "train_recall": 0.9998961668013422, "train_precision": 0.9997471461661268, "train_roc": 0.9999984325669175, "train_f1": 0.9998216509309568, "cm": [[1083330, 139], [11, 2320]], "cm_normalized": [[0.9977251795910849, 0.0001280162092466384], [1.0130779149014551e-05, 0.0021366734205194326]]}