{"task_id": "TaskEvaluateRandomForest_None_True_final_dataset_0bae441014", "input_src_path": "final_dataset", "max_vocab_size": 100000, "problem_type": "CONDITION_COMPARISON", "window_size": 20, "step_size": 3, "encode_type": true, "test_split_percentage": 0.2, "train_dev_split_percentage": 0.0, "oversampling_enabled": false, "ratio_after_oversampling": 0.5, "undersampling_enabled": true, "ratio_after_undersampling": 0.1, "n_trees_in_forest": 100, "max_features": "sqrt", "class_weight": null, "test_recall": 0.9082228116710875, "test_precision": 0.9623190733342701, "test_roc": 0.9985442924445348, "test_f1": 0.9344887078065756, "train_recall": 0.9999147396242859, "train_precision": 0.9999052671466464, "train_roc": 0.9999998119329666, "train_f1": 0.9999100033630322, "cm": [[1031143, 1877], [4844, 47936]], "cm_normalized": [[0.949662000368392, 0.0017286793147909376], [0.004461226745256954, 0.04414809357156014]]}