{"task_id": "TaskEvaluateRandomForest_balanced_True_final_dataset_7338a397a6", "input_src_path": "final_dataset", "max_vocab_size": 100000, "problem_type": "CONDITION_COMPARISON", "window_size": 20, "step_size": 3, "encode_type": true, "test_split_percentage": 0.2, "train_dev_split_percentage": 0.0, "oversampling_enabled": false, "ratio_after_oversampling": 0.5, "undersampling_enabled": false, "ratio_after_undersampling": 0.5, "n_trees_in_forest": 100, "max_features": "sqrt", "class_weight": "balanced", "test_recall": 0.8636983705949223, "test_precision": 0.9856858674969728, "test_roc": 0.9986166321321205, "test_f1": 0.9206689017247647, "train_recall": 0.9999763165623017, "train_precision": 0.9996306660795204, "train_roc": 0.9999973571588573, "train_f1": 0.9998034614464765, "cm": [[1032358, 662], [7194, 45586]], "cm_normalized": [[0.9507809909743967, 0.0006096887087861484], [0.006625529563455516, 0.041983790753361575]]}