{"task_id": "TaskEvaluateGradientBoostingClassifier_True_final_dataset_0_1_bb18ab5963", "input_src_path": "final_dataset", "max_vocab_size": 100000, "problem_type": "CONDITION_COMPARISON", "window_size": 20, "step_size": 3, "encode_type": true, "test_split_percentage": 0.2, "train_dev_split_percentage": 0.0, "oversampling_enabled": true, "ratio_after_oversampling": 0.5, "undersampling_enabled": false, "ratio_after_undersampling": 0.5, "n_estimators": 100, "learning_rate": 0.1, "subsample": 1.0, "test_recall": 0.8645888594164456, "test_precision": 0.469770123225481, "test_roc": 0.9741352669836322, "test_f1": 0.6087687351169631, "train_recall": 0.8668655335160662, "train_precision": 0.8966761992878571, "train_roc": 0.9743311701375864, "train_f1": 0.881518908714421, "cm": [[981514, 51506], [7147, 45633]], "cm_normalized": [[0.9039546877878062, 0.04743599189537668], [0.006582243507091546, 0.04202707680972555]]}