{"task_id": "TaskEvaluateRandomForest_None_False_final_dataset_72eaa1f698", "input_src_path": "final_dataset", "max_vocab_size": 100000, "problem_type": "RETURN_NULL", "window_size": 20, "step_size": 3, "encode_type": false, "test_split_percentage": 0.2, "train_dev_split_percentage": 0.0, "oversampling_enabled": false, "ratio_after_oversampling": 0.5, "undersampling_enabled": true, "ratio_after_undersampling": 0.5, "n_trees_in_forest": 100, "max_features": "sqrt", "class_weight": null, "test_recall": 0.9485199485199485, "test_precision": 0.1672719019518838, "test_roc": 0.9975166665981079, "test_f1": 0.28439127918194096, "train_recall": 1.0, "train_precision": 1.0, "train_roc": 1.0, "train_f1": 1.0, "cm": [[1072462, 11007], [120, 2211]], "cm_normalized": [[0.9877159697918585, 0.010137226008473015], [0.00011051759071652238, 0.002036286608951925]]}