{"task_id": "TaskEvaluateGradientBoostingClassifier_True_final_dataset_0_1_8f4c41c832", "input_src_path": "final_dataset", "max_vocab_size": 100000, "problem_type": "RETURN_NULL", "window_size": 20, "step_size": 3, "encode_type": true, "test_split_percentage": 0.2, "train_dev_split_percentage": 0.0, "oversampling_enabled": true, "ratio_after_oversampling": 0.5, "undersampling_enabled": false, "ratio_after_undersampling": 0.5, "n_estimators": 100, "learning_rate": 0.1, "subsample": 1.0, "test_recall": 0.9652509652509652, "test_precision": 0.0901297868931261, "test_roc": 0.9961509687016369, "test_f1": 0.1648653599560359, "train_recall": 0.973284871687548, "train_precision": 0.959090189758291, "train_roc": 0.9969346889183638, "train_f1": 0.9661353956589008, "cm": [[1060755, 22714], [81, 2250]], "cm_normalized": [[0.9769340578375392, 0.020919137962792413], [7.459937373365261e-05, 0.0020722048259347947]]}