{"task_id": "TaskEvaluateLstm_64_0_2_0_2_1175556a57", "input_src_path": "final_dataset", "max_vocab_size": 100000, "problem_type": "RETURN_NULL", "window_size": 20, "step_size": 3, "encode_type": false, "test_split_percentage": 0.2, "train_dev_split_percentage": 0.0, "oversampling_enabled": false, "ratio_after_oversampling": 0.5, "undersampling_enabled": false, "ratio_after_undersampling": 0.5, "embedding_vecor_length": 32, "epochs": 3, "batch_size": 64, "num_lstm_cells": 10, "dropout_emb_lstm": 0.2, "dropout_lstm_dense": 0.2, "test_recall": 0.9841269841269841, "test_precision": 0.9969578444154715, "test_roc": 0.9999993819207844, "test_f1": 0.9905008635578583, "train_recall": 0.9878781377386827, "train_precision": 0.9983738074588031, "train_roc": 0.9999997605715752, "train_f1": 0.9930982422085625, "cm": [[1083462, 7], [37, 2294]], "cm_normalized": [[0.9978467489408731, 6.446859458463806e-06], [3.4076257137594404e-05, 0.002112727942530853]]}