{"task_id": "TaskEvaluateRandomForest_balanced_False_final_dataset_c52dd37f23", "input_src_path": "final_dataset", "max_vocab_size": 100000, "problem_type": "CONDITION_COMPARISON", "window_size": 20, "step_size": 3, "encode_type": false, "test_split_percentage": 0.2, "train_dev_split_percentage": 0.0, "oversampling_enabled": false, "ratio_after_oversampling": 0.5, "undersampling_enabled": false, "ratio_after_undersampling": 0.5, "n_trees_in_forest": 100, "max_features": "sqrt", "class_weight": "balanced", "test_recall": 0.843823417961349, "test_precision": 0.9859207933942842, "test_roc": 0.9984232008088741, "test_f1": 0.9093544863352832, "train_recall": 0.999985789937381, "train_precision": 0.9996306695771167, "train_roc": 0.9999970879695224, "train_f1": 0.999808198223584, "cm": [[1032384, 636], [8243, 44537]], "cm_normalized": [[0.9508049364523853, 0.0005857432307975686], [0.00759163750230245, 0.04101768281451464]]}