{"task_id": "TaskEvaluateRandomForest_None_True_final_dataset_e99971e21d", "input_src_path": "final_dataset", "max_vocab_size": 100000, "problem_type": "RETURN_NULL", "window_size": 20, "step_size": 3, "encode_type": true, "test_split_percentage": 0.2, "train_dev_split_percentage": 0.0, "oversampling_enabled": true, "ratio_after_oversampling": 1.0, "undersampling_enabled": false, "ratio_after_undersampling": 0.5, "n_trees_in_forest": 100, "max_features": "sqrt", "class_weight": null, "test_recall": 0.7142857142857143, "test_precision": 0.9934367541766109, "test_roc": 0.9983316852138202, "test_f1": 0.8310456700773646, "train_recall": 1.0, "train_precision": 0.9999995385194366, "train_roc": 0.9999999999756156, "train_f1": 0.999999769259665, "cm": [[1083458, 11], [666, 1665]], "cm_normalized": [[0.9978430650211826, 1.0130779149014551e-05], [0.0006133726284766992, 0.001533431571191748]]}