{"task_id": "TaskEvaluateLstm_256_0_2_0_2_672e72ca0c", "input_src_path": "final_dataset", "max_vocab_size": 100000, "problem_type": "RETURN_NULL", "window_size": 20, "step_size": 3, "encode_type": false, "test_split_percentage": 0.2, "train_dev_split_percentage": 0.0, "oversampling_enabled": false, "ratio_after_oversampling": 0.5, "undersampling_enabled": false, "ratio_after_undersampling": 0.5, "embedding_vecor_length": 16, "epochs": 3, "batch_size": 256, "num_lstm_cells": 10, "dropout_emb_lstm": 0.2, "dropout_lstm_dense": 0.2, "test_recall": 0.990990990990991, "test_precision": 0.9897172236503856, "test_roc": 0.9999992564043774, "test_f1": 0.9903536977491961, "train_recall": 0.9935636129585925, "train_precision": 0.9938834638909754, "train_roc": 0.9999997095819593, "train_f1": 0.9937235126870875, "cm": [[1083445, 24], [21, 2310]], "cm_normalized": [[0.9978310922821882, 2.2103518143304475e-05], [1.9340578375391418e-05, 0.0021274636212930556]]}