{"task_id": "TaskEvaluateGradientBoostingClassifier_True_final_dataset_0_2_ce47bb5232", "input_src_path": "final_dataset", "max_vocab_size": 100000, "problem_type": "RETURN_NULL", "window_size": 20, "step_size": 3, "encode_type": true, "test_split_percentage": 0.2, "train_dev_split_percentage": 0.0, "oversampling_enabled": true, "ratio_after_oversampling": 0.5, "undersampling_enabled": false, "ratio_after_undersampling": 0.5, "n_estimators": 100, "learning_rate": 0.2, "subsample": 1.0, "test_recall": 0.9862719862719863, "test_precision": 0.146910345708991, "test_roc": 0.9987639433281164, "test_f1": 0.25572858731924364, "train_recall": 0.9930237934928426, "train_precision": 0.9759250180166655, "train_roc": 0.9990462349385792, "train_f1": 0.9844001610305958, "cm": [[1070119, 13350], [32, 2299]], "cm_normalized": [[0.9855581138331184, 0.012295081967213115], [2.9471357524405968e-05, 0.002117332842144041]]}