{"task_id": "TaskEvaluateLstm_512_0_2_0_2_a462aea359", "input_src_path": "final_dataset", "max_vocab_size": 100000, "problem_type": "RETURN_NULL", "window_size": 20, "step_size": 3, "encode_type": false, "test_split_percentage": 0.2, "train_dev_split_percentage": 0.0, "oversampling_enabled": false, "ratio_after_oversampling": 0.5, "undersampling_enabled": false, "ratio_after_undersampling": 0.5, "embedding_vecor_length": 32, "epochs": 2, "batch_size": 512, "num_lstm_cells": 10, "dropout_emb_lstm": 0.2, "dropout_lstm_dense": 0.2, "test_recall": 0.9841269841269841, "test_precision": 0.9913569576490925, "test_roc": 0.999998897276992, "test_f1": 0.9877287405812702, "train_recall": 0.9892726882643209, "train_precision": 0.9956812783416109, "train_roc": 0.9999995389400117, "train_f1": 0.9924666379681446, "cm": [[1083449, 20], [37, 2294]], "cm_normalized": [[0.9978347762018788, 1.841959845275373e-05], [3.4076257137594404e-05, 0.002112727942530853]]}