{"task_id": "TaskEvaluateGradientBoostingClassifier_True_final_dataset_0_2_66dd23b82e", "input_src_path": "final_dataset", "max_vocab_size": 100000, "problem_type": "CONDITION_COMPARISON", "window_size": 20, "step_size": 3, "encode_type": true, "test_split_percentage": 0.2, "train_dev_split_percentage": 0.0, "oversampling_enabled": false, "ratio_after_oversampling": 0.5, "undersampling_enabled": false, "ratio_after_undersampling": 0.5, "n_estimators": 200, "learning_rate": 0.2, "subsample": 0.4, "test_recall": 0.8092459264873058, "test_precision": 0.9312344656172328, "test_roc": 0.9960347885940023, "test_f1": 0.8659651683798634, "train_recall": 0.8099925160336873, "train_precision": 0.9321813077489166, "train_roc": 0.9960135041999526, "train_f1": 0.8668020062702281, "cm": [[1029866, 3154], [10068, 42712]], "cm_normalized": [[0.9484859090071837, 0.002904770675999263], [0.009272425861116228, 0.03933689445570086]]}