{"task_id": "TaskEvaluateGradientBoostingClassifier_True_final_dataset_0_2_cbeb0790fa", "input_src_path": "final_dataset", "max_vocab_size": 100000, "problem_type": "CONDITION_COMPARISON", "window_size": 20, "step_size": 3, "encode_type": true, "test_split_percentage": 0.2, "train_dev_split_percentage": 0.0, "oversampling_enabled": true, "ratio_after_oversampling": 0.5, "undersampling_enabled": false, "ratio_after_undersampling": 0.5, "n_estimators": 100, "learning_rate": 0.2, "subsample": 1.0, "test_recall": 0.9374763167866617, "test_precision": 0.5991910678388918, "test_roc": 0.9900682294342955, "test_f1": 0.731098272728616, "train_recall": 0.9379043667617116, "train_precision": 0.9362978260365368, "train_roc": 0.9901770684567414, "train_f1": 0.9371004078466533, "cm": [[999922, 33098], [3300, 49480]], "cm_normalized": [[0.9209080862037208, 0.03048259347946215], [0.0030392337447043656, 0.04557008657211273]]}