{"task_id": "TaskEvaluateRandomForest_None_True_final_dataset_36e3bd258e", "input_src_path": "final_dataset", "max_vocab_size": 100000, "problem_type": "CONDITION_COMPARISON", "window_size": 20, "step_size": 3, "encode_type": true, "test_split_percentage": 0.2, "train_dev_split_percentage": 0.0, "oversampling_enabled": true, "ratio_after_oversampling": 0.5, "undersampling_enabled": false, "ratio_after_undersampling": 0.5, "n_trees_in_forest": 100, "max_features": "sqrt", "class_weight": null, "test_recall": 0.9034861690034104, "test_precision": 0.975512959515578, "test_roc": 0.9988802374341201, "test_f1": 0.9381190797045139, "train_recall": 1.0, "train_precision": 0.9999622480237083, "train_roc": 0.9999999944688064, "train_f1": 0.9999811236555445, "cm": [[1031823, 1197], [5094, 47686]], "cm_normalized": [[0.9502882667157856, 0.0011024129673973108], [0.004691471725916375, 0.04391784859090072]]}