{"task_id": "TaskEvaluateRandomForest_None_False_final_dataset_99eda37044", "input_src_path": "final_dataset", "max_vocab_size": 100000, "problem_type": "RETURN_NULL", "window_size": 20, "step_size": 3, "encode_type": false, "test_split_percentage": 0.2, "train_dev_split_percentage": 0.0, "oversampling_enabled": true, "ratio_after_oversampling": 1.0, "undersampling_enabled": false, "ratio_after_undersampling": 0.5, "n_trees_in_forest": 100, "max_features": "sqrt", "class_weight": null, "test_recall": 0.6971256971256972, "test_precision": 0.9963212752912324, "test_roc": 0.9980342083595616, "test_f1": 0.8202927814235236, "train_recall": 1.0, "train_precision": 0.9999995385194366, "train_roc": 0.9999999999756156, "train_f1": 0.999999769259665, "cm": [[1083463, 6], [706, 1625]], "cm_normalized": [[0.9978476699207958, 5.525879535826119e-06], [0.0006502118253822066, 0.0014965923742862406]]}