{"task_id": "TaskEvaluateRandomForest_None_False_final_dataset_0cc31307fb", "input_src_path": "final_dataset", "max_vocab_size": 100000, "problem_type": "CONDITION_COMPARISON", "window_size": 20, "step_size": 3, "encode_type": false, "test_split_percentage": 0.2, "train_dev_split_percentage": 0.0, "oversampling_enabled": true, "ratio_after_oversampling": 0.5, "undersampling_enabled": false, "ratio_after_undersampling": 0.5, "n_trees_in_forest": 100, "max_features": "sqrt", "class_weight": null, "test_recall": 0.8906782872300114, "test_precision": 0.9765065121206457, "test_roc": 0.9987034168787193, "test_f1": 0.9316197818095342, "train_recall": 1.0, "train_precision": 0.9999622480237083, "train_roc": 0.9999999941002946, "train_f1": 0.9999811236555445, "cm": [[1031889, 1131], [5770, 47010]], "cm_normalized": [[0.9503490513906797, 0.0010416282925032234], [0.005314054153619451, 0.04329526616319764]]}