{"task_id": "TaskEvaluateLstm_256_0_2_0_2_d04bb76ecc", "input_src_path": "final_dataset", "max_vocab_size": 100000, "problem_type": "RETURN_NULL", "window_size": 20, "step_size": 3, "encode_type": false, "test_split_percentage": 0.2, "train_dev_split_percentage": 0.0, "oversampling_enabled": false, "ratio_after_oversampling": 0.5, "undersampling_enabled": false, "ratio_after_undersampling": 0.5, "embedding_vecor_length": 32, "epochs": 3, "batch_size": 256, "num_lstm_cells": 10, "dropout_emb_lstm": 0.2, "dropout_lstm_dense": 0.2, "test_recall": 0.9888459888459888, "test_precision": 0.9943917169974116, "test_roc": 0.9999992401703941, "test_f1": 0.9916110991611098, "train_recall": 0.9928127011370951, "train_precision": 0.9969837337067758, "train_roc": 0.9999997837891771, "train_f1": 0.9948938457403925, "cm": [[1083456, 13], [26, 2305]], "cm_normalized": [[0.9978412230613373, 1.1972738994289924e-05], [2.3945477988579847e-05, 0.0021228587216798674]]}