{"task_id": "TaskEvaluateLstm_256_0_2_0_2_fb231e578c", "input_src_path": "final_dataset", "max_vocab_size": 100000, "problem_type": "RETURN_NULL", "window_size": 20, "step_size": 3, "encode_type": false, "test_split_percentage": 0.2, "train_dev_split_percentage": 0.0, "oversampling_enabled": false, "ratio_after_oversampling": 0.5, "undersampling_enabled": false, "ratio_after_undersampling": 0.5, "embedding_vecor_length": 32, "epochs": 2, "batch_size": 256, "num_lstm_cells": 10, "dropout_emb_lstm": 0.2, "dropout_lstm_dense": 0.2, "test_recall": 0.9935649935649936, "test_precision": 0.982605006364022, "test_roc": 0.9999992045348212, "test_f1": 0.9880546075085325, "train_recall": 0.994850890366874, "train_precision": 0.9911296355669552, "train_roc": 0.9999996150531519, "train_f1": 0.9929867765940361, "cm": [[1083428, 41], [15, 2316]], "cm_normalized": [[0.9978154356235034, 3.776017682814515e-05], [1.3814698839565298e-05, 0.002132989500828882]]}