{"task_id": "TaskEvaluateRandomForest_None_False_final_dataset_f5fab68e31", "input_src_path": "final_dataset", "max_vocab_size": 100000, "problem_type": "CONDITION_COMPARISON", "window_size": 20, "step_size": 3, "encode_type": false, "test_split_percentage": 0.2, "train_dev_split_percentage": 0.0, "oversampling_enabled": false, "ratio_after_oversampling": 0.5, "undersampling_enabled": false, "ratio_after_undersampling": 0.5, "n_trees_in_forest": 100, "max_features": "sqrt", "class_weight": null, "test_recall": 0.865081470253884, "test_precision": 0.9867948995029177, "test_roc": 0.9986660498200867, "test_f1": 0.9219384149419485, "train_recall": 0.9998531626862702, "train_precision": 0.9998342190771213, "train_roc": 0.9999996801943029, "train_f1": 0.9998436907919667, "cm": [[1032409, 611], [7121, 45659]], "cm_normalized": [[0.9508279609504513, 0.0005627187327316265], [0.006558298029102965, 0.04205102228771413]]}