{"task_id": "TaskEvaluateGradientBoostingClassifier_True_final_dataset_0_2_8074287d83", "input_src_path": "final_dataset", "max_vocab_size": 100000, "problem_type": "RETURN_NULL", "window_size": 20, "step_size": 3, "encode_type": true, "test_split_percentage": 0.2, "train_dev_split_percentage": 0.0, "oversampling_enabled": false, "ratio_after_oversampling": 0.5, "undersampling_enabled": false, "ratio_after_undersampling": 0.5, "n_estimators": 300, "learning_rate": 0.2, "subsample": 1.0, "test_recall": 0.8948948948948949, "test_precision": 0.9724941724941725, "test_roc": 0.9998665542820475, "test_f1": 0.9320822162645218, "train_recall": 0.9248015447328899, "train_precision": 0.9737941940585112, "train_roc": 0.9999339987812368, "train_f1": 0.9486657496561209, "cm": [[1083410, 59], [245, 2086]], "cm_normalized": [[0.997798857984896, 5.43378154356235e-05], [0.0002256400810462332, 0.001921164118622214]]}