{"task_id": "TaskEvaluateGradientBoostingClassifier_True_second_large_dat_0_2_f974268930", "input_src_path": "second_large_dataset", "max_vocab_size": 100000, "problem_type": "CONDITION_COMPARISON_SIMPLE", "window_size": 20, "step_size": 3, "encode_type": true, "test_split_percentage": 0.25, "oversampling_enabled": true, "ratio_after_oversampling": 0.5, "undersampling_enabled": false, "ratio_after_undersampling": 0.5, "n_estimators": 200, "learning_rate": 0.2, "subsample": 1.0, "recall": 0.982444071434468, "precision": 0.547214345926891, "roc": 0.9951586259072457, "f1": 0.7029118185576753, "cm": [[1297975, 29542], [638, 35703]], "cm_normalized": [[0.9777464243395753, 0.02225357566042469], [0.017555928565532043, 0.982444071434468]]}