{"task_id": "TaskEvaluateRandomForest_False_second_large_dat_sqrt_b03b44ec61", "input_src_path": "second_large_dataset", "max_vocab_size": 100000, "problem_type": "CONDITION_COMPARISON_SIMPLE", "window_size": 20, "step_size": 3, "encode_type": false, "test_split_percentage": 0.25, "oversampling_enabled": true, "ratio_after_oversampling": 0.5, "undersampling_enabled": false, "ratio_after_undersampling": 0.5, "n_trees_in_forest": 100, "max_features": "sqrt", "recall": 0.8859414985828679, "precision": 0.9734240362811791, "roc": 0.999080630215516, "f1": 0.9276247550996889, "cm": [[1326638, 879], [4145, 32196]], "cm_normalized": [[0.9993378615867066, 0.000662138413293389], [0.11405850141713217, 0.8859414985828679]]}