{"task_id": "TaskEvaluateGradientBoostingClassifier_True_second_large_dat_0_01_1546a015f5", "input_src_path": "second_large_dataset", "max_vocab_size": 100000, "problem_type": "CONDITION_COMPARISON_SIMPLE", "window_size": 20, "step_size": 3, "encode_type": true, "test_split_percentage": 0.25, "oversampling_enabled": false, "ratio_after_oversampling": 0.5, "undersampling_enabled": true, "ratio_after_undersampling": 0.5, "n_estimators": 1000, "learning_rate": 0.01, "subsample": 1.0, "recall": 0.9136237307724058, "precision": 0.3292738560406212, "roc": 0.9795220177867611, "f1": 0.48408237652633496, "cm": [[1259885, 67632], [3139, 33202]], "cm_normalized": [[0.9490537597635285, 0.05094624023647155], [0.08637626922759417, 0.9136237307724058]]}