{"task_id": "TaskEvaluateGradientBoostingClassifier_True_second_large_dat_0_1_0cf2731ce1", "input_src_path": "second_large_dataset", "max_vocab_size": 100000, "problem_type": "CONDITION_COMPARISON", "window_size": 20, "step_size": 3, "encode_type": true, "test_split_percentage": 0.25, "oversampling_enabled": true, "ratio_after_oversampling": 0.5, "undersampling_enabled": false, "ratio_after_undersampling": 0.5, "n_estimators": 400, "learning_rate": 0.1, "subsample": 1.0, "recall": 0.9737832811720415, "precision": 0.668809254317193, "roc": 0.995427344676113, "f1": 0.7929845729552703, "cm": [[1265823, 31894], [1734, 64407]], "cm_normalized": [[0.9754229928405037, 0.024577007159496254], [0.026216718827958452, 0.9737832811720415]]}