{"task_id": "TaskEvaluateSVM_True_second_large_dat_100000_852002ef79", "input_src_path": "second_large_dataset", "max_vocab_size": 100000, "problem_type": "RETURN_NULL", "window_size": 20, "step_size": 3, "encode_type": true, "test_split_percentage": 0.25, "oversampling_enabled": false, "ratio_after_oversampling": 0.5, "undersampling_enabled": true, "ratio_after_undersampling": 0.5, "svm_kernel": "rbf", "svm_predict_probability": true, "svm_class_weight": null, "recall": 0.006421088205474822, "precision": 0.002145922746781116, "roc": 0.6294678304018069, "f1": 0.0032167950562939137, "cm": [[1352064, 8835], [2940, 19]], "cm_normalized": [[0.9935079678947519, 0.006492032105248075], [0.9935789117945252, 0.006421088205474822]]}