{"task_id": "TaskEvaluateSVM_True_second_large_dat_100000_3d2d8103f7", "input_src_path": "second_large_dataset", "max_vocab_size": 100000, "problem_type": "RETURN_NULL", "window_size": 20, "step_size": 3, "encode_type": true, "test_split_percentage": 0.25, "oversampling_enabled": false, "ratio_after_oversampling": 0.5, "undersampling_enabled": true, "ratio_after_undersampling": 0.3, "svm_kernel": "rbf", "svm_predict_probability": true, "svm_class_weight": "balanced", "recall": 0.5082798242649543, "precision": 0.0030534537119561796, "roc": 0.6227117527620858, "f1": 0.006070439703258825, "cm": [[869846, 491053], [1455, 1504]], "cm_normalized": [[0.6391701367992776, 0.36082986320072247], [0.4917201757350456, 0.5082798242649543]]}