{"task_id": "TaskEvaluateLstm_256_0_2_0_2_cdcdd28755", "input_src_path": "second_large_dataset", "max_vocab_size": 1000, "problem_type": "RETURN_NULL", "window_size": 20, "step_size": 3, "encode_type": false, "test_split_percentage": 0.25, "oversampling_enabled": false, "ratio_after_oversampling": 0.5, "undersampling_enabled": false, "ratio_after_undersampling": 0.5, "embedding_vecor_length": 32, "epochs": 2, "batch_size": 256, "num_lstm_cells": 10, "dropout_emb_lstm": 0.2, "dropout_lstm_dense": 0.2, "recall": 0.9864819195674214, "precision": 0.9959058341862845, "roc": 0.9999988915791691, "f1": 0.9911714770797962, "cm": [[1360887, 12], [40, 2919]], "cm_normalized": [[0.9999911822993477, 8.817700652289405e-06], [0.013518080432578574, 0.9864819195674214]]}