{"task_id": "TaskEvaluateRandomForest_True_second_large_dat_sqrt_334fe2788b", "input_src_path": "second_large_dataset", "max_vocab_size": 100000, "problem_type": "RETURN_NULL", "window_size": 20, "step_size": 3, "encode_type": true, "test_split_percentage": 0.25, "oversampling_enabled": true, "ratio_after_oversampling": 0.5, "undersampling_enabled": false, "ratio_after_undersampling": 0.5, "n_trees_in_forest": 100, "max_features": "sqrt", "recall": 0.705981750591416, "precision": 0.99428843407901, "roc": 0.9987700110937516, "f1": 0.8256916996047431, "cm": [[1360887, 12], [870, 2089]], "cm_normalized": [[0.9999911822993477, 8.817700652289405e-06], [0.29401824940858395, 0.705981750591416]]}