{"task_id": "TaskEvaluateRandomForest_False_second_large_dat_sqrt_11ffd93102", "input_src_path": "second_large_dataset", "max_vocab_size": 100000, "problem_type": "RETURN_NULL", "window_size": 20, "step_size": 3, "encode_type": false, "test_split_percentage": 0.25, "oversampling_enabled": false, "ratio_after_oversampling": 0.5, "undersampling_enabled": true, "ratio_after_undersampling": 0.5, "n_trees_in_forest": 100, "max_features": "sqrt", "recall": 0.9537005745184184, "precision": 0.17100957459701854, "roc": 0.9978887451383662, "f1": 0.29001592929448644, "cm": [[1347219, 13680], [137, 2822]], "cm_normalized": [[0.98994782125639, 0.010052178743609922], [0.04629942548158161, 0.9537005745184184]]}