{"task_id": "TaskEvaluateGradientBoostingClassifier_True_second_large_dat_0_1_c84fd87dfa", "input_src_path": "second_large_dataset", "max_vocab_size": 100000, "problem_type": "RETURN_NULL", "window_size": 20, "step_size": 3, "encode_type": true, "test_split_percentage": 0.25, "oversampling_enabled": false, "ratio_after_oversampling": 0.5, "undersampling_enabled": true, "ratio_after_undersampling": 0.5, "n_estimators": 100, "learning_rate": 0.1, "subsample": 1.0, "recall": 0.9712740790807706, "precision": 0.09138605361060766, "roc": 0.996624063293354, "f1": 0.16705417344803536, "cm": [[1332324, 28575], [85, 2874]], "cm_normalized": [[0.9790028503217358, 0.020997149678264146], [0.02872592091922947, 0.9712740790807706]]}