{"task_id": "TaskEvaluateRandomForest_True_second_large_dat_sqrt_e0ba78f15b", "input_src_path": "second_large_dataset", "max_vocab_size": 100000, "problem_type": "CONDITION_COMPARISON_SIMPLE", "window_size": 20, "step_size": 3, "encode_type": true, "test_split_percentage": 0.25, "oversampling_enabled": true, "ratio_after_oversampling": 0.5, "undersampling_enabled": false, "ratio_after_undersampling": 0.5, "n_trees_in_forest": 100, "max_features": "sqrt", "recall": 0.9013786081835943, "precision": 0.978872818551279, "roc": 0.9991499437435291, "f1": 0.9385287586849079, "cm": [[1326810, 707], [3584, 32757]], "cm_normalized": [[0.9994674267824819, 0.0005325732175181184], [0.09862139181640571, 0.9013786081835943]]}