{"task_id": "TaskEvaluateGradientBoostingClassifier_True_second_large_dat_0_2_c350e284c4", "input_src_path": "second_large_dataset", "max_vocab_size": 100000, "problem_type": "CONDITION_COMPARISON", "window_size": 20, "step_size": 3, "encode_type": true, "test_split_percentage": 0.25, "oversampling_enabled": true, "ratio_after_oversampling": 0.5, "undersampling_enabled": false, "ratio_after_undersampling": 0.5, "n_estimators": 300, "learning_rate": 0.2, "subsample": 1.0, "recall": 0.9831269560484419, "precision": 0.7232393112959915, "roc": 0.9969884347709674, "f1": 0.8333920755660083, "cm": [[1272834, 24883], [1116, 65025]], "cm_normalized": [[0.9808255574982835, 0.019174442501716477], [0.016873043951558035, 0.9831269560484419]]}