{"task_id": "TaskEvaluateGradientBoostingClassifier_True_second_large_dat_0_1_23dd927d8e", "input_src_path": "second_large_dataset", "max_vocab_size": 100000, "problem_type": "CONDITION_COMPARISON", "window_size": 20, "step_size": 3, "encode_type": true, "test_split_percentage": 0.25, "oversampling_enabled": true, "ratio_after_oversampling": 0.5, "undersampling_enabled": false, "ratio_after_undersampling": 0.5, "n_estimators": 200, "learning_rate": 0.1, "subsample": 1.0, "recall": 0.9396894513236873, "precision": 0.590069305990696, "roc": 0.9895177228504511, "f1": 0.7249272471729913, "cm": [[1254539, 43178], [3989, 62152]], "cm_normalized": [[0.966727722608242, 0.03327227739175799], [0.06031054867631273, 0.9396894513236873]]}