{"task_id": "TaskEvaluateLstm_256_0_2_0_2_08248931e9", "input_src_path": "second_large_dataset", "max_vocab_size": 100000, "problem_type": "CONDITION_COMPARISON_SIMPLE", "window_size": 20, "step_size": 3, "encode_type": false, "test_split_percentage": 0.25, "oversampling_enabled": false, "ratio_after_oversampling": 0.5, "undersampling_enabled": true, "ratio_after_undersampling": 0.5, "embedding_vecor_length": 32, "epochs": 3, "batch_size": 256, "num_lstm_cells": 100, "dropout_emb_lstm": 0.2, "dropout_lstm_dense": 0.2, "recall": 0.999119451858782, "precision": 0.9146995843305202, "roc": 0.9999095131152811, "f1": 0.9550476090273028, "cm": [[1324131, 3386], [32, 36309]], "cm_normalized": [[0.9974493735296799, 0.002550626470320154], [0.0008805481412179081, 0.999119451858782]]}