{"task_id": "TaskEvaluateGradientBoostingClassifier_True_second_large_dat_0_2_e7231c05c8", "input_src_path": "second_large_dataset", "max_vocab_size": 100000, "problem_type": "CONDITION_COMPARISON", "window_size": 20, "step_size": 3, "encode_type": true, "test_split_percentage": 0.25, "oversampling_enabled": true, "ratio_after_oversampling": 0.5, "undersampling_enabled": false, "ratio_after_undersampling": 0.5, "n_estimators": 200, "learning_rate": 0.2, "subsample": 1.0, "recall": 0.9729819627764926, "precision": 0.6723642556392548, "roc": 0.9953811790543657, "f1": 0.7952104983503652, "cm": [[1266358, 31359], [1787, 64354]], "cm_normalized": [[0.9758352552983431, 0.024164744701656832], [0.027018037223507357, 0.9729819627764926]]}