{"task_id": "TaskEvaluateGradientBoostingClassifier_True_second_large_dat_0_2_49d37920e1", "input_src_path": "second_large_dataset", "max_vocab_size": 100000, "problem_type": "RETURN_NULL", "window_size": 20, "step_size": 3, "encode_type": true, "test_split_percentage": 0.25, "oversampling_enabled": true, "ratio_after_oversampling": 0.5, "undersampling_enabled": false, "ratio_after_undersampling": 0.5, "n_estimators": 200, "learning_rate": 0.2, "subsample": 1.0, "recall": 0.9959445758702264, "precision": 0.2809610067689961, "roc": 0.999738934797688, "f1": 0.43828078524687686, "cm": [[1353357, 7542], [12, 2947]], "cm_normalized": [[0.9944580751400361, 0.005541924859963892], [0.004055424129773572, 0.9959445758702264]]}