{"task_id": "TaskEvaluateRandomForest_True_second_large_dat_sqrt_13b75e7592", "input_src_path": "second_large_dataset", "max_vocab_size": 100000, "problem_type": "RETURN_NULL", "window_size": 20, "step_size": 3, "encode_type": true, "test_split_percentage": 0.25, "oversampling_enabled": false, "ratio_after_oversampling": 0.5, "undersampling_enabled": true, "ratio_after_undersampling": 0.5, "n_trees_in_forest": 100, "max_features": "sqrt", "recall": 0.9699222710375127, "precision": 0.1217907914279652, "roc": 0.9978898957752924, "f1": 0.21640778163172975, "cm": [[1340204, 20695], [89, 2870]], "cm_normalized": [[0.9847931404167393, 0.015206859583260771], [0.030077728962487327, 0.9699222710375127]]}