{"task_id": "TaskEvaluateGradientBoostingClassifier_True_second_large_dat_0_2_604206b4a4", "input_src_path": "second_large_dataset", "max_vocab_size": 100000, "problem_type": "CONDITION_COMPARISON", "window_size": 20, "step_size": 3, "encode_type": true, "test_split_percentage": 0.25, "oversampling_enabled": true, "ratio_after_oversampling": 0.5, "undersampling_enabled": false, "ratio_after_undersampling": 0.5, "n_estimators": 400, "learning_rate": 0.2, "subsample": 1.0, "recall": 0.9876929589815697, "precision": 0.7568353491820752, "roc": 0.9977813476478578, "f1": 0.8569891838354422, "train_recall": 0.9881511910489372, "train_precision": 0.9682468851768768, "train_roc": 0.9978820641637711, "train_f1": 0.9780977853573807, "cm": [[1276728, 20989], [814, 65327]], "cm_normalized": [[0.9838262117241279, 0.016173788275872167], [0.012307041018430323, 0.9876929589815697]]}