{"task_id": "TaskEvaluateGradientBoostingClassifier_True_second_large_dat_0_1_d13485bf8b", "input_src_path": "second_large_dataset", "max_vocab_size": 100000, "problem_type": "CONDITION_COMPARISON", "window_size": 20, "step_size": 3, "encode_type": true, "test_split_percentage": 0.25, "oversampling_enabled": true, "ratio_after_oversampling": 0.5, "undersampling_enabled": false, "ratio_after_undersampling": 0.5, "n_estimators": 300, "learning_rate": 0.1, "subsample": 1.0, "recall": 0.9625950620643776, "precision": 0.6328161496486397, "roc": 0.9934418916146501, "f1": 0.7636221889055472, "train_recall": 0.9632461788978942, "train_precision": 0.9441207543063384, "train_roc": 0.9935975488934609, "train_f1": 0.9535875800006869, "cm": [[1260775, 36942], [2474, 63667]], "cm_normalized": [[0.9715330846401796, 0.02846691535982036], [0.037404937935622384, 0.9625950620643776]]}