{"task_id": "TaskEvaluateGradientBoostingClassifier_True_second_large_dat_0_1_23f35eda6a", "input_src_path": "second_large_dataset", "max_vocab_size": 100000, "problem_type": "CONDITION_COMPARISON_SIMPLE", "window_size": 20, "step_size": 3, "encode_type": true, "test_split_percentage": 0.25, "oversampling_enabled": true, "ratio_after_oversampling": 0.5, "undersampling_enabled": false, "ratio_after_undersampling": 0.5, "n_estimators": 400, "learning_rate": 0.1, "subsample": 1.0, "recall": 0.9806554580226191, "precision": 0.545273723186144, "roc": 0.9950628268750369, "f1": 0.7008525157572838, "train_recall": 0.981583197084655, "train_precision": 0.9559407664823446, "train_roc": 0.9950604118914257, "train_f1": 0.9685922976248627, "cm": [[1297797, 29720], [703, 35638]], "cm_normalized": [[0.9776123394276683, 0.022387660572331654], [0.01934454197738092, 0.9806554580226191]]}