{"task_id": "TaskEvaluateGradientBoostingClassifier_True_second_large_dat_0_1_32fdd42ce5", "input_src_path": "second_large_dataset", "max_vocab_size": 100000, "problem_type": "RETURN_NULL", "window_size": 20, "step_size": 3, "encode_type": true, "test_split_percentage": 0.25, "oversampling_enabled": true, "ratio_after_oversampling": 0.5, "undersampling_enabled": false, "ratio_after_undersampling": 0.5, "n_estimators": 300, "learning_rate": 0.1, "subsample": 1.0, "recall": 0.9952686718485975, "precision": 0.23210907944514503, "roc": 0.999584464242616, "f1": 0.3764299865788969, "train_recall": 0.9959067507262137, "train_precision": 0.9859937320981176, "train_roc": 0.999636625385922, "train_f1": 0.9909254500719414, "cm": [[1351156, 9743], [14, 2945]], "cm_normalized": [[0.9928407618787287, 0.007159238121271306], [0.004731328151402501, 0.9952686718485975]]}