{"task_id": "TaskEvaluateGradientBoostingClassifier_True_second_large_dat_0_1_05520d163a", "input_src_path": "second_large_dataset", "max_vocab_size": 100000, "problem_type": "RETURN_NULL", "window_size": 20, "step_size": 3, "encode_type": true, "test_split_percentage": 0.25, "oversampling_enabled": true, "ratio_after_oversampling": 0.5, "undersampling_enabled": false, "ratio_after_undersampling": 0.5, "n_estimators": 200, "learning_rate": 0.1, "subsample": 1.0, "recall": 0.9935789117945252, "precision": 0.15767456827201545, "roc": 0.9990199910944353, "f1": 0.27215922240222173, "train_recall": 0.9925840473006402, "train_precision": 0.9774625167210085, "train_roc": 0.999093745713104, "train_f1": 0.984965247675178, "cm": [[1345193, 15706], [19, 2940]], "cm_normalized": [[0.9884590994629285, 0.011540900537071451], [0.006421088205474822, 0.9935789117945252]]}