{"task_id": "TaskEvaluateRandomForest_True_second_large_dat_sqrt_c601ad534a", "input_src_path": "second_large_dataset", "max_vocab_size": 100000, "problem_type": "CONDITION_COMPARISON_SIMPLE", "window_size": 20, "step_size": 3, "encode_type": true, "test_split_percentage": 0.25, "oversampling_enabled": false, "ratio_after_oversampling": 0.5, "undersampling_enabled": true, "ratio_after_undersampling": 0.1, "n_trees_in_forest": 100, "max_features": "sqrt", "recall": 0.9228144519963677, "precision": 0.9307282415630551, "roc": 0.9989109667949388, "f1": 0.9267544526273611, "train_recall": 0.9999362952985931, "train_precision": 0.9999180954461068, "train_roc": 0.9999994933391851, "train_f1": 0.9999271952895353, "cm": [[1325021, 2496], [2805, 33536]], "cm_normalized": [[0.9981197980892147, 0.0018802019107853232], [0.07718554800363227, 0.9228144519963677]]}