{"task_id": "TaskEvaluateLstm_256_0_2_0_2_082adab389", "input_src_path": "second_large_dataset", "max_vocab_size": 100000, "problem_type": "CONDITION_COMPARISON_SIMPLE", "window_size": 20, "step_size": 3, "encode_type": false, "test_split_percentage": 0.25, "oversampling_enabled": false, "ratio_after_oversampling": 0.5, "undersampling_enabled": false, "ratio_after_undersampling": 0.5, "embedding_vecor_length": 32, "epochs": 2, "batch_size": 256, "num_lstm_cells": 10, "dropout_emb_lstm": 0.2, "dropout_lstm_dense": 0.2, "recall": 0.9795547728460967, "precision": 0.9837778084841785, "roc": 0.9999250447035647, "f1": 0.9816617488900532, "train_recall": 0.9877231939717152, "train_precision": 0.9912775829314628, "train_roc": 0.9999543688225768, "train_f1": 0.9894971965172996, "cm": [[1326930, 587], [743, 35598]], "cm_normalized": [[0.9995578211051158, 0.0004421788948842086], [0.020445227153903303, 0.9795547728460967]]}