{"task_id": "TaskEvaluateRandomForest_False_second_large_dat_sqrt_c9a783c7c8", "input_src_path": "second_large_dataset", "max_vocab_size": 100000, "problem_type": "CONDITION_COMPARISON_SIMPLE", "window_size": 20, "step_size": 3, "encode_type": false, "test_split_percentage": 0.25, "oversampling_enabled": true, "ratio_after_oversampling": 1.0, "undersampling_enabled": false, "ratio_after_undersampling": 0.5, "n_trees_in_forest": 100, "max_features": "sqrt", "recall": 0.8828320629591921, "precision": 0.9733329288271343, "roc": 0.9990937531582192, "f1": 0.9258762246944577, "train_recall": 1.0, "train_precision": 0.9999889495408408, "train_roc": 0.9999999985769714, "train_f1": 0.9999944747398921, "cm": [[1326638, 879], [4258, 32083]], "cm_normalized": [[0.9993378615867066, 0.000662138413293389], [0.1171679370408079, 0.8828320629591921]]}