{"task_id": "TaskEvaluateLstm_64_0_2_0_2_177ca6702e", "input_src_path": "second_large_dataset", "max_vocab_size": 100000, "problem_type": "RETURN_NULL", "window_size": 20, "step_size": 3, "encode_type": false, "test_split_percentage": 0.25, "oversampling_enabled": false, "ratio_after_oversampling": 0.5, "undersampling_enabled": true, "ratio_after_undersampling": 0.5, "embedding_vecor_length": 32, "epochs": 3, "batch_size": 64, "num_lstm_cells": 10, "dropout_emb_lstm": 0.2, "dropout_lstm_dense": 0.2, "recall": 1.0, "precision": 0.6600490742806157, "roc": 0.9998389709261977, "f1": 0.7952163396936307, "train_recall": 1.0, "train_precision": 0.9993149120803837, "train_roc": 0.9999757237520428, "train_f1": 0.9996573386636208, "cm": [[1359375, 1524], [0, 2959]], "cm_normalized": [[0.9988801520171593, 0.0011198479828407545], [0.0, 1.0]]}