{"task_id": "TaskEvaluateLstm_256_0_2_0_2_f89a65d0b2", "input_src_path": "second_large_dataset", "max_vocab_size": 100000, "problem_type": "RETURN_NULL", "window_size": 20, "step_size": 3, "encode_type": false, "test_split_percentage": 0.25, "oversampling_enabled": false, "ratio_after_oversampling": 0.5, "undersampling_enabled": true, "ratio_after_undersampling": 0.5, "embedding_vecor_length": 32, "epochs": 3, "batch_size": 256, "num_lstm_cells": 100, "dropout_emb_lstm": 0.2, "dropout_lstm_dense": 0.2, "recall": 1.0, "precision": 0.4767966484047696, "roc": 0.9998931840907549, "f1": 0.6457174031642117, "train_recall": 1.0, "train_precision": 0.9984029203741729, "train_roc": 0.9999855804700895, "train_f1": 0.9992008220116452, "cm": [[1357652, 3247], [0, 2959]], "cm_normalized": [[0.997614077165168, 0.002385922834831975], [0.0, 1.0]]}