{"task_id": "TaskEvaluateGradientBoostingClassifier_True_second_large_dat_0_01_3629cd9939", "input_src_path": "second_large_dataset", "max_vocab_size": 1000, "problem_type": "RETURN_NULL", "window_size": 20, "step_size": 3, "encode_type": true, "test_split_percentage": 0.25, "oversampling_enabled": false, "ratio_after_oversampling": 0.5, "undersampling_enabled": true, "ratio_after_undersampling": 0.5, "n_estimators": 1000, "learning_rate": 0.01, "subsample": 1.0, "recall": 0.9695843190266982, "precision": 0.0893407654221032, "roc": 0.9963685352285968, "f1": 0.16360629562043796, "train_recall": 0.9685786106032906, "train_precision": 0.9608932214917252, "train_roc": 0.99686491742603, "train_f1": 0.9647206099920336, "cm": [[1331655, 29244], [90, 2869]], "cm_normalized": [[0.9785112635103708, 0.021488736489629283], [0.03041568097330179, 0.9695843190266982]]}