{"task_id": "TaskEvaluateSVM_True_final_dataset_100000_d0925d9066", "input_src_path": "final_dataset", "max_vocab_size": 100000, "problem_type": "CONDITION_COMPARISON_SIMPLE", "window_size": 20, "step_size": 3, "encode_type": true, "test_split_percentage": 0.2, "train_dev_split_percentage": 0.1, "oversampling_enabled": false, "ratio_after_oversampling": 0.5, "undersampling_enabled": true, "ratio_after_undersampling": 0.3, "svm_kernel": "rbf", "svm_predict_probability": true, "svm_class_weight": "balanced", "svm_subsample": 0.3, "recall": 0.5010432605369314, "precision": 0.033582263493040214, "roc": 0.5830900954204551, "f1": 0.06294561722354258, "train_recall": 0.5151448639157156, "train_precision": 0.28571270473660915, "train_roc": 0.5958643797162494, "train_f1": 0.36756456618924227, "train_dev_recall": 0.5040767386091127, "train_dev_precision": 0.034284942027364575, "train_dev_roc": 0.5837932114197208, "train_dev_f1": 0.0642030901609659, "cm": [[642416, 414628], [14348, 14408]], "cm_normalized": [[0.6077476434282774, 0.39225235657172264], [0.49895673946306857, 0.5010432605369314]]}