{"task_id": "TaskEvaluateRandomForest_True_second_large_dat_sqrt_90258d76c4", "input_src_path": "second_large_dataset", "max_vocab_size": 100000, "problem_type": "CONDITION_COMPARISON", "window_size": 20, "step_size": 3, "encode_type": true, "test_split_percentage": 0.25, "oversampling_enabled": false, "ratio_after_oversampling": 0.5, "undersampling_enabled": true, "ratio_after_undersampling": 0.1, "n_trees_in_forest": 100, "max_features": "sqrt", "recall": 0.905945864887156, "precision": 0.9626342458332006, "roc": 0.9986139205840844, "f1": 0.9334301584481199, "cm": [[1294828, 2345], [6272, 60413]], "cm_normalized": [[0.9981922226256636, 0.0018077773743363453], [0.09405413511284397, 0.905945864887156]]}