{"task_id": "TaskEvaluateSVM_True_second_large_dat_1000_9f15cfd709", "input_src_path": "second_large_dataset", "max_vocab_size": 1000, "problem_type": "RETURN_NULL", "window_size": 20, "step_size": 3, "encode_type": true, "test_split_percentage": 0.25, "oversampling_enabled": false, "ratio_after_oversampling": 0.5, "undersampling_enabled": true, "ratio_after_undersampling": 0.3, "svm_kernel": "rbf", "svm_predict_probability": true, "svm_class_weight": "balanced", "recall": 0.9017827110662631, "precision": 0.014415528551457146, "roc": 0.9511040083763778, "f1": 0.028377427190888743, "cm": [[1177586, 183299], [292, 2681]], "cm_normalized": [[0.8653089717353046, 0.1346910282646954], [0.09821728893373696, 0.9017827110662631]]}