{"task_id": "TaskEvaluateRandomForest_True_second_large_dat_sqrt_13b75e7592", "input_src_path": "second_large_dataset", "max_vocab_size": 100000, "problem_type": "RETURN_NULL", "window_size": 20, "step_size": 3, "encode_type": true, "test_split_percentage": 0.25, "oversampling_enabled": false, "ratio_after_oversampling": 0.5, "undersampling_enabled": true, "ratio_after_undersampling": 0.5, "n_trees_in_forest": 100, "max_features": "sqrt", "recall": 0.9687184661957619, "precision": 0.12696173514371364, "roc": 0.9978075005184772, "f1": 0.22450013641501346, "cm": [[1341081, 19804], [93, 2880]], "cm_normalized": [[0.9854477049860936, 0.014552295013906391], [0.03128153380423814, 0.9687184661957619]]}