{"task_id": "TaskEvaluateGradientBoostingClassifier_True_second_large_dat_0_01_e45721d165", "input_src_path": "second_large_dataset", "max_vocab_size": 100000, "problem_type": "RETURN_NULL", "window_size": 20, "step_size": 3, "encode_type": true, "test_split_percentage": 0.25, "oversampling_enabled": false, "ratio_after_oversampling": 0.5, "undersampling_enabled": true, "ratio_after_undersampling": 0.5, "n_estimators": 1000, "learning_rate": 0.01, "subsample": 1.0, "recall": 0.9693911873528422, "precision": 0.09631387227216523, "roc": 0.9966579379405321, "f1": 0.17521887159533076, "cm": [[1333844, 27041], [91, 2882]], "cm_normalized": [[0.9801298419778306, 0.019870158022169397], [0.030608812647157754, 0.9693911873528422]]}