{"task_id": "TaskEvaluateRandomForest_True_second_large_dat_sqrt_4eff46411c", "input_src_path": "second_large_dataset", "max_vocab_size": 1000, "problem_type": "RETURN_NULL", "window_size": 20, "step_size": 3, "encode_type": true, "test_split_percentage": 0.25, "oversampling_enabled": true, "ratio_after_oversampling": 1.0, "undersampling_enabled": false, "ratio_after_undersampling": 0.5, "n_trees_in_forest": 100, "max_features": "sqrt", "recall": 0.7292297342751429, "precision": 0.9895025102692835, "roc": 0.9972615690971787, "f1": 0.8396591789310612, "cm": [[1360862, 23], [805, 2168]], "cm_normalized": [[0.9999830992332196, 1.690076678044067e-05], [0.2707702657248571, 0.7292297342751429]]}