{"task_id": "TaskEvaluateRandomForest_balanced_True_final_dataset_8889ba8979", "input_src_path": "final_dataset", "max_vocab_size": 100000, "problem_type": "CONDITION_COMPARISON_SIMPLE", "window_size": 20, "step_size": 3, "encode_type": true, "test_split_percentage": 0.2, "train_dev_split_percentage": 0.1, "oversampling_enabled": false, "ratio_after_oversampling": 0.5, "undersampling_enabled": true, "ratio_after_undersampling": 0.5, "n_trees_in_forest": 100, "max_features": "sqrt", "class_weight": "balanced", "recall": 0.966963416330505, "precision": 0.6864323096672262, "roc": 0.998096886923075, "f1": 0.802899052899053, "train_recall": 0.9999900231463006, "train_precision": 0.9999700700361155, "train_roc": 0.9999986921504612, "train_f1": 0.9999800464916744, "train_dev_recall": 0.9685508735868448, "train_dev_precision": 0.6904366513627039, "train_dev_roc": 0.9981896197149527, "train_dev_f1": 0.8061820981493627, "cm": [[1044342, 12702], [950, 27806]], "cm_normalized": [[0.987983470886737, 0.012016529113263024], [0.033036583669495065, 0.966963416330505]]}