{"task_id": "TaskEvaluateLstm_256_0_2_0_2_362ef35d62", "input_src_path": "second_large_dataset", "max_vocab_size": 100000, "problem_type": "CONDITION_COMPARISON", "window_size": 20, "step_size": 3, "encode_type": false, "test_split_percentage": 0.25, "oversampling_enabled": false, "ratio_after_oversampling": 0.5, "undersampling_enabled": true, "ratio_after_undersampling": 0.5, "embedding_vecor_length": 32, "epochs": 3, "batch_size": 256, "num_lstm_cells": 100, "dropout_emb_lstm": 0.2, "dropout_lstm_dense": 0.2, "recall": 0.9971813161527842, "precision": 0.9520148280359717, "roc": 0.9998934073164117, "f1": 0.9740747764643082, "cm": [[1290827, 3495], [196, 69340]], "cm_normalized": [[0.9972997445766973, 0.0027002554233027023], [0.0028186838472158307, 0.9971813161527842]]}