{"task_id": "TaskEvaluateGradientBoostingClassifier_True_second_large_dat_0_1_2e76081de1", "input_src_path": "second_large_dataset", "max_vocab_size": 1000, "problem_type": "RETURN_NULL", "window_size": 20, "step_size": 3, "encode_type": true, "test_split_percentage": 0.25, "oversampling_enabled": false, "ratio_after_oversampling": 0.5, "undersampling_enabled": true, "ratio_after_undersampling": 0.5, "n_estimators": 100, "learning_rate": 0.1, "subsample": 1.0, "recall": 0.9673730238816011, "precision": 0.09519711363410678, "roc": 0.9966238385754153, "f1": 0.17333654773384763, "cm": [[1333550, 27335], [97, 2876]], "cm_normalized": [[0.9799138060894198, 0.02008619391058025], [0.032626976118398925, 0.9673730238816011]]}