{"task_id": "TaskEvaluateGradientBoostingClassifier_True_second_large_dat_0_2_d58d3a6d76", "input_src_path": "second_large_dataset", "max_vocab_size": 100000, "problem_type": "CONDITION_COMPARISON_SIMPLE", "window_size": 20, "step_size": 3, "encode_type": true, "test_split_percentage": 0.2, "train_dev_split_percentage": 0.1, "oversampling_enabled": false, "ratio_after_oversampling": 0.5, "undersampling_enabled": true, "ratio_after_undersampling": 0.5, "n_estimators": 200, "learning_rate": 0.2, "subsample": 1.0, "recall": 0.981398222191715, "precision": 0.5440759556291265, "roc": 0.9950314283363209, "f1": 0.7000514113643597, "train_recall": 0.9819213114115022, "train_precision": 0.956509356042266, "train_roc": 0.9951702890664782, "train_f1": 0.9690487640665576, "train_dev_recall": 0.9812832377926652, "train_dev_precision": 0.5409480296973158, "train_dev_roc": 0.9949288129669832, "train_dev_f1": 0.6974278421362655, "cm": [[1037988, 23962], [542, 28595]], "cm_normalized": [[0.97743584914544, 0.022564150854560008], [0.018601777808284998, 0.981398222191715]]}