{"task_id": "TaskEvaluateLstm_256_0_2_0_2_bde8bd6e01", "input_src_path": "second_large_dataset", "max_vocab_size": 100000, "problem_type": "CONDITION_COMPARISON", "window_size": 20, "step_size": 3, "encode_type": false, "test_split_percentage": 0.25, "oversampling_enabled": false, "ratio_after_oversampling": 0.5, "undersampling_enabled": false, "ratio_after_undersampling": 0.5, "embedding_vecor_length": 32, "epochs": 2, "batch_size": 256, "num_lstm_cells": 10, "dropout_emb_lstm": 0.2, "dropout_lstm_dense": 0.2, "recall": 0.985575816843074, "precision": 0.973120722460455, "roc": 0.9999062177464632, "f1": 0.979308669496006, "cm": [[1292429, 1893], [1003, 68533]], "cm_normalized": [[0.99853745822137, 0.0014625417786300473], [0.014424183156925908, 0.985575816843074]]}