{"task_id": "TaskEvaluateSVM_True_final_dataset_100000_77412729ea", "input_src_path": "final_dataset", "max_vocab_size": 100000, "problem_type": "RETURN_NULL", "window_size": 20, "step_size": 3, "encode_type": true, "test_split_percentage": 0.2, "train_dev_split_percentage": 0.1, "oversampling_enabled": false, "ratio_after_oversampling": 0.5, "undersampling_enabled": true, "ratio_after_undersampling": 0.5, "svm_kernel": "rbf", "svm_predict_probability": true, "svm_class_weight": "balanced", "svm_subsample": 0.5, "recall": 0.7659841203510238, "precision": 0.0025981278738157467, "roc": 0.6047387602420431, "f1": 0.005178690240584488, "train_recall": 0.806905055487053, "train_precision": 0.3898254601775183, "train_roc": 0.6404545848467664, "train_f1": 0.5256858256014781, "train_dev_recall": 0.7747826086956522, "train_dev_precision": 0.002526742062456753, "train_dev_roc": 0.6042936040609137, "train_dev_f1": 0.005037057137526923, "cm": [[379732, 703675], [560, 1833]], "cm_normalized": [[0.3504980122890105, 0.6495019877109895], [0.2340158796489762, 0.7659841203510238]]}