{"task_id": "TaskEvaluateRandomForest_True_second_large_dat_sqrt_1ba8c36a7e", "input_src_path": "second_large_dataset", "max_vocab_size": 100000, "problem_type": "RETURN_NULL", "window_size": 20, "step_size": 3, "encode_type": true, "test_split_percentage": 0.25, "oversampling_enabled": false, "ratio_after_oversampling": 0.5, "undersampling_enabled": true, "ratio_after_undersampling": 0.1, "n_trees_in_forest": 100, "max_features": "sqrt", "recall": 0.9048099562731248, "precision": 0.5169100691775558, "roc": 0.9988603186327298, "f1": 0.6579430108841874, "cm": [[1358371, 2514], [283, 2690]], "cm_normalized": [[0.9981526727093032, 0.0018473272906968628], [0.09519004372687521, 0.9048099562731248]]}