{"task_id": "TaskEvaluateGradientBoostingClassifier_True_second_large_dat_0_2_2206b708a5", "input_src_path": "second_large_dataset", "max_vocab_size": 100000, "problem_type": "RETURN_NULL", "window_size": 20, "step_size": 3, "encode_type": true, "test_split_percentage": 0.25, "oversampling_enabled": false, "ratio_after_oversampling": 0.5, "undersampling_enabled": true, "ratio_after_undersampling": 0.5, "n_estimators": 100, "learning_rate": 0.2, "subsample": 1.0, "recall": 0.9902455432223344, "precision": 0.1413413990109943, "roc": 0.9987150689016435, "f1": 0.24737417023779515, "cm": [[1343000, 17885], [29, 2944]], "cm_normalized": [[0.98685781678834, 0.01314218321166006], [0.009754456777665657, 0.9902455432223344]]}