{"task_id": "TaskEvaluateRandomForest_balanced_True_final_dataset_ea3ce09dc0", "input_src_path": "final_dataset", "max_vocab_size": 100000, "problem_type": "CONDITION_COMPARISON", "window_size": 20, "step_size": 3, "encode_type": true, "test_split_percentage": 0.2, "train_dev_split_percentage": 0.1, "oversampling_enabled": false, "ratio_after_oversampling": 0.5, "undersampling_enabled": true, "ratio_after_undersampling": 0.5, "n_trees_in_forest": 100, "max_features": "sqrt", "class_weight": "balanced", "recall": 0.9571874704268004, "precision": 0.7830577232751146, "roc": 0.9973600753480069, "f1": 0.861410844922883, "train_recall": 1.0, "train_precision": 0.9999837336658896, "train_roc": 0.9999999957149138, "train_f1": 0.9999918667667957, "train_dev_recall": 0.9565250037543175, "train_dev_precision": 0.7852673755586377, "train_dev_roc": 0.9972473644668707, "train_dev_f1": 0.8624769384404463, "cm": [[1018954, 14011], [2262, 50573]], "cm_normalized": [[0.9864361328796232, 0.01356386712037678], [0.04281252957319959, 0.9571874704268004]]}