{"task_id": "TaskEvaluateSVM_True_final_dataset_100000_9dae627ed9", "input_src_path": "final_dataset", "max_vocab_size": 100000, "problem_type": "CONDITION_COMPARISON", "window_size": 20, "step_size": 3, "encode_type": true, "test_split_percentage": 0.2, "train_dev_split_percentage": 0.1, "oversampling_enabled": false, "ratio_after_oversampling": 0.5, "undersampling_enabled": true, "ratio_after_undersampling": 0.5, "svm_kernel": "rbf", "svm_predict_probability": true, "svm_class_weight": "balanced", "svm_subsample": 0.3, "recall": 0.5535156619664995, "precision": 0.06202032069457669, "roc": 0.5958765470212186, "f1": 0.11154252499170439, "train_recall": 0.5647003963627886, "train_precision": 0.4003752099984238, "train_roc": 0.606855261300724, "train_f1": 0.46854782835599307, "train_dev_recall": 0.5583796365820693, "train_dev_precision": 0.06308453828632991, "train_dev_roc": 0.5978586718268266, "train_dev_f1": 0.11336171250652632, "cm": [[590671, 442294], [23590, 29245]], "cm_normalized": [[0.571820923264583, 0.428179076735417], [0.4464843380335005, 0.5535156619664995]]}