{"task_id": "TaskEvaluateSVM_True_final_dataset_100000_83237e720e", "input_src_path": "final_dataset", "max_vocab_size": 100000, "problem_type": "RETURN_NULL", "window_size": 20, "step_size": 3, "encode_type": true, "test_split_percentage": 0.2, "train_dev_split_percentage": 0.1, "oversampling_enabled": false, "ratio_after_oversampling": 0.5, "undersampling_enabled": true, "ratio_after_undersampling": 0.5, "svm_kernel": "rbf", "svm_predict_probability": true, "svm_class_weight": null, "svm_subsample": 0.5, "recall": 0.013372335979941497, "precision": 0.004368600682593857, "roc": 0.585977924114166, "f1": 0.006585717225766619, "train_recall": 0.0187422934648582, "train_precision": 0.6551724137931034, "train_roc": 0.674433631433389, "train_f1": 0.0364421002157756, "train_dev_recall": 0.010434782608695653, "train_dev_precision": 0.0033660589060308557, "train_dev_roc": 0.5875077081117955, "train_dev_f1": 0.005090137857900318, "cm": [[1076114, 7293], [2361, 32]], "cm_normalized": [[0.9932684577448734, 0.006731542255126652], [0.9866276640200585, 0.013372335979941497]]}