{"task_id": "TaskEvaluateLstm_256_0_2_0_2_c63ffb9e2d", "input_src_path": "final_dataset", "max_vocab_size": 1000, "problem_type": "RETURN_NULL", "window_size": 20, "step_size": 3, "encode_type": false, "test_split_percentage": 0.2, "train_dev_split_percentage": 0.1, "oversampling_enabled": false, "ratio_after_oversampling": 0.5, "undersampling_enabled": false, "ratio_after_undersampling": 0.5, "embedding_vecor_length": 32, "epochs": 2, "batch_size": 256, "num_lstm_cells": 10, "dropout_emb_lstm": 0.2, "dropout_lstm_dense": 0.2, "recall": 0.9920601755119097, "precision": 0.9899916597164303, "roc": 0.9999989126715788, "f1": 0.9910248382383636, "train_recall": 0.9909987669543773, "train_precision": 0.9932031636183886, "train_roc": 0.9999994417752276, "train_f1": 0.9920997407727441, "train_dev_recall": 0.9930434782608696, "train_dev_precision": 0.9904596704249783, "train_dev_roc": 0.9999987223370318, "train_dev_f1": 0.9917498914459402, "cm": [[1083383, 24], [19, 2374]], "cm_normalized": [[0.9999778476602053, 2.2152339794740113e-05], [0.007939824488090262, 0.9920601755119097]]}