{"task_id": "TaskEvaluateRandomForest_False_final_dataset_sqrt_518c6aa2b1", "input_src_path": "final_dataset", "max_vocab_size": 100000, "problem_type": "RETURN_NULL", "window_size": 20, "step_size": 3, "encode_type": false, "test_split_percentage": 0.2, "train_dev_split_percentage": 0.1, "oversampling_enabled": true, "ratio_after_oversampling": 1.0, "undersampling_enabled": false, "ratio_after_undersampling": 0.5, "n_trees_in_forest": 100, "max_features": "sqrt", "recall": 0.6895110739657334, "precision": 0.9951749095295537, "roc": 0.9985187545547716, "f1": 0.8146136756356456, "train_recall": 1.0, "train_precision": 0.9999997362999936, "train_roc": 0.9999999999832762, "train_f1": 0.9999998681499793, "train_dev_recall": 0.7008695652173913, "train_dev_precision": 0.9975247524752475, "train_dev_roc": 0.9985076487229388, "train_dev_f1": 0.8232890704800818, "cm": [[1083399, 8], [743, 1650]], "cm_normalized": [[0.999992615886735, 7.384113264913371e-06], [0.3104889260342666, 0.6895110739657334]]}