{"task_id": "TaskEvaluateLstm_512_0_2_0_2_2a0c49e420", "input_src_path": "final_dataset", "max_vocab_size": 100000, "problem_type": "RETURN_NULL", "window_size": 20, "step_size": 3, "encode_type": false, "test_split_percentage": 0.2, "train_dev_split_percentage": 0.1, "oversampling_enabled": false, "ratio_after_oversampling": 0.5, "undersampling_enabled": false, "ratio_after_undersampling": 0.5, "embedding_vecor_length": 32, "epochs": 3, "batch_size": 512, "num_lstm_cells": 10, "dropout_emb_lstm": 0.2, "dropout_lstm_dense": 0.2, "recall": 0.9987463435018805, "precision": 0.9664375252729478, "roc": 0.9999980309288437, "f1": 0.9823263460748048, "train_recall": 0.9995067817509248, "train_precision": 0.9837378640776699, "train_roc": 0.9999996935909167, "train_f1": 0.991559633027523, "train_dev_recall": 0.9973913043478261, "train_dev_precision": 0.9770017035775128, "train_dev_roc": 0.999997967938043, "train_dev_f1": 0.9870912220309811, "cm": [[1083324, 83], [3, 2390]], "cm_normalized": [[0.9999233898248765, 7.661017512347621e-05], [0.0012536564981195152, 0.9987463435018805]]}