{"task_id": "TaskEvaluateGradientBoostingClassifier_True_final_dataset_0_2_7da7402903", "input_src_path": "final_dataset", "max_vocab_size": 100000, "problem_type": "CONDITION_COMPARISON_SIMPLE", "window_size": 20, "step_size": 3, "encode_type": true, "test_split_percentage": 0.2, "train_dev_split_percentage": 0.1, "oversampling_enabled": false, "ratio_after_oversampling": 0.5, "undersampling_enabled": true, "ratio_after_undersampling": 0.5, "n_estimators": 100, "learning_rate": 0.2, "subsample": 1.0, "recall": 0.9590694116010572, "precision": 0.416242812080233, "roc": 0.9894894507185447, "f1": 0.5805310852199171, "train_recall": 0.9595937425173597, "train_precision": 0.9302474031375129, "train_roc": 0.9899117704340727, "train_f1": 0.9446927209688349, "train_dev_recall": 0.9594381637547105, "train_dev_precision": 0.4224005309040451, "train_dev_roc": 0.9896419803074049, "train_dev_f1": 0.5865622251078624, "cm": [[1018366, 38678], [1177, 27579]], "cm_normalized": [[0.9634092809760048, 0.036590719023995216], [0.04093058839894283, 0.9590694116010572]]}