{"task_id": "TaskEvaluateRandomForest_None_True_final_dataset_10a713af08", "input_src_path": "final_dataset", "max_vocab_size": 100000, "problem_type": "CONDITION_COMPARISON_SIMPLE", "window_size": 20, "step_size": 3, "encode_type": true, "test_split_percentage": 0.2, "train_dev_split_percentage": 0.1, "oversampling_enabled": false, "ratio_after_oversampling": 0.5, "undersampling_enabled": false, "ratio_after_undersampling": 0.5, "n_trees_in_forest": 100, "max_features": "sqrt", "class_weight": null, "recall": 0.8688969258589512, "precision": 0.9853300733496333, "roc": 0.9989235069447367, "f1": 0.9234578852053074, "train_recall": 0.9998403703408093, "train_precision": 0.9998603212610995, "train_roc": 0.9999997726301504, "train_f1": 0.9998503457014296, "train_dev_recall": 0.8674888660500172, "train_dev_precision": 0.985445205479452, "train_dev_roc": 0.9990157432358502, "train_dev_f1": 0.9227125314287795, "cm": [[1056672, 372], [3770, 24986]], "cm_normalized": [[0.9996480751983834, 0.0003519248016165836], [0.13110307414104883, 0.8688969258589512]]}