{"task_id": "TaskEvaluateGradientBoostingClassifier_True_final_dataset_0_01_5a5396b826", "input_src_path": "final_dataset", "max_vocab_size": 1000, "problem_type": "RETURN_NULL", "window_size": 20, "step_size": 3, "encode_type": true, "test_split_percentage": 0.2, "train_dev_split_percentage": 0.1, "oversampling_enabled": false, "ratio_after_oversampling": 0.5, "undersampling_enabled": true, "ratio_after_undersampling": 0.5, "n_estimators": 1000, "learning_rate": 0.01, "subsample": 1.0, "recall": 0.973255328040117, "precision": 0.09045011456755603, "roc": 0.9962779172502656, "f1": 0.16551773150451285, "train_recall": 0.9742293464858199, "train_precision": 0.9628320740921277, "train_roc": 0.9971601864620409, "train_f1": 0.9684971806815396, "train_dev_recall": 0.971304347826087, "train_dev_precision": 0.08689225982108129, "train_dev_roc": 0.9969327132280652, "train_dev_f1": 0.15951445912174222, "cm": [[1059987, 23420], [64, 2329]], "cm_normalized": [[0.9783830084169661, 0.02161699158303389], [0.026744671959882994, 0.973255328040117]]}