{"task_id": "TaskEvaluateGradientBoostingClassifier_True_second_large_dat_0_2_94bc7968fb", "input_src_path": "second_large_dataset", "max_vocab_size": 100000, "problem_type": "CONDITION_COMPARISON_SIMPLE", "window_size": 20, "step_size": 3, "encode_type": true, "test_split_percentage": 0.2, "train_dev_split_percentage": 0.1, "oversampling_enabled": false, "ratio_after_oversampling": 0.5, "undersampling_enabled": true, "ratio_after_undersampling": 0.5, "n_estimators": 400, "learning_rate": 0.2, "subsample": 1, "recall": 0.9915914473006829, "precision": 0.6677915173928117, "roc": 0.9977419886848012, "f1": 0.7980995000138117, "train_recall": 0.9921058017484187, "train_precision": 0.9742738192084989, "train_roc": 0.9979090354072857, "train_f1": 0.9831089564058486, "train_dev_recall": 0.9901926928655294, "train_dev_precision": 0.6632893823733519, "train_dev_roc": 0.9976543674844162, "train_dev_f1": 0.7944256663157312, "cm": [[1047577, 14373], [245, 28892]], "cm_normalized": [[0.9864654644757286, 0.013534535524271387], [0.008408552699317019, 0.9915914473006829]]}