{"task_id": "TaskEvaluateRandomForest_balanced_True_final_dataset_6de7a2f4d6", "input_src_path": "final_dataset", "max_vocab_size": 100000, "problem_type": "CONDITION_COMPARISON_SIMPLE", "window_size": 20, "step_size": 3, "encode_type": true, "test_split_percentage": 0.2, "train_dev_split_percentage": 0.1, "oversampling_enabled": true, "ratio_after_oversampling": 0.5, "undersampling_enabled": false, "ratio_after_undersampling": 0.5, "n_trees_in_forest": 100, "max_features": "sqrt", "class_weight": "balanced", "recall": 0.8976561413270274, "precision": 0.9780985942177257, "roc": 0.9990377132283991, "f1": 0.9361524652292962, "train_recall": 1.0, "train_precision": 0.9999794602366398, "train_roc": 0.9999999986826611, "train_f1": 0.9999897300128484, "train_dev_recall": 0.8948955121616992, "train_dev_precision": 0.9798934653762473, "train_dev_roc": 0.9990912198698223, "train_dev_f1": 0.9354676980375305, "cm": [[1056466, 578], [2943, 25813]], "cm_normalized": [[0.9994531921093162, 0.0005468078906838316], [0.10234385867297259, 0.8976561413270274]]}