{"task_id": "TaskEvaluateLstm_64_0_2_0_2_79cccdcfdb", "input_src_path": "final_dataset", "max_vocab_size": 100000, "problem_type": "RETURN_NULL", "window_size": 20, "step_size": 3, "encode_type": false, "test_split_percentage": 0.2, "train_dev_split_percentage": 0.1, "oversampling_enabled": false, "ratio_after_oversampling": 0.5, "undersampling_enabled": true, "ratio_after_undersampling": 0.5, "embedding_vecor_length": 32, "epochs": 3, "batch_size": 64, "num_lstm_cells": 10, "dropout_emb_lstm": 0.2, "dropout_lstm_dense": 0.2, "recall": 1.0, "precision": 0.6767533936651584, "roc": 0.9998191470821446, "f1": 0.8072187552707033, "train_recall": 1.0, "train_precision": 0.9990145355999015, "train_roc": 0.999959359667701, "train_f1": 0.9995070248952428, "train_dev_recall": 1.0, "train_dev_precision": 0.6816834617664493, "train_dev_roc": 0.9998359856343171, "train_dev_f1": 0.810715544589355, "cm": [[1082264, 1143], [0, 2393]], "cm_normalized": [[0.9989449948172755, 0.0010550051827244978], [0.0, 1.0]]}