{"task_id": "TaskEvaluateRandomForest_True_final_dataset_sqrt_93a9716d8f", "input_src_path": "final_dataset", "max_vocab_size": 100000, "problem_type": "CONDITION_COMPARISON_SIMPLE", "window_size": 20, "step_size": 3, "encode_type": true, "test_split_percentage": 0.2, "train_dev_split_percentage": 0.1, "oversampling_enabled": false, "ratio_after_oversampling": 0.5, "undersampling_enabled": true, "ratio_after_undersampling": 0.1, "n_trees_in_forest": 100, "max_features": "sqrt", "recall": 0.9241201836138545, "precision": 0.9297785241943949, "roc": 0.9988689346160332, "f1": 0.9269407189075117, "train_recall": 0.9999700694389018, "train_precision": 0.999900238430152, "train_roc": 0.9999997184777784, "train_f1": 0.9999351527153553, "train_dev_recall": 0.9232613908872902, "train_dev_precision": 0.9288619287240643, "train_dev_roc": 0.998936330338185, "train_dev_f1": 0.926053192220466, "cm": [[1055037, 2007], [2182, 26574]], "cm_normalized": [[0.9981013089332138, 0.0018986910667862455], [0.0758798163861455, 0.9241201836138545]]}