{"task_id": "TaskEvaluateSVM_True_final_dataset_100000_8540324042", "input_src_path": "final_dataset", "max_vocab_size": 100000, "problem_type": "RETURN_NULL", "window_size": 20, "step_size": 3, "encode_type": true, "test_split_percentage": 0.2, "train_dev_split_percentage": 0.1, "oversampling_enabled": false, "ratio_after_oversampling": 0.5, "undersampling_enabled": true, "ratio_after_undersampling": 0.3, "svm_kernel": "rbf", "svm_predict_probability": true, "svm_class_weight": "balanced", "svm_subsample": 0.5, "recall": 0.7877141663184287, "precision": 0.002594156885250188, "roc": 0.6096579894619949, "f1": 0.005171283328715299, "train_recall": 0.835265104808878, "train_precision": 0.27532108600227606, "train_roc": 0.6462618118978936, "train_f1": 0.4141346212630678, "train_dev_recall": 0.7939130434782609, "train_dev_precision": 0.002513884185107783, "train_dev_roc": 0.6135311811560763, "train_dev_f1": 0.005011898455533811, "cm": [[358659, 724748], [508, 1885]], "cm_normalized": [[0.33104733493507055, 0.6689526650649295], [0.21228583368157125, 0.7877141663184287]]}