{"task_id": "TaskEvaluateLstm_256_0_2_0_2_4928b6d6be", "input_src_path": "final_dataset", "max_vocab_size": 100000, "problem_type": "RETURN_NULL", "window_size": 20, "step_size": 3, "encode_type": false, "test_split_percentage": 0.2, "train_dev_split_percentage": 0.1, "oversampling_enabled": false, "ratio_after_oversampling": 0.5, "undersampling_enabled": false, "ratio_after_undersampling": 0.5, "embedding_vecor_length": 32, "epochs": 2, "batch_size": 256, "num_lstm_cells": 10, "dropout_emb_lstm": 0.2, "dropout_lstm_dense": 0.2, "recall": 0.9866276640200585, "precision": 0.9953625632377741, "roc": 0.999999344285805, "f1": 0.9909758656873032, "train_recall": 0.9865598027127004, "train_precision": 0.9977553310886644, "train_roc": 0.9999996838362899, "train_f1": 0.9921259842519685, "train_dev_recall": 0.9886956521739131, "train_dev_precision": 0.994750656167979, "train_dev_roc": 0.9999993403021609, "train_dev_f1": 0.9917139119058002, "cm": [[1083396, 11], [32, 2361]], "cm_normalized": [[0.9999898468442607, 1.0153155739255884e-05], [0.013372335979941497, 0.9866276640200585]]}