{"task_id": "TaskEvaluateSVM_True_final_dataset_100000_404145911f", "input_src_path": "final_dataset", "max_vocab_size": 100000, "problem_type": "CONDITION_COMPARISON", "window_size": 20, "step_size": 3, "encode_type": true, "test_split_percentage": 0.2, "train_dev_split_percentage": 0.1, "oversampling_enabled": false, "ratio_after_oversampling": 0.5, "undersampling_enabled": true, "ratio_after_undersampling": 0.3, "svm_kernel": "rbf", "svm_predict_probability": true, "svm_class_weight": "balanced", "svm_subsample": 0.3, "recall": 0.549673511876597, "precision": 0.06258835902210269, "roc": 0.5993956835882333, "f1": 0.11238055068095061, "train_recall": 0.562217028959968, "train_precision": 0.2877672284836492, "train_roc": 0.6109885134843502, "train_f1": 0.3806838416436284, "train_dev_recall": 0.5549256645141913, "train_dev_precision": 0.06372136935631975, "train_dev_roc": 0.6019655679187381, "train_dev_f1": 0.1143159873008016, "cm": [[597991, 434974], [23793, 29042]], "cm_normalized": [[0.5789073201899386, 0.4210926798100613], [0.45032648812340303, 0.549673511876597]]}