{"task_id": "TaskEvaluateRandomForest_True_final_dataset_sqrt_00bc965065", "input_src_path": "final_dataset", "max_vocab_size": 100000, "problem_type": "CONDITION_COMPARISON", "window_size": 20, "step_size": 3, "encode_type": true, "test_split_percentage": 0.2, "train_dev_split_percentage": 0.1, "oversampling_enabled": true, "ratio_after_oversampling": 1.0, "undersampling_enabled": false, "ratio_after_undersampling": 0.5, "n_trees_in_forest": 100, "max_features": "sqrt", "recall": 0.8973218510457084, "precision": 0.9749527021469112, "roc": 0.9987842446322512, "f1": 0.9345278574455712, "train_recall": 1.0, "train_precision": 0.9999820240131528, "train_roc": 0.9999999979182403, "train_f1": 0.9999910119257917, "train_dev_recall": 0.8961931220904039, "train_dev_precision": 0.9725798565840938, "train_dev_roc": 0.9986548439504999, "train_dev_f1": 0.9328253223915591, "cm": [[1031747, 1218], [5425, 47410]], "cm_normalized": [[0.9988208700197974, 0.0011791299802026206], [0.10267814895429166, 0.8973218510457084]]}