{"task_id": "TaskEvaluateRandomForest_True_final_dataset_sqrt_0c8474f701", "input_src_path": "final_dataset", "max_vocab_size": 100000, "problem_type": "CONDITION_COMPARISON_SIMPLE", "window_size": 20, "step_size": 3, "encode_type": true, "test_split_percentage": 0.2, "train_dev_split_percentage": 0.1, "oversampling_enabled": true, "ratio_after_oversampling": 0.5, "undersampling_enabled": false, "ratio_after_undersampling": 0.5, "n_trees_in_forest": 100, "max_features": "sqrt", "recall": 0.9004033940742802, "precision": 0.9778684190648841, "roc": 0.9991282097960013, "f1": 0.9375384726798711, "train_recall": 1.0, "train_precision": 0.9999794602366398, "train_roc": 0.9999999986963932, "train_f1": 0.9999897300128484, "train_dev_recall": 0.8985954093867763, "train_dev_precision": 0.9780744276232382, "train_dev_roc": 0.9990116029027387, "train_dev_f1": 0.9366519068704472, "cm": [[1056458, 586], [2864, 25892]], "cm_normalized": [[0.9994456238340126, 0.000554376165987414], [0.09959660592571985, 0.9004033940742802]]}