{"task_id": "TaskEvaluateRandomForest_True_final_dataset_sqrt_c94d6bd921", "input_src_path": "final_dataset", "max_vocab_size": 100000, "problem_type": "CONDITION_COMPARISON_SIMPLE", "window_size": 20, "step_size": 3, "encode_type": true, "test_split_percentage": 0.2, "train_dev_split_percentage": 0.1, "oversampling_enabled": false, "ratio_after_oversampling": 0.5, "undersampling_enabled": true, "ratio_after_undersampling": 0.5, "n_trees_in_forest": 100, "max_features": "sqrt", "recall": 0.9691542634580609, "precision": 0.6841032942216113, "roc": 0.9981831040140652, "f1": 0.8020548536564308, "train_recall": 0.9999900231463006, "train_precision": 0.9999700700361155, "train_roc": 0.999999371146266, "train_f1": 0.9999800464916744, "train_dev_recall": 0.9701952723535457, "train_dev_precision": 0.6891852428696583, "train_dev_roc": 0.9982138648737972, "train_dev_f1": 0.8058962465496143, "cm": [[1044175, 12869], [887, 27869]], "cm_normalized": [[0.9878254831397747, 0.012174516860225307], [0.030845736541939072, 0.9691542634580609]]}