{"task_id": "TaskEvaluateRandomForest_True_final_dataset_sqrt_d3fcc3b85c", "input_src_path": "final_dataset", "max_vocab_size": 100000, "problem_type": "CONDITION_COMPARISON", "window_size": 20, "step_size": 3, "encode_type": true, "test_split_percentage": 0.2, "train_dev_split_percentage": 0.1, "oversampling_enabled": false, "ratio_after_oversampling": 0.5, "undersampling_enabled": true, "ratio_after_undersampling": 0.1, "n_trees_in_forest": 100, "max_features": "sqrt", "recall": 0.9022996119996215, "precision": 0.9610716877671156, "roc": 0.9984398965677587, "f1": 0.930758793037808, "train_recall": 0.9999403558047357, "train_precision": 0.9999078256060466, "train_roc": 0.999999641150861, "train_f1": 0.9999240904408175, "train_dev_recall": 0.9015993392401261, "train_dev_precision": 0.9599472358796018, "train_dev_roc": 0.9983698396419795, "train_dev_f1": 0.9298588658935589, "cm": [[1031034, 1931], [5162, 47673]], "cm_normalized": [[0.9981306239804834, 0.0018693760195166343], [0.09770038800037854, 0.9022996119996215]]}