{"task_id": "TaskEvaluateGradientBoostingClassifier_True_final_dataset_0_2_6839842fc5", "input_src_path": "final_dataset", "max_vocab_size": 100000, "problem_type": "CONDITION_COMPARISON", "window_size": 20, "step_size": 3, "encode_type": true, "test_split_percentage": 0.2, "train_dev_split_percentage": 0.1, "oversampling_enabled": false, "ratio_after_oversampling": 0.5, "undersampling_enabled": false, "ratio_after_undersampling": 0.5, "n_estimators": 200, "learning_rate": 0.2, "subsample": 1.0, "recall": 0.8086874231096811, "precision": 0.9332299493272759, "roc": 0.9961047098852678, "f1": 0.8665064541315568, "train_recall": 0.807739647665472, "train_precision": 0.9325016275226601, "train_roc": 0.9960018639705467, "train_f1": 0.8656483980719335, "train_dev_recall": 0.8064273915002252, "train_dev_precision": 0.9328990228013029, "train_dev_roc": 0.9958968092553101, "train_dev_f1": 0.8650651416604579, "cm": [[1029908, 3057], [10108, 42727]], "cm_normalized": [[0.9970405580053535, 0.0029594419946464786], [0.19131257689031891, 0.8086874231096811]]}