{"task_id": "TaskEvaluateRandomForest_balanced_True_final_dataset_fcef91d647", "input_src_path": "final_dataset", "max_vocab_size": 100000, "problem_type": "CONDITION_COMPARISON", "window_size": 20, "step_size": 3, "encode_type": true, "test_split_percentage": 0.2, "train_dev_split_percentage": 0.1, "oversampling_enabled": true, "ratio_after_oversampling": 0.5, "undersampling_enabled": false, "ratio_after_undersampling": 0.5, "n_trees_in_forest": 100, "max_features": "sqrt", "class_weight": "balanced", "recall": 0.8958455569224946, "precision": 0.9749124613800206, "roc": 0.9987192364671447, "f1": 0.933708142230113, "train_recall": 1.0, "train_precision": 0.9999640486725664, "train_roc": 0.9999999905044286, "train_f1": 0.999982024013153, "train_dev_recall": 0.895442258597387, "train_dev_precision": 0.9737884293471604, "train_dev_roc": 0.9986817455872565, "train_dev_f1": 0.9329734592892487, "cm": [[1031747, 1218], [5503, 47332]], "cm_normalized": [[0.9988208700197974, 0.0011791299802026206], [0.10415444307750545, 0.8958455569224946]]}