{"task_id": "TaskEvaluateLstm_256_0_2_0_2_de95f6b79b", "input_src_path": "final_dataset", "max_vocab_size": 1000, "problem_type": "RETURN_NULL", "window_size": 20, "step_size": 3, "encode_type": false, "test_split_percentage": 0.2, "train_dev_split_percentage": 0.1, "oversampling_enabled": false, "ratio_after_oversampling": 0.5, "undersampling_enabled": true, "ratio_after_undersampling": 0.5, "embedding_vecor_length": 32, "epochs": 3, "batch_size": 256, "num_lstm_cells": 100, "dropout_emb_lstm": 0.2, "dropout_lstm_dense": 0.2, "recall": 1.0, "precision": 0.787948633519921, "roc": 0.9999224108821547, "f1": 0.8813996316758747, "train_recall": 1.0, "train_precision": 0.9991376124183812, "train_roc": 0.9999570942694547, "train_f1": 0.9995686202008998, "train_dev_recall": 1.0, "train_dev_precision": 0.777027027027027, "train_dev_roc": 0.9999223450572822, "train_dev_f1": 0.8745247148288973, "cm": [[1082763, 644], [0, 2393]], "cm_normalized": [[0.9994055788821745, 0.0005944211178255263], [0.0, 1.0]]}