{"task_id": "TaskEvaluateRandomForest_None_True_final_dataset_678788a789", "input_src_path": "final_dataset", "max_vocab_size": 100000, "problem_type": "CONDITION_COMPARISON", "window_size": 20, "step_size": 3, "encode_type": true, "test_split_percentage": 0.2, "train_dev_split_percentage": 0.1, "oversampling_enabled": false, "ratio_after_oversampling": 0.5, "undersampling_enabled": false, "ratio_after_undersampling": 0.5, "n_trees_in_forest": 100, "max_features": "sqrt", "class_weight": null, "recall": 0.873000851708148, "precision": 0.9844620408511728, "roc": 0.9987046766382082, "f1": 0.9253872080892385, "train_recall": 0.9998427562124852, "train_precision": 0.9998481775888433, "train_roc": 0.9999997415560213, "train_f1": 0.9998454668933152, "train_dev_recall": 0.8710767382489863, "train_dev_precision": 0.9838442946190052, "train_dev_roc": 0.9985910944961887, "train_dev_f1": 0.9240327366136324, "cm": [[1032237, 728], [6710, 46125]], "cm_normalized": [[0.9992952326555111, 0.0007047673444889227], [0.126999148291852, 0.873000851708148]]}