{"task_id": "TaskEvaluateLstm_256_0_2_0_2_7c4c8888a2", "input_src_path": "final_dataset", "max_vocab_size": 100000, "problem_type": "CONDITION_COMPARISON", "window_size": 20, "step_size": 3, "encode_type": false, "test_split_percentage": 0.2, "train_dev_split_percentage": 0.1, "oversampling_enabled": false, "ratio_after_oversampling": 0.5, "undersampling_enabled": false, "ratio_after_undersampling": 0.5, "embedding_vecor_length": 32, "epochs": 2, "batch_size": 256, "num_lstm_cells": 10, "dropout_emb_lstm": 0.2, "dropout_lstm_dense": 0.2, "recall": 0.9906690640673795, "precision": 0.9697811868897411, "roc": 0.9999342180798745, "f1": 0.9801138491498764, "train_recall": 0.9946645556236343, "train_precision": 0.9782113699747772, "train_roc": 0.9999668347719678, "train_f1": 0.9863693555151686, "train_dev_recall": 0.9898633428442709, "train_dev_precision": 0.9687683715461494, "train_dev_roc": 0.9999193195239469, "train_dev_f1": 0.9792022580405556, "cm": [[1031334, 1631], [493, 52342]], "cm_normalized": [[0.9984210500839815, 0.0015789499160184517], [0.009330935932620422, 0.9906690640673795]]}