{"task_id": "TaskEvaluateRandomForest_True_final_dataset_sqrt_ca4cd5f899", "input_src_path": "final_dataset", "max_vocab_size": 100000, "problem_type": "CONDITION_COMPARISON_SIMPLE", "window_size": 20, "step_size": 3, "encode_type": true, "test_split_percentage": 0.2, "train_dev_split_percentage": 0.1, "oversampling_enabled": true, "ratio_after_oversampling": 1.0, "undersampling_enabled": false, "ratio_after_undersampling": 0.5, "n_trees_in_forest": 100, "max_features": "sqrt", "recall": 0.8968910835999444, "precision": 0.9780803215897456, "roc": 0.9990280210966267, "f1": 0.9357278911564627, "train_recall": 1.0, "train_precision": 0.9999897300156239, "train_roc": 0.9999999986606022, "train_f1": 0.9999948649814437, "train_dev_recall": 0.8943473792394656, "train_dev_precision": 0.979072907290729, "train_dev_roc": 0.9989005740300252, "train_dev_f1": 0.9347942851004405, "cm": [[1056466, 578], [2965, 25791]], "cm_normalized": [[0.9994531921093162, 0.0005468078906838316], [0.10310891640005564, 0.8968910835999444]]}