{"task_id": "TaskEvaluateRandomForest_balanced_True_second_large_dat_f720292c48", "input_src_path": "second_large_dataset", "max_vocab_size": 100000, "problem_type": "CONDITION_COMPARISON_SIMPLE", "window_size": 20, "step_size": 3, "encode_type": true, "test_split_percentage": 0.2, "train_dev_split_percentage": 0.1, "oversampling_enabled": false, "ratio_after_oversampling": 0.5, "undersampling_enabled": true, "ratio_after_undersampling": 0.5, "n_trees_in_forest": 100, "max_features": "sqrt", "class_weight": "balanced", "recall": 0.9662628273329443, "precision": 0.6889851454861367, "roc": 0.9981119622888178, "f1": 0.8044, "train_recall": 1.0, "train_precision": 1.0, "train_roc": 1.0, "train_f1": 1.0, "train_dev_recall": 0.9651909662269493, "train_dev_precision": 0.6904644268774703, "train_dev_roc": 0.9980143106213021, "train_dev_f1": 0.8050347072208301, "cm": [[1049241, 12709], [983, 28154]], "cm_normalized": [[0.9880323932388531, 0.011967606761146946], [0.033737172667055636, 0.9662628273329443]]}