{"task_id": "TaskEvaluateLstm_256_0_2_0_2_b1ca02242e", "input_src_path": "final_dataset", "max_vocab_size": 100000, "problem_type": "CONDITION_COMPARISON", "window_size": 20, "step_size": 3, "encode_type": false, "test_split_percentage": 0.2, "train_dev_split_percentage": 0.1, "oversampling_enabled": false, "ratio_after_oversampling": 0.5, "undersampling_enabled": false, "ratio_after_undersampling": 0.5, "embedding_vecor_length": 32, "epochs": 3, "batch_size": 256, "num_lstm_cells": 10, "dropout_emb_lstm": 0.2, "dropout_lstm_dense": 0.2, "recall": 0.9831929592126432, "precision": 0.9791160116859863, "roc": 0.9999368019386472, "f1": 0.9811502502597035, "train_recall": 0.9924522981992875, "train_precision": 0.9908405376582741, "train_roc": 0.9999823149420257, "train_f1": 0.9916457630148936, "train_dev_recall": 0.9811157831506232, "train_dev_precision": 0.9786540838108078, "train_dev_roc": 0.9999339723094627, "train_dev_f1": 0.9798833873900898, "cm": [[1031857, 1108], [888, 51947]], "cm_normalized": [[0.99892735959108, 0.0010726404089199538], [0.016807040787356866, 0.9831929592126432]]}