{"task_id": "TaskEvaluateRandomForest_balanced_True_final_dataset_3f38888f1c", "input_src_path": "final_dataset", "max_vocab_size": 100000, "problem_type": "RETURN_NULL", "window_size": 20, "step_size": 3, "encode_type": true, "test_split_percentage": 0.2, "train_dev_split_percentage": 0.1, "oversampling_enabled": false, "ratio_after_oversampling": 0.5, "undersampling_enabled": false, "ratio_after_undersampling": 0.5, "n_trees_in_forest": 100, "max_features": "sqrt", "class_weight": "balanced", "recall": 0.60342666109486, "precision": 0.9965493443754313, "roc": 0.9974946227106362, "f1": 0.7516918271733473, "train_recall": 0.9996300863131936, "train_precision": 0.9998766650222003, "train_roc": 0.9999999973499931, "train_f1": 0.9997533604636824, "train_dev_recall": 0.62, "train_dev_precision": 1.0, "train_dev_roc": 0.9993999526494252, "train_dev_f1": 0.7654320987654321, "cm": [[1083402, 5], [949, 1444]], "cm_normalized": [[0.9999953849292095, 4.615070790570856e-06], [0.39657333890514, 0.60342666109486]]}