{"task_id": "TaskEvaluateGradientBoostingClassifier_True_final_dataset_0_1_58d57facd8", "input_src_path": "final_dataset", "max_vocab_size": 100000, "problem_type": "RETURN_NULL", "window_size": 20, "step_size": 3, "encode_type": true, "test_split_percentage": 0.2, "train_dev_split_percentage": 0.1, "oversampling_enabled": false, "ratio_after_oversampling": 0.5, "undersampling_enabled": true, "ratio_after_undersampling": 0.5, "n_estimators": 100, "learning_rate": 0.1, "subsample": 1.0, "recall": 0.9720016715419975, "precision": 0.09003290110315464, "roc": 0.9962117410308425, "f1": 0.1648009069009494, "train_recall": 0.9742293464858199, "train_precision": 0.9610752949762803, "train_roc": 0.9970482849110793, "train_f1": 0.9676076174147327, "train_dev_recall": 0.9721739130434782, "train_dev_precision": 0.0869159605068802, "train_dev_roc": 0.9969501446600189, "train_dev_f1": 0.15956611717690716, "cm": [[1059898, 23509], [67, 2326]], "cm_normalized": [[0.978300860156894, 0.021699139843106053], [0.027998328458002507, 0.9720016715419975]]}