{"task_id": "TaskEvaluateGradientBoostingClassifier_True_second_large_dat_0_2_66fba3fbba", "input_src_path": "second_large_dataset", "max_vocab_size": 100000, "problem_type": "CONDITION_COMPARISON", "window_size": 20, "step_size": 3, "encode_type": true, "test_split_percentage": 0.2, "train_dev_split_percentage": 0.1, "oversampling_enabled": false, "ratio_after_oversampling": 0.5, "undersampling_enabled": true, "ratio_after_undersampling": 0.5, "n_estimators": 400, "learning_rate": 0.2, "subsample": 1, "recall": 0.9880999528524281, "precision": 0.7560025395359575, "roc": 0.9978042000547258, "f1": 0.8566079997384104, "train_recall": 0.9887361272155044, "train_precision": 0.9694097800689445, "train_roc": 0.9979860234399994, "train_f1": 0.9789775808478275, "train_dev_recall": 0.9881589863488951, "train_dev_precision": 0.7547017655021456, "train_dev_roc": 0.9978070280710003, "train_dev_f1": 0.8557945100344552, "cm": [[1021152, 16910], [631, 52394]], "cm_normalized": [[0.9837100288807412, 0.016289971119258773], [0.0119000471475719, 0.9880999528524281]]}