{"task_id": "TaskEvaluateRandomForest_False_final_dataset_sqrt_34c45338f5", "input_src_path": "final_dataset", "max_vocab_size": 100000, "problem_type": "CONDITION_COMPARISON_SIMPLE", "window_size": 20, "step_size": 3, "encode_type": false, "test_split_percentage": 0.2, "train_dev_split_percentage": 0.1, "oversampling_enabled": false, "ratio_after_oversampling": 0.5, "undersampling_enabled": true, "ratio_after_undersampling": 0.5, "n_trees_in_forest": 100, "max_features": "sqrt", "recall": 0.9672068437891223, "precision": 0.6826281170233655, "roc": 0.9979679441696405, "f1": 0.8003741007194246, "train_recall": 0.9999900231463006, "train_precision": 0.9999700700361155, "train_roc": 0.9999992872858298, "train_f1": 0.9999800464916744, "train_dev_recall": 0.9685508735868448, "train_dev_precision": 0.6855147665001697, "train_dev_roc": 0.9980766821090542, "train_dev_f1": 0.8028169014084506, "cm": [[1044113, 12931], [943, 27813]], "cm_normalized": [[0.987766829006172, 0.012233170993828072], [0.03279315621087773, 0.9672068437891223]]}