{"task_id": "TaskEvaluateRandomForest_balanced_False_final_dataset_9ab05b7652", "input_src_path": "final_dataset", "max_vocab_size": 100000, "problem_type": "RETURN_NULL", "window_size": 20, "step_size": 3, "encode_type": false, "test_split_percentage": 0.2, "train_dev_split_percentage": 0.1, "oversampling_enabled": false, "ratio_after_oversampling": 0.5, "undersampling_enabled": false, "ratio_after_undersampling": 0.5, "n_trees_in_forest": 100, "max_features": "sqrt", "class_weight": "balanced", "recall": 0.5712494776431258, "precision": 0.9985390796201608, "roc": 0.9976380090836712, "f1": 0.7267410951621479, "train_recall": 0.9997533908754624, "train_precision": 0.9998766802318412, "train_roc": 0.9999999974150239, "train_f1": 0.9998150317528824, "train_dev_recall": 0.5826086956521739, "train_dev_precision": 0.9985096870342772, "train_dev_roc": 0.9985072386188077, "train_dev_f1": 0.7358594179022515, "cm": [[1083405, 2], [1026, 1367]], "cm_normalized": [[0.9999981539716838, 1.8460283162283427e-06], [0.4287505223568742, 0.5712494776431258]]}