{"task_id": "TaskEvaluateGradientBoostingClassifier_True_second_large_dat_0_2_5888234ef6", "input_src_path": "second_large_dataset", "max_vocab_size": 100000, "problem_type": "CONDITION_COMPARISON_SIMPLE", "window_size": 20, "step_size": 3, "encode_type": true, "test_split_percentage": 0.2, "train_dev_split_percentage": 0.1, "oversampling_enabled": true, "ratio_after_oversampling": 0.5, "undersampling_enabled": false, "ratio_after_undersampling": 0.5, "n_estimators": 400, "learning_rate": 0.2, "subsample": 1, "recall": 0.9921405772728833, "precision": 0.6776530157762723, "roc": 0.9978399340458421, "f1": 0.8052816312886512, "train_recall": 0.9923507760897305, "train_precision": 0.9743982421679928, "train_roc": 0.9978494956330533, "train_f1": 0.9832925735409398, "train_dev_recall": 0.9909524138407348, "train_dev_precision": 0.6715342132359824, "train_dev_roc": 0.9977541303274094, "train_dev_f1": 0.8005579578741806, "cm": [[1048199, 13751], [229, 28908]], "cm_normalized": [[0.98705117943406, 0.012948820565940017], [0.007859422727116724, 0.9921405772728833]]}