{"task_id": "TaskEvaluateRandomForest_balanced_True_final_dataset_de26174df3", "input_src_path": "final_dataset", "max_vocab_size": 100000, "problem_type": "CONDITION_COMPARISON_SIMPLE", "window_size": 20, "step_size": 3, "encode_type": true, "test_split_percentage": 0.2, "train_dev_split_percentage": 0.1, "oversampling_enabled": false, "ratio_after_oversampling": 0.5, "undersampling_enabled": false, "ratio_after_undersampling": 0.5, "n_trees_in_forest": 100, "max_features": "sqrt", "class_weight": "balanced", "recall": 0.8547433579079149, "precision": 0.9870687924179752, "roc": 0.9987254467808917, "f1": 0.9161525989153326, "train_recall": 0.9999501157315029, "train_precision": 0.999621004338503, "train_roc": 0.999998741241134, "train_f1": 0.9997855329506178, "train_dev_recall": 0.8520726276121959, "train_dev_precision": 0.9870624652750218, "train_dev_roc": 0.998872700559718, "train_dev_f1": 0.9146135176877253, "cm": [[1056722, 322], [4177, 24579]], "cm_normalized": [[0.9996953769190308, 0.00030462308096919333], [0.14525664209208514, 0.8547433579079149]]}