{"task_id": "TaskEvaluateRandomForest_True_final_dataset_sqrt_dd69053afb", "input_src_path": "final_dataset", "max_vocab_size": 100000, "problem_type": "RETURN_NULL", "window_size": 20, "step_size": 3, "encode_type": true, "test_split_percentage": 0.2, "train_dev_split_percentage": 0.1, "oversampling_enabled": true, "ratio_after_oversampling": 1.0, "undersampling_enabled": false, "ratio_after_undersampling": 0.5, "n_trees_in_forest": 100, "max_features": "sqrt", "recall": 0.7028834099456749, "precision": 0.9899941141848146, "roc": 0.9991742508212968, "f1": 0.8220918866080157, "train_recall": 1.0, "train_precision": 0.9999997362999936, "train_roc": 0.9999999999832762, "train_f1": 0.9999998681499793, "train_dev_recall": 0.7095652173913043, "train_dev_precision": 0.9963369963369964, "train_dev_roc": 0.9989443389980136, "train_dev_f1": 0.8288471305231081, "cm": [[1083390, 17], [711, 1682]], "cm_normalized": [[0.9999843087593121, 1.569124068794091e-05], [0.2971165900543251, 0.7028834099456749]]}