{"task_id": "TaskEvaluateRandomForest_False_final_dataset_sqrt_e4ee3aa5a0", "input_src_path": "final_dataset", "max_vocab_size": 100000, "problem_type": "CONDITION_COMPARISON_SIMPLE", "window_size": 20, "step_size": 3, "encode_type": false, "test_split_percentage": 0.2, "train_dev_split_percentage": 0.1, "oversampling_enabled": true, "ratio_after_oversampling": 0.5, "undersampling_enabled": false, "ratio_after_undersampling": 0.5, "n_trees_in_forest": 100, "max_features": "sqrt", "recall": 0.8877103908749479, "precision": 0.9725312404754648, "roc": 0.9989630064146755, "f1": 0.9281870409424768, "train_recall": 1.0, "train_precision": 0.9999794602366398, "train_roc": 0.9999999987004836, "train_f1": 0.9999897300128484, "train_dev_recall": 0.8848920863309353, "train_dev_precision": 0.9726615454134658, "train_dev_roc": 0.9990473237403004, "train_dev_f1": 0.9267032612205361, "cm": [[1056323, 721], [3229, 25527]], "cm_normalized": [[0.9993179091882647, 0.0006820908117353677], [0.11228960912505216, 0.8877103908749479]]}